{
"type": "FeatureCollection",
"name": "context_boundaries",
"crs": { "type": "name", "properties": { "name": "urn:ogc:def:crs:OGC:1.3:CRS84" } },
"features": [
{ "type": "Feature", "properties": { "suburb": "Aberfeldie" }, "geometry": { "type": "Polygon", "coordinates": [ [ [ 144.903569612000069, -37.764869382999962 ], [ 144.893426304000059, -37.765631321999933 ], [ 144.888951365000025, -37.761891301999981 ], [ 144.889971326000023, -37.756701871999951 ], [ 144.889089666000018, -37.755545281999957 ], [ 144.889482076000036, -37.753921691999949 ], [ 144.907328353000025, -37.755971872999964 ], [ 144.906411072000083, -37.760584112999936 ], [ 144.903821353000012, -37.759929882999984 ], [ 144.905015962000107, -37.76168684299995 ], [ 144.904841822000094, -37.762577342999975 ], [ 144.903341743000055, -37.762396552999974 ], [ 144.903569612000069, -37.764869382999962 ] ] ] } },
{ "type": "Feature", "properties": { "suburb": "Aintree" }, "geometry": { "type": "Polygon", "coordinates": [ [ [ 144.671793757000046, -37.726276636999955 ], [ 144.669161527000028, -37.728321576999974 ], [ 144.671385306000047, -37.731271146999973 ], [ 144.670910006000099, -37.734976826999969 ], [ 144.645995992000053, -37.720424814999944 ], [ 144.648384003000047, -37.707188394999946 ], [ 144.656474151000111, -37.708588735999967 ], [ 144.657743002000075, -37.700109485999974 ], [ 144.660327091000113, -37.701505585999939 ], [ 144.660371441000052, -37.702416635999953 ], [ 144.661356791000117, -37.701571075999937 ], [ 144.662744521000036, -37.702378095999961 ], [ 144.664041001000101, -37.701770815999964 ], [ 144.665430270000115, -37.704404846999978 ], [ 144.670168079000064, -37.707697706999966 ], [ 144.673703178000096, -37.708297806999951 ], [ 144.67547601800004, -37.710803816999942 ], [ 144.679459807000057, -37.712742727999967 ], [ 144.679055536000078, -37.715960877999976 ], [ 144.681669356000043, -37.718649487999983 ], [ 144.678717945000017, -37.725668647999953 ], [ 144.676706136000121, -37.725645586999974 ], [ 144.675408936000053, -37.728416056999947 ], [ 144.671793757000046, -37.726276636999955 ] ] ] } },
{ "type": "Feature", "properties": { "suburb": "Airport West" }, "geometry": { "type": "Polygon", "coordinates": [ [ [ 144.870387333000053, -37.721310090999964 ], [ 144.88846581100006, -37.710771711999939 ], [ 144.891876960000104, -37.715664831999959 ], [ 144.889419698000097, -37.73450029199995 ], [ 144.883254959000055, -37.734066840999958 ], [ 144.874498071000062, -37.730234550999967 ], [ 144.864156083000012, -37.727862989999949 ], [ 144.870387333000053, -37.721310090999964 ] ] ] } },
{ "type": "Feature", "properties": { "suburb": "Albanvale" }, "geometry": { "type": "Polygon", "coordinates": [ [ [ 144.76272821900011, -37.740096262999941 ], [ 144.779451136000034, -37.741940693999936 ], [ 144.778075996000098, -37.750340823999977 ], [ 144.774046976000022, -37.749755833999984 ], [ 144.771132127000101, -37.751855413999976 ], [ 144.756945969000071, -37.750453812999979 ], [ 144.757316369000023, -37.748098762999973 ], [ 144.759177939000097, -37.74762455299998 ], [ 144.760817490000022, -37.741626822999933 ], [ 144.76272821900011, -37.740096262999941 ] ] ] } },
{ "type": "Feature", "properties": { "suburb": "Albion" }, "geometry": { "type": "Polygon", "coordinates": [ [ [ 144.815899257000069, -37.765879656999971 ], [ 144.827920864000021, -37.78182813799998 ], [ 144.827341963000094, -37.785357827999974 ], [ 144.815355806000071, -37.784108386999947 ], [ 144.81222195600003, -37.78183583699996 ], [ 144.808615497000119, -37.781182376999936 ], [ 144.808989557000018, -37.778867456999933 ], [ 144.80637096800001, -37.777576816999954 ], [ 144.807748628000013, -37.773012666999932 ], [ 144.80556811800011, -37.772182955999938 ], [ 144.80532787900006, -37.770184775999951 ], [ 144.806479999000089, -37.769185825999955 ], [ 144.806276259000015, -37.76819319599997 ], [ 144.811932548000073, -37.768486326999948 ], [ 144.815899257000069, -37.765879656999971 ] ] ] } },
{ "type": "Feature", "properties": { "suburb": "Alphington" }, "geometry": { "type": "Polygon", "coordinates": [ [ [ 145.027425411000081, -37.766217501999961 ], [ 145.031632, -37.767314051999961 ], [ 145.032275669000114, -37.770641441999942 ], [ 145.036841929000047, -37.77063874199996 ], [ 145.036818168000082, -37.772558171999947 ], [ 145.034103409000068, -37.772603441999934 ], [ 145.035940858000117, -37.775051711999936 ], [ 145.0344860780001, -37.778904801999943 ], [ 145.038638677000108, -37.779433711999957 ], [ 145.03703705700002, -37.782238671999949 ], [ 145.04020252600003, -37.784208682999974 ], [ 145.040596356000037, -37.785396492999951 ], [ 145.045250216000113, -37.784057462999954 ], [ 145.043131316000085, -37.786948492999954 ], [ 145.041260366000074, -37.786088502999974 ], [ 145.041726356000026, -37.788207522999983 ], [ 145.040876386000036, -37.789658532999965 ], [ 145.031899427000099, -37.789920621999954 ], [ 145.028195408000101, -37.786886591999973 ], [ 145.020277800000031, -37.786740290999944 ], [ 145.020927060000076, -37.782697930999973 ], [ 145.019146110000065, -37.783059360999971 ], [ 145.019760701000109, -37.779157580999936 ], [ 145.025085060000038, -37.779159400999959 ], [ 145.027425411000081, -37.766217501999961 ] ] ] } },
{ "type": "Feature", "properties": { "suburb": "Altona Meadows" }, "geometry": { "type": "Polygon", "coordinates": [ [ [ 144.753640146000066, -37.87599707399994 ], [ 144.754805007000073, -37.869553853999946 ], [ 144.771521974000052, -37.867725814999972 ], [ 144.774602974000118, -37.866291824999962 ], [ 144.776760414000023, -37.863116074999937 ], [ 144.789516502000083, -37.859987825999951 ], [ 144.791586970000026, -37.870341825999958 ], [ 144.788761431000012, -37.870019525999965 ], [ 144.788360861000115, -37.873958555999934 ], [ 144.797600009000121, -37.875669626999979 ], [ 144.799092968000082, -37.879502826999953 ], [ 144.805213947000084, -37.880465826999966 ], [ 144.808322836000116, -37.881942626999944 ], [ 144.80748289600001, -37.884743876999948 ], [ 144.807493916000112, -37.887437906999935 ], [ 144.808179866000046, -37.884629866999944 ], [ 144.808562856000094, -37.885529886999961 ], [ 144.807641965000016, -37.891270956999961 ], [ 144.804508616000021, -37.89433708699994 ], [ 144.80124416600006, -37.894945016999941 ], [ 144.798924226000054, -37.89915508699994 ], [ 144.796760256000084, -37.899646086999951 ], [ 144.791686347000109, -37.898551095999949 ], [ 144.786468458000058, -37.900021115999948 ], [ 144.781424529000105, -37.89946615599996 ], [ 144.780397529000084, -37.898807165999983 ], [ 144.780777530000023, -37.894128095999974 ], [ 144.777783540000087, -37.892332114999931 ], [ 144.773322592000113, -37.885290974999975 ], [ 144.770223633000114, -37.883997914999952 ], [ 144.767245703000071, -37.884697944999971 ], [ 144.764976974000092, -37.882031833999974 ], [ 144.765562364000061, -37.877206643999955 ], [ 144.76329096500001, -37.873148833999949 ], [ 144.760302965000051, -37.874445833999971 ], [ 144.756378966000057, -37.874192823999977 ], [ 144.753640146000066, -37.87599707399994 ] ] ] } },
{ "type": "Feature", "properties": { "suburb": "Altona North" }, "geometry": { "type": "Polygon", "coordinates": [ [ [ 144.86741801200003, -37.825907180999934 ], [ 144.86398095100003, -37.843036090999931 ], [ 144.861573951000082, -37.842773840999939 ], [ 144.860990941000068, -37.84639582099993 ], [ 144.863368370000103, -37.846652010999946 ], [ 144.863056990000018, -37.848490520999974 ], [ 144.854995162000023, -37.848342579999951 ], [ 144.85294039200005, -37.852387139999962 ], [ 144.841069284000014, -37.849195778999956 ], [ 144.834873955000035, -37.850118948999977 ], [ 144.789041064000116, -37.844842615999937 ], [ 144.789364594000062, -37.842794605999984 ], [ 144.811478811000029, -37.832460476999984 ], [ 144.822109940000018, -37.82572382799998 ], [ 144.86709144200006, -37.824172240999985 ], [ 144.869714402000113, -37.826127170999939 ], [ 144.86741801200003, -37.825907180999934 ] ] ] } },
{ "type": "Feature", "properties": { "suburb": "Ardeer" }, "geometry": { "type": "Polygon", "coordinates": [ [ [ 144.808989557000018, -37.778867456999933 ], [ 144.808615497000119, -37.781182376999936 ], [ 144.81222195600003, -37.78183583699996 ], [ 144.815355806000071, -37.784108386999947 ], [ 144.790606180000054, -37.781519114999981 ], [ 144.793456470000024, -37.777876015999936 ], [ 144.794038971000077, -37.770159835999948 ], [ 144.80057123000006, -37.76695605599997 ], [ 144.805848259000072, -37.76729712599996 ], [ 144.806479999000089, -37.769185825999955 ], [ 144.80532787900006, -37.770184775999951 ], [ 144.80556811800011, -37.772182955999938 ], [ 144.807748628000013, -37.773012666999932 ], [ 144.80637096800001, -37.777576816999954 ], [ 144.808989557000018, -37.778867456999933 ] ] ] } },
{ "type": "Feature", "properties": { "suburb": "Arthurs Creek" }, "geometry": { "type": "Polygon", "coordinates": [ [ [ 145.236903928000061, -37.548236864999978 ], [ 145.245003937000092, -37.549277854999957 ], [ 145.245103917000051, -37.551062844999933 ], [ 145.243755927000052, -37.553238854999961 ], [ 145.240014897000037, -37.553850854999951 ], [ 145.238921907000076, -37.558007854999971 ], [ 145.247769905000041, -37.559090844999957 ], [ 145.247329895000121, -37.564348864999943 ], [ 145.248417925000012, -37.56255985599995 ], [ 145.251014904000044, -37.563517865999984 ], [ 145.251428924000038, -37.562568845999976 ], [ 145.253476904000081, -37.563317835999953 ], [ 145.252746904000105, -37.564335855999957 ], [ 145.256153923000056, -37.56516785599996 ], [ 145.257041923000088, -37.568937865999942 ], [ 145.259219912000049, -37.571195865999982 ], [ 145.255766913000116, -37.57087886599993 ], [ 145.25493292200008, -37.575498845999959 ], [ 145.257632932000092, -37.577408865999985 ], [ 145.258396911000091, -37.581450855999947 ], [ 145.261790900000051, -37.584201856999982 ], [ 145.255078921000063, -37.585312855999973 ], [ 145.243818894000015, -37.580058854999947 ], [ 145.239879924000093, -37.579457844999979 ], [ 145.234633925000026, -37.58362985499997 ], [ 145.228909916000021, -37.58433086399998 ], [ 145.224343916000066, -37.586353853999981 ], [ 145.225065596000036, -37.590798593999978 ], [ 145.226489055000116, -37.590688923999949 ], [ 145.226510815000097, -37.592012873999977 ], [ 145.219994907000114, -37.591253853999945 ], [ 145.219595886000093, -37.593192863999946 ], [ 145.20965693800008, -37.592022862999954 ], [ 145.206642919000046, -37.594014852999976 ], [ 145.206771938000088, -37.594762862999971 ], [ 145.201721909000071, -37.596217851999938 ], [ 145.197579350000069, -37.599294341999951 ], [ 145.19443195000008, -37.598963861999948 ], [ 145.194870900000069, -37.59644885199998 ], [ 145.192291921000106, -37.596196851999935 ], [ 145.194729941000105, -37.591991851999978 ], [ 145.193512921000092, -37.590967841999941 ], [ 145.195460922000052, -37.582729851999943 ], [ 145.17318892600008, -37.580060849999938 ], [ 145.173411936000093, -37.57891184999994 ], [ 145.171835936000093, -37.578722859999971 ], [ 145.172614926000051, -37.575291849999985 ], [ 145.176037926000049, -37.570120860999964 ], [ 145.144035902000041, -37.572597617999975 ], [ 145.144442802000071, -37.570285037999952 ], [ 145.149464692000038, -37.565288708999958 ], [ 145.164995150000095, -37.557993089999968 ], [ 145.16889247000006, -37.551311539999972 ], [ 145.166937640000015, -37.548219059999951 ], [ 145.175247520000084, -37.54305340999997 ], [ 145.180061439000042, -37.536388730999931 ], [ 145.215275933000044, -37.540590842999961 ], [ 145.216409923000015, -37.534764842999948 ], [ 145.223386932000039, -37.535587853999971 ], [ 145.223372912000059, -37.537386853999976 ], [ 145.22245293200001, -37.538078863999942 ], [ 145.22341193200009, -37.539724863999936 ], [ 145.223090912000089, -37.540846853999938 ], [ 145.221373922000112, -37.541512853999961 ], [ 145.22147692100009, -37.544425863999948 ], [ 145.225941311000042, -37.54491070399996 ], [ 145.22697491100007, -37.539321853999979 ], [ 145.238933919000033, -37.537354844999982 ], [ 145.236903928000061, -37.548236864999978 ] ] ] } },
{ "type": "Feature", "properties": { "suburb": "Ashwood" }, "geometry": { "type": "Polygon", "coordinates": [ [ [ 145.107763895000062, -37.872862847999954 ], [ 145.091789198000015, -37.874405986999932 ], [ 145.093749579000018, -37.86086914699996 ], [ 145.099025428000118, -37.861460186999977 ], [ 145.099195698000017, -37.860538216999942 ], [ 145.101559917000031, -37.860794856999973 ], [ 145.103837847000023, -37.85699221699997 ], [ 145.107716187000051, -37.857779817999983 ], [ 145.107231287000104, -37.860430037999947 ], [ 145.113003645000049, -37.861070837999932 ], [ 145.110684914000103, -37.873498837999932 ], [ 145.107763895000062, -37.872862847999954 ] ] ] } },
{ "type": "Feature", "properties": { "suburb": "Aspendale" }, "geometry": { "type": "Polygon", "coordinates": [ [ [ 145.100641341000028, -38.013577047999945 ], [ 145.110014868000121, -38.02198784899997 ], [ 145.118439616000046, -38.029541768999934 ], [ 145.104153298000028, -38.034949007999955 ], [ 145.092751062000048, -38.01738195799993 ], [ 145.086292864000029, -38.01090699699995 ], [ 145.084517064000011, -38.011292996999941 ], [ 145.088081834000036, -38.009189016999983 ], [ 145.091609933000086, -38.010986006999929 ], [ 145.098323992000019, -38.010354997999968 ], [ 145.10339599100007, -38.01185894799994 ], [ 145.100641341000028, -38.013577047999945 ] ] ] } },
{ "type": "Feature", "properties": { "suburb": "Aspendale Gardens" }, "geometry": { "type": "Polygon", "coordinates": [ [ [ 145.137321714000109, -38.021307680999939 ], [ 145.123118875000046, -38.033779849999974 ], [ 145.100641341000028, -38.013577047999945 ], [ 145.103447311000082, -38.012023157999977 ], [ 145.137321714000109, -38.021307680999939 ] ] ] } },
{ "type": "Feature", "properties": { "suburb": "Attwood" }, "geometry": { "type": "Polygon", "coordinates": [ [ [ 144.89940621300002, -37.675671531999967 ], [ 144.885972025000115, -37.673882290999984 ], [ 144.885191035000048, -37.674885320999977 ], [ 144.883391046000042, -37.674449310999933 ], [ 144.881078106000018, -37.675924350999935 ], [ 144.879592126000034, -37.675674360999949 ], [ 144.877756137000119, -37.674345340999935 ], [ 144.876635117000092, -37.674676360999968 ], [ 144.876488127000016, -37.673095320999948 ], [ 144.874732117000121, -37.671309360999942 ], [ 144.870845118000034, -37.672023519999982 ], [ 144.866465959000038, -37.670123829999966 ], [ 144.864717969000026, -37.670993829999929 ], [ 144.862816980000048, -37.67047182999994 ], [ 144.85987797000007, -37.666192838999962 ], [ 144.869174769000097, -37.666194079999968 ], [ 144.8706908690001, -37.658329759999958 ], [ 144.906887623000102, -37.662014702999954 ], [ 144.905499562000045, -37.668925032999937 ], [ 144.900850673000036, -37.668331071999944 ], [ 144.89940621300002, -37.675671531999967 ] ] ] } },
{ "type": "Feature", "properties": { "suburb": "Avondale Heights" }, "geometry": { "type": "Polygon", "coordinates": [ [ [ 144.870613658000025, -37.765973440999971 ], [ 144.874522627000033, -37.769852500999946 ], [ 144.874037617000113, -37.771434540999962 ], [ 144.871680597000022, -37.772715560999984 ], [ 144.865131618000078, -37.772290599999963 ], [ 144.864533638000012, -37.773851629999967 ], [ 144.860663619000093, -37.776127699999961 ], [ 144.857769679000057, -37.775762709999981 ], [ 144.85265873000003, -37.773215689999972 ], [ 144.851066741000068, -37.769065599999976 ], [ 144.854097711, -37.765366469999947 ], [ 144.853893671000037, -37.762550379999936 ], [ 144.84932862200003, -37.761155368999937 ], [ 144.848360602000071, -37.759885358999952 ], [ 144.849613283000053, -37.754701918999956 ], [ 144.847688204000065, -37.749748138999962 ], [ 144.879712968000035, -37.75283183099998 ], [ 144.877803948000064, -37.754011840999965 ], [ 144.87713493800004, -37.755977830999939 ], [ 144.882132297000112, -37.755865201999939 ], [ 144.877881577000039, -37.759397280999963 ], [ 144.872696608000069, -37.761924320999981 ], [ 144.870613658000025, -37.765973440999971 ] ] ] } },
{ "type": "Feature", "properties": { "suburb": "Avonsleigh" }, "geometry": { "type": "Polygon", "coordinates": [ [ [ 145.470643067000083, -37.921528192999972 ], [ 145.466807567000046, -37.921251532999975 ], [ 145.468950557000085, -37.919584012999962 ], [ 145.470391617000018, -37.916281352999931 ], [ 145.468491898000025, -37.911834822999936 ], [ 145.470517799000049, -37.901121252999985 ], [ 145.471993789000066, -37.901298242999985 ], [ 145.473830718000045, -37.899970202999953 ], [ 145.479667617000018, -37.900657123999963 ], [ 145.481597547000092, -37.898413093999977 ], [ 145.489720446000092, -37.89937899499995 ], [ 145.489935426000102, -37.898279004999949 ], [ 145.497822384000074, -37.900351914999931 ], [ 145.50029332400004, -37.899548864999929 ], [ 145.503220333000058, -37.900789824999947 ], [ 145.505705283000111, -37.899621795999963 ], [ 145.510891862000108, -37.900833875999979 ], [ 145.503825942000049, -37.907145905999982 ], [ 145.502270743000054, -37.90694792499994 ], [ 145.499903723000102, -37.90836685499994 ], [ 145.49834674300007, -37.911308874999975 ], [ 145.497018653000055, -37.911413894999953 ], [ 145.494050833000074, -37.914340874999937 ], [ 145.493370843000093, -37.916796874999932 ], [ 145.489991853000106, -37.91914987499996 ], [ 145.491625082000041, -37.926113124999972 ], [ 145.490331812000022, -37.927631884999983 ], [ 145.488209813000026, -37.927361874999974 ], [ 145.487995853000029, -37.926419874999965 ], [ 145.481676824000033, -37.927376883999955 ], [ 145.478974845000039, -37.926880873999949 ], [ 145.476526565000086, -37.927434583999968 ], [ 145.476400895000097, -37.928885333999972 ], [ 145.474948965000067, -37.929201423999984 ], [ 145.469203796000102, -37.928439892999961 ], [ 145.470643067000083, -37.921528192999972 ] ] ] } },
{ "type": "Feature", "properties": { "suburb": "Badger Creek" }, "geometry": { "type": "Polygon", "coordinates": [ [ [ 145.547219969000025, -37.696663106999949 ], [ 145.549132568000118, -37.700985886999945 ], [ 145.544627699000102, -37.700107326999955 ], [ 145.544454798000061, -37.702450626999962 ], [ 145.541505339000082, -37.703789966999977 ], [ 145.522192872000119, -37.705501885999979 ], [ 145.52246884200008, -37.702846875999967 ], [ 145.519482853000113, -37.698744874999932 ], [ 145.5181288550001, -37.685420874999977 ], [ 145.515172866000057, -37.681570874999977 ], [ 145.514383876000011, -37.678469864999954 ], [ 145.517280226000025, -37.679159624999954 ], [ 145.518878855000025, -37.678273884999953 ], [ 145.522831875000065, -37.679184874999976 ], [ 145.523192865000055, -37.680044865999946 ], [ 145.531335863000095, -37.676843865999956 ], [ 145.529117864000114, -37.673287875999961 ], [ 145.530674374000114, -37.67211909599996 ], [ 145.531197854000084, -37.67320987599993 ], [ 145.537269563000109, -37.670415325999954 ], [ 145.542628891000049, -37.678329916999985 ], [ 145.546755871000073, -37.676505486999929 ], [ 145.551777899000058, -37.683352187999958 ], [ 145.557778578000011, -37.683788217999961 ], [ 145.561486827000067, -37.686113887999966 ], [ 145.552131768000095, -37.691064947999962 ], [ 145.552740298000117, -37.69189653799998 ], [ 145.551206968000088, -37.692114047999951 ], [ 145.55067413800009, -37.693731727999932 ], [ 145.551983868000093, -37.69691090799995 ], [ 145.55041699800006, -37.695989297999972 ], [ 145.547219969000025, -37.696663106999949 ] ] ] } },
{ "type": "Feature", "properties": { "suburb": "Bangholme" }, "geometry": { "type": "Polygon", "coordinates": [ [ [ 145.150275626000052, -38.067286341999932 ], [ 145.13776577200008, -38.032338660999983 ], [ 145.133521734000055, -38.025366659999975 ], [ 145.137321714000109, -38.021307680999939 ], [ 145.178383875, -38.032787863999943 ], [ 145.183510704000014, -38.031802033999952 ], [ 145.187481863000016, -38.036482843999977 ], [ 145.210462409000115, -38.039198375999945 ], [ 145.20678086700002, -38.057237855999972 ], [ 145.194733498000119, -38.072131274999947 ], [ 145.150275626000052, -38.067286341999932 ] ] ] } },
{ "type": "Feature", "properties": { "suburb": "Baxter" }, "geometry": { "type": "Polygon", "coordinates": [ [ [ 145.143580532000101, -38.204025061999971 ], [ 145.141867928021014, -38.204685381599937 ], [ 145.11881025321307, -38.204685381599937 ], [ 145.128949835000071, -38.199983030999931 ], [ 145.133539715000097, -38.195654970999954 ], [ 145.139667734000113, -38.197263901999975 ], [ 145.148000533000072, -38.194059761999938 ], [ 145.152393342000096, -38.194465632999936 ], [ 145.159067882000045, -38.181557572999964 ], [ 145.181822416000045, -38.199051204999932 ], [ 145.19673587300008, -38.199535375999972 ], [ 145.19674143675735, -38.204685381599937 ], [ 145.171864731580996, -38.204685381599937 ], [ 145.163504999000111, -38.203345853999963 ], [ 145.163161369641529, -38.204685381599937 ], [ 145.14398148061224, -38.204685381599937 ], [ 145.143580532000101, -38.204025061999971 ] ] ] } },
{ "type": "Feature", "properties": { "suburb": "Bayles" }, "geometry": { "type": "Polygon", "coordinates": [ [ [ 145.581126756000117, -38.202354872999933 ], [ 145.553375812000013, -38.191975870999954 ], [ 145.549148783000078, -38.188219869999955 ], [ 145.544907814000112, -38.186082879999958 ], [ 145.555740802000059, -38.182532880999929 ], [ 145.555807703000028, -38.177683750999961 ], [ 145.536245786000109, -38.177220879999936 ], [ 145.544161796000026, -38.166050879999943 ], [ 145.541742797000097, -38.164987889999963 ], [ 145.559173804000011, -38.161121890999937 ], [ 145.557489805000046, -38.156394880999983 ], [ 145.576974632000088, -38.152070841999944 ], [ 145.578698821000103, -38.156818881999982 ], [ 145.58390908380008, -38.159953847357691 ], [ 145.58390908380008, -38.201210609512557 ], [ 145.581126756000117, -38.202354872999933 ] ] ] } },
{ "type": "Feature", "properties": { "suburb": "Bayswater" }, "geometry": { "type": "Polygon", "coordinates": [ [ [ 145.287271918000101, -37.833548209999947 ], [ 145.286174616000039, -37.851827819999983 ], [ 145.277672938000023, -37.85113784899994 ], [ 145.279993457000046, -37.854191239999977 ], [ 145.269207889000086, -37.852497858999982 ], [ 145.267646969000111, -37.853463958999953 ], [ 145.268018389000076, -37.855730798999957 ], [ 145.266618869000013, -37.859571868999979 ], [ 145.263407900000061, -37.858455857999957 ], [ 145.262650630000053, -37.858991017999983 ], [ 145.262355890000094, -37.858184867999967 ], [ 145.252118302000099, -37.855550517999973 ], [ 145.248654893000094, -37.853579866999951 ], [ 145.248226383000087, -37.854274336999936 ], [ 145.243653994000056, -37.852739606999933 ], [ 145.246296844000085, -37.847683596999957 ], [ 145.245298864000119, -37.847368856999935 ], [ 145.24710816400011, -37.843599596999979 ], [ 145.240527365000048, -37.845187816999953 ], [ 145.240509265000014, -37.844538006999983 ], [ 145.238437885000053, -37.84482384699993 ], [ 145.238292906000083, -37.83868027699998 ], [ 145.250541464000094, -37.837673916999961 ], [ 145.25659272300004, -37.835784987999943 ], [ 145.26723934100005, -37.837020238999969 ], [ 145.269821271000069, -37.835886338999956 ], [ 145.278949449000038, -37.83573268899994 ], [ 145.281474479000053, -37.833029008999972 ], [ 145.287271918000101, -37.833548209999947 ] ] ] } },
{ "type": "Feature", "properties": { "suburb": "Bayswater North" }, "geometry": { "type": "Polygon", "coordinates": [ [ [ 145.278475901000093, -37.819329848999985 ], [ 145.278308871000036, -37.821769858999971 ], [ 145.287363870000036, -37.818888869999967 ], [ 145.292265379000014, -37.819440499999985 ], [ 145.301532838000071, -37.815206150999984 ], [ 145.301686978000021, -37.814386670999966 ], [ 145.305533167000021, -37.814863120999973 ], [ 145.301249665000114, -37.837904130999959 ], [ 145.293526927000016, -37.834047709999936 ], [ 145.281627489000016, -37.833020089999934 ], [ 145.278758989000039, -37.835775628999954 ], [ 145.269821271000069, -37.835886338999956 ], [ 145.267117681000059, -37.837028878999945 ], [ 145.261538402000042, -37.836002607999944 ], [ 145.258547963000069, -37.836577527999964 ], [ 145.25955809300001, -37.832620707999979 ], [ 145.262201613000116, -37.832614887999966 ], [ 145.262208293000072, -37.831037537999975 ], [ 145.26402745300004, -37.83065569799993 ], [ 145.264968783000086, -37.821660297999983 ], [ 145.264415884000073, -37.820172327999956 ], [ 145.267780894000111, -37.816454857999929 ], [ 145.268488883000032, -37.816529857999967 ], [ 145.268275903000017, -37.818279867999934 ], [ 145.278475901000093, -37.819329848999985 ] ] ] } },
{ "type": "Feature", "properties": { "suburb": "Beaconsfield" }, "geometry": { "type": "Polygon", "coordinates": [ [ [ 145.392666397000085, -38.041495878999967 ], [ 145.387342145000048, -38.065773337999929 ], [ 145.375963487000035, -38.064262037999981 ], [ 145.37656985700005, -38.06354745799996 ], [ 145.375176288000034, -38.061236706999978 ], [ 145.37625201700007, -38.061033677999944 ], [ 145.375182788000075, -38.060668986999929 ], [ 145.375245788000029, -38.05952022699995 ], [ 145.372351848000108, -38.060717856999929 ], [ 145.368545849000043, -38.060309856999936 ], [ 145.359204841000064, -38.052381865999962 ], [ 145.359515861000091, -38.051074865999965 ], [ 145.360552751000114, -38.048867775999952 ], [ 145.364710211000101, -38.050349816999983 ], [ 145.364316191000057, -38.049560916999951 ], [ 145.36640275100001, -38.04846282699998 ], [ 145.366408191000119, -38.045801346999951 ], [ 145.364788541000053, -38.044437396999967 ], [ 145.367059421000022, -38.040948186999969 ], [ 145.365928292000035, -38.038824996999949 ], [ 145.371905351, -38.033022156999948 ], [ 145.374558201000013, -38.028632776999984 ], [ 145.375963861000059, -38.028062366999961 ], [ 145.377758271000062, -38.028839396999956 ], [ 145.38430195, -38.021894737999958 ], [ 145.391124929000057, -38.02573844799997 ], [ 145.390954619000013, -38.026509507999947 ], [ 145.396508318000087, -38.027256318999946 ], [ 145.398341678000065, -38.018750718999968 ], [ 145.395128839000108, -38.018328868999959 ], [ 145.398115849000078, -38.016911858999947 ], [ 145.399800838000033, -38.014584868999975 ], [ 145.404199848000076, -38.01347986899998 ], [ 145.407675857000072, -38.016783878999945 ], [ 145.410470846000067, -38.018014869999945 ], [ 145.407451267000056, -38.018491108999967 ], [ 145.407697936000091, -38.021664268999984 ], [ 145.404867767000042, -38.022848748999934 ], [ 145.403997937000099, -38.025431828999956 ], [ 145.401525787000082, -38.027324808999936 ], [ 145.400655806000032, -38.034468878999974 ], [ 145.397599846000048, -38.03704586899994 ], [ 145.396782826000049, -38.039522878999946 ], [ 145.393832827000097, -38.039718868999955 ], [ 145.392666397000085, -38.041495878999967 ] ] ] } },
{ "type": "Feature", "properties": { "suburb": "Beaconsfield Upper" }, "geometry": { "type": "Polygon", "coordinates": [ [ [ 145.471242817000075, -38.003229873999942 ], [ 145.471217087000014, -38.005581373999973 ], [ 145.470041787000014, -38.005586593999965 ], [ 145.470020837000106, -38.007517883999981 ], [ 145.466014968000081, -38.007558723999978 ], [ 145.462953818000074, -38.011049882999941 ], [ 145.460697828000093, -38.009500872999979 ], [ 145.459049819000029, -38.011002872999939 ], [ 145.461288838000087, -38.013098862999982 ], [ 145.460318807000021, -38.01871287299997 ], [ 145.451809749000063, -38.017855662999978 ], [ 145.451255859000071, -38.020975872999941 ], [ 145.449083859000098, -38.020857871999965 ], [ 145.445441810000034, -38.023173871999973 ], [ 145.447303389000012, -38.025012971999956 ], [ 145.444066969000119, -38.026437311999985 ], [ 145.442285, -38.026141941999981 ], [ 145.438449911000021, -38.022350141999937 ], [ 145.433699732000036, -38.020920940999929 ], [ 145.431246313000088, -38.016354600999932 ], [ 145.426935294000032, -38.013283720999937 ], [ 145.424231454000051, -38.013272910999945 ], [ 145.424219844000049, -38.017290870999943 ], [ 145.422732834000044, -38.017309870999952 ], [ 145.422738814000013, -38.018586870999968 ], [ 145.420875854000087, -38.019582869999965 ], [ 145.418259105000061, -38.019810179999979 ], [ 145.4183184850001, -38.014869629999964 ], [ 145.413202826000088, -38.014830869999969 ], [ 145.413349856000082, -38.016181869999969 ], [ 145.410470846000067, -38.018014869999945 ], [ 145.407675857000072, -38.016783878999945 ], [ 145.404199848000076, -38.01347986899998 ], [ 145.40630980800006, -38.011060678999968 ], [ 145.402772848000041, -38.01100785899996 ], [ 145.401407708000079, -38.011964868999939 ], [ 145.400347899000053, -38.01066020899998 ], [ 145.400383889000068, -38.009373758999971 ], [ 145.402085629000112, -38.009837698999945 ], [ 145.400736839000047, -38.007569878999959 ], [ 145.402613859000098, -38.006920858999933 ], [ 145.399294840000039, -38.003577868999969 ], [ 145.392428461, -38.005947427999956 ], [ 145.390249441000037, -38.003590437999947 ], [ 145.39170386100011, -38.002768867999976 ], [ 145.390483852000102, -38.000857877999977 ], [ 145.381719693000036, -38.004438787999959 ], [ 145.380257353000047, -38.002581626999984 ], [ 145.378664383000114, -38.002784316999964 ], [ 145.37899879400004, -38.001835546999985 ], [ 145.377862664000077, -38.001258636999978 ], [ 145.379837234000092, -37.996897966999938 ], [ 145.377479265000034, -37.995220906999975 ], [ 145.37584881500004, -37.989637386999959 ], [ 145.379998535000027, -37.987560556999938 ], [ 145.380974145000096, -37.985230276999971 ], [ 145.382468485000118, -37.984563556999944 ], [ 145.382006615000023, -37.980584736999958 ], [ 145.379298316000018, -37.97661626699994 ], [ 145.3791877970001, -37.97455662699997 ], [ 145.379876477000039, -37.973750136999968 ], [ 145.383518956000103, -37.974659577999944 ], [ 145.384323566000035, -37.970614807999937 ], [ 145.386330186, -37.971465037999963 ], [ 145.388143875000083, -37.970938857999954 ], [ 145.388137845000074, -37.975418877999971 ], [ 145.393611864000036, -37.975404867999941 ], [ 145.39361584400001, -37.979128867999975 ], [ 145.400039842000069, -37.979107148999958 ], [ 145.403936832000113, -37.976182868999956 ], [ 145.407929821000039, -37.978905868999959 ], [ 145.414092850000088, -37.977626869999938 ], [ 145.418225849, -37.980636879999963 ], [ 145.425695868000048, -37.979053869999973 ], [ 145.433505847000106, -37.978698870999949 ], [ 145.441472845000021, -37.982970871999953 ], [ 145.440269845000103, -37.986321871999962 ], [ 145.445225844000106, -37.985476871999936 ], [ 145.445231833000094, -37.989728871999944 ], [ 145.451407852000102, -37.989730871999939 ], [ 145.451414822000061, -37.99166188199996 ], [ 145.466571849000047, -37.991678882999963 ], [ 145.471050829000092, -37.992740873999935 ], [ 145.471135838, -37.999526873999969 ], [ 145.473707847000014, -37.999528873999964 ], [ 145.473721827000077, -38.003698873999952 ], [ 145.471242817000075, -38.003229873999942 ] ] ] } },
{ "type": "Feature", "properties": { "suburb": "Beaumaris" }, "geometry": { "type": "Polygon", "coordinates": [ [ [ 145.051697042000114, -37.986806694999984 ], [ 145.043013253000026, -37.990988473999948 ], [ 145.038303404000089, -37.996402603999968 ], [ 145.034703444000115, -37.994896662999963 ], [ 145.030768495000075, -37.994581742999969 ], [ 145.026991477000024, -37.988041712999973 ], [ 145.023745457000018, -37.985723742999937 ], [ 145.025894318000041, -37.973836882999933 ], [ 145.031761587000119, -37.974397222999983 ], [ 145.031518897000069, -37.975413832999948 ], [ 145.034730896000042, -37.977614832999961 ], [ 145.036034057000052, -37.970198262999929 ], [ 145.05242777400008, -37.972207974999947 ], [ 145.052252094000096, -37.97310635499997 ], [ 145.054195943000082, -37.973359094999978 ], [ 145.051697042000114, -37.986806694999984 ] ] ] } },
{ "type": "Feature", "properties": { "suburb": "Beenak" }, "geometry": { "type": "Polygon", "coordinates": [ [ [ 145.575188641000068, -37.899079910999944 ], [ 145.57476857100005, -37.897415400999932 ], [ 145.58390908380008, -37.892099337645156 ], [ 145.58390908380008, -37.896724371379875 ], [ 145.576296051000099, -37.897538960999952 ], [ 145.575188641000068, -37.899079910999944 ] ] ] } },
{ "type": "Feature", "properties": { "suburb": "Belgrave" }, "geometry": { "type": "Polygon", "coordinates": [ [ [ 145.351309950000086, -37.898624534999954 ], [ 145.363404987000081, -37.901242305999972 ], [ 145.362171877000037, -37.904595855999958 ], [ 145.363017397000021, -37.905999845999929 ], [ 145.365082677000032, -37.906353355999954 ], [ 145.363820137000062, -37.90903545599997 ], [ 145.364005196000107, -37.911392905999946 ], [ 145.371873674000085, -37.914935895999974 ], [ 145.371194744000036, -37.917049875999965 ], [ 145.363412686000061, -37.918513815999972 ], [ 145.360603866000019, -37.918093015999943 ], [ 145.35964910600012, -37.918705404999969 ], [ 145.360974086000056, -37.921152745999962 ], [ 145.358713746000035, -37.923373674999937 ], [ 145.357091726000021, -37.923132344999942 ], [ 145.356491266000035, -37.922086244999946 ], [ 145.346310108000011, -37.920578104999947 ], [ 145.344892118000075, -37.921279143999982 ], [ 145.343295749000049, -37.919187783999973 ], [ 145.341575949000116, -37.919005863999985 ], [ 145.340036520000012, -37.917219793999948 ], [ 145.344043090000014, -37.913201373999982 ], [ 145.34271595000007, -37.912081753999985 ], [ 145.343433910000044, -37.910741893999955 ], [ 145.347412989000077, -37.909098054999959 ], [ 145.347587390000058, -37.907397364999952 ], [ 145.348471969000116, -37.907599644999948 ], [ 145.34987086000001, -37.903732874999946 ], [ 145.348666840000078, -37.903457144999948 ], [ 145.349397570000065, -37.901421704999962 ], [ 145.351815399000088, -37.901963844999955 ], [ 145.351309950000086, -37.898624534999954 ] ] ] } },
{ "type": "Feature", "properties": { "suburb": "Belgrave Heights" }, "geometry": { "type": "Polygon", "coordinates": [ [ [ 145.355950596000071, -37.926683324999942 ], [ 145.353126846, -37.930837864999944 ], [ 145.350592506000112, -37.930520814999966 ], [ 145.349074907000045, -37.931799844999944 ], [ 145.348797576000038, -37.933545064999976 ], [ 145.343521537000015, -37.932723273999954 ], [ 145.342116838000038, -37.931031373999929 ], [ 145.339886068000055, -37.931945723999945 ], [ 145.330574230000025, -37.929875723999942 ], [ 145.331821830000081, -37.923801853999976 ], [ 145.335834830000067, -37.923781853999969 ], [ 145.336511970000061, -37.921317933999944 ], [ 145.338372850000042, -37.920889903999978 ], [ 145.340087880000056, -37.918583913999953 ], [ 145.343295749000049, -37.919187783999973 ], [ 145.344892118000075, -37.921279143999982 ], [ 145.346310108000011, -37.920578104999947 ], [ 145.3563536260001, -37.922377834999963 ], [ 145.35490048600002, -37.925484394999955 ], [ 145.355950596000071, -37.926683324999942 ] ] ] } },
{ "type": "Feature", "properties": { "suburb": "Belgrave South" }, "geometry": { "type": "Polygon", "coordinates": [ [ [ 145.353383726000061, -37.929527644999951 ], [ 145.354292036000061, -37.929637814999978 ], [ 145.355950596000071, -37.926683324999942 ], [ 145.35490048600002, -37.925484394999955 ], [ 145.356491266000035, -37.922086244999946 ], [ 145.358404556000096, -37.924539564999975 ], [ 145.364185465000105, -37.923278265999954 ], [ 145.366113874000121, -37.92979887599995 ], [ 145.369576883000036, -37.931608875999984 ], [ 145.376545862000057, -37.933973856999955 ], [ 145.385219970000094, -37.934023516999957 ], [ 145.3856714100001, -37.936039426999969 ], [ 145.382173650000027, -37.941159076999952 ], [ 145.385154818000046, -37.951610506999941 ], [ 145.374732870000116, -37.951619866999977 ], [ 145.375016870000081, -37.953849876999982 ], [ 145.37649186900012, -37.955243866999979 ], [ 145.375555869000095, -37.955253876999961 ], [ 145.375605839000059, -37.959057866999956 ], [ 145.362426601000038, -37.960913335999976 ], [ 145.361643861000061, -37.957854865999934 ], [ 145.363489841000046, -37.957844875999967 ], [ 145.365572861000032, -37.95536786599996 ], [ 145.361606852000023, -37.953261865999934 ], [ 145.360179882000011, -37.954877865999947 ], [ 145.356506853000042, -37.952920874999961 ], [ 145.352647563000119, -37.95746094499998 ], [ 145.347580884000081, -37.953773464999983 ], [ 145.332670857000039, -37.949268863999976 ], [ 145.328349838, -37.949760872999946 ], [ 145.327493078000089, -37.948980092999932 ], [ 145.328608878000068, -37.947610892999933 ], [ 145.329572999000106, -37.942937823999955 ], [ 145.32889883900009, -37.938981862999981 ], [ 145.330730370000083, -37.929988623999975 ], [ 145.337837869000055, -37.930893863999984 ], [ 145.339886068000055, -37.931945723999945 ], [ 145.342116838000038, -37.931031373999929 ], [ 145.343521537000015, -37.932723273999954 ], [ 145.348797576000038, -37.933545064999976 ], [ 145.349856847000069, -37.931055794999963 ], [ 145.353126846, -37.930837864999944 ], [ 145.353383726000061, -37.929527644999951 ] ] ] } },
{ "type": "Feature", "properties": { "suburb": "Bellarine" }, "geometry": { "type": "Polygon", "coordinates": [ [ [ 144.626530902000013, -38.12759445699993 ], [ 144.653508957000099, -38.13097980799995 ], [ 144.64920195500008, -38.152593827999965 ], [ 144.596823995000022, -38.146483804999946 ], [ 144.58590381800002, -38.134736773999975 ], [ 144.58877191800002, -38.133575763999943 ], [ 144.594584827000062, -38.128963803999966 ], [ 144.601880956000059, -38.125862784999981 ], [ 144.620465624000076, -38.115384085999949 ], [ 144.625716693000072, -38.114205355999957 ], [ 144.628934613000069, -38.111601056999973 ], [ 144.626530902000013, -38.12759445699993 ] ] ] } },
{ "type": "Feature", "properties": { "suburb": "Bellfield (Banyule - Vic.)" }, "geometry": { "type": "Polygon", "coordinates": [ [ [ 145.033294102000013, -37.748885791999953 ], [ 145.046092049000094, -37.751124662999985 ], [ 145.044972089000112, -37.757071912999947 ], [ 145.031265941000015, -37.755620851999936 ], [ 145.030655911000053, -37.754852841999934 ], [ 145.03180369100005, -37.752721141999984 ], [ 145.031430662000048, -37.750930141999959 ], [ 145.033294102000013, -37.748885791999953 ] ] ] } },
{ "type": "Feature", "properties": { "suburb": "Bend Of Islands" }, "geometry": { "type": "Polygon", "coordinates": [ [ [ 145.285855703000038, -37.703777518999971 ], [ 145.282756633000076, -37.709140038999976 ], [ 145.284973642000068, -37.71165807899996 ], [ 145.285100702000022, -37.714325128999974 ], [ 145.286968691000084, -37.715116128999966 ], [ 145.283452792000048, -37.718866208999941 ], [ 145.283010742000101, -37.715351158999965 ], [ 145.281290753000121, -37.713806128999977 ], [ 145.277503773000035, -37.713414127999954 ], [ 145.276949843000011, -37.71585818799997 ], [ 145.272358914000051, -37.715842197999962 ], [ 145.275779764000049, -37.710125087999984 ], [ 145.272744795000108, -37.708390067999972 ], [ 145.27307672500001, -37.705210047999969 ], [ 145.272332705000053, -37.703815057999975 ], [ 145.26759778600001, -37.703383097999961 ], [ 145.267651806000117, -37.705634087999954 ], [ 145.269553786000074, -37.704965067999979 ], [ 145.270403795000107, -37.705604077999965 ], [ 145.26557385600006, -37.70837010799994 ], [ 145.264116886000011, -37.70734013799995 ], [ 145.264639896000062, -37.705950107999968 ], [ 145.26106293700002, -37.705984176999948 ], [ 145.260356917000081, -37.704078176999928 ], [ 145.26214187700009, -37.70257814699994 ], [ 145.264216827000041, -37.702911126999936 ], [ 145.265715767000074, -37.70026908799997 ], [ 145.268702716000121, -37.698810067999943 ], [ 145.266947717000107, -37.697812097999929 ], [ 145.269294706000096, -37.696674057999985 ], [ 145.268034687000068, -37.696956067999963 ], [ 145.266884687000015, -37.695755087999942 ], [ 145.267891687000088, -37.695079077999935 ], [ 145.265483707000044, -37.693712107999943 ], [ 145.266448658000058, -37.690811107999934 ], [ 145.269588897000062, -37.689580857999943 ], [ 145.271651917000099, -37.690415857999938 ], [ 145.271819917000016, -37.691738867999959 ], [ 145.275009616000034, -37.691241957999978 ], [ 145.278257896000014, -37.687045857999976 ], [ 145.280226896000045, -37.68711486899997 ], [ 145.281782885000098, -37.685925848999943 ], [ 145.285321895000038, -37.685814848999939 ], [ 145.29069589400001, -37.688027858999931 ], [ 145.292760913000052, -37.687680858999954 ], [ 145.294663913000022, -37.685938859999965 ], [ 145.302863892000119, -37.687480849999929 ], [ 145.303773882000087, -37.682116849999943 ], [ 145.30617488200005, -37.682400859999973 ], [ 145.308215891000032, -37.684032859999945 ], [ 145.310910871000033, -37.683691870999951 ], [ 145.311314880000054, -37.689521860999946 ], [ 145.309877880000045, -37.692249860999937 ], [ 145.2999378720001, -37.690641849999963 ], [ 145.291687893000017, -37.69299284899995 ], [ 145.288059903000089, -37.697508848999973 ], [ 145.287662893000061, -37.700236858999972 ], [ 145.292822892000117, -37.701023848999967 ], [ 145.295315911000102, -37.703619859999947 ], [ 145.296776461000036, -37.70378833999996 ], [ 145.295613900000035, -37.709839859999931 ], [ 145.292202541000051, -37.708707028999982 ], [ 145.290711551000072, -37.709671048999951 ], [ 145.289189572000055, -37.709141038999974 ], [ 145.291258352000114, -37.707217118999949 ], [ 145.292317442000012, -37.702429958999971 ], [ 145.285855703000038, -37.703777518999971 ] ] ] } },
{ "type": "Feature", "properties": { "suburb": "Berwick" }, "geometry": { "type": "Polygon", "coordinates": [ [ [ 145.37646492500005, -38.079577477999976 ], [ 145.335350273000017, -38.074498024999968 ], [ 145.336158853000029, -38.07031985499998 ], [ 145.332858854000051, -38.07010087499998 ], [ 145.330756854000015, -38.069184863999965 ], [ 145.330544825000061, -38.068119853999974 ], [ 145.327880735000122, -38.067786203999958 ], [ 145.329870306000089, -38.058813983999983 ], [ 145.322637837000116, -38.058001203999936 ], [ 145.321035848000065, -38.056433863999985 ], [ 145.320321148000062, -38.052061153999944 ], [ 145.31820385900005, -38.049550862999979 ], [ 145.319296849000011, -38.045933862999959 ], [ 145.322150859000089, -38.043051853999941 ], [ 145.322667879000051, -38.038609853999958 ], [ 145.331123798000021, -38.03967122399996 ], [ 145.331616288000077, -38.038909423999939 ], [ 145.3229948500001, -38.029616863999934 ], [ 145.322915350000017, -38.027838533999955 ], [ 145.317893862000119, -38.024651862999974 ], [ 145.317045132000089, -38.025234502999979 ], [ 145.312975743000038, -38.021716752999964 ], [ 145.315978123000036, -38.019087672999945 ], [ 145.315976123000041, -38.017911152999943 ], [ 145.318258862000107, -38.017232862999947 ], [ 145.318815853000046, -38.014459862999956 ], [ 145.321168062000083, -38.014279562999945 ], [ 145.321264862000021, -38.012541852999959 ], [ 145.318772203000094, -38.012029502999951 ], [ 145.319561223000051, -38.008549852999977 ], [ 145.321920503000115, -38.008120062999978 ], [ 145.322446833000072, -38.004819732999977 ], [ 145.329903862000037, -38.005746863999946 ], [ 145.330665581000062, -38.006475003999981 ], [ 145.328996692000032, -38.007493673999932 ], [ 145.329266091000022, -38.010114493999936 ], [ 145.332612851000022, -38.010522363999939 ], [ 145.334071870000116, -38.012267853999958 ], [ 145.33557165000002, -38.010509913999954 ], [ 145.334167790000038, -38.009731913999929 ], [ 145.336076880000064, -38.008265033999976 ], [ 145.336115870000071, -38.007176853999965 ], [ 145.33833784, -38.007442874999981 ], [ 145.343948949000037, -38.011221424999974 ], [ 145.34398266900007, -38.008130844999982 ], [ 145.34641013800001, -38.008422654999947 ], [ 145.346943259000113, -38.007485624999958 ], [ 145.350174318000086, -38.008709304999968 ], [ 145.35360928800003, -38.005800015999966 ], [ 145.357933777000085, -38.006801195999969 ], [ 145.358158757000069, -38.005807325999967 ], [ 145.360966636000057, -38.006262905999961 ], [ 145.36134477600001, -38.004590895999968 ], [ 145.36703241500004, -38.005276246999983 ], [ 145.370385824000095, -38.00669238699993 ], [ 145.369691734000071, -38.009814846999973 ], [ 145.372805364000101, -38.01023235699995 ], [ 145.37490459300011, -38.011137726999948 ], [ 145.374730633000013, -38.011953116999962 ], [ 145.385455831000058, -38.013257867999982 ], [ 145.381310012000085, -38.016432007999981 ], [ 145.379423252000038, -38.016276496999978 ], [ 145.378720882000039, -38.017587326999944 ], [ 145.379875051000113, -38.019165487999942 ], [ 145.378762271000028, -38.022077796999952 ], [ 145.377492911000104, -38.022639756999979 ], [ 145.377264681000042, -38.026250476999962 ], [ 145.365932962000102, -38.038816076999979 ], [ 145.367059421000022, -38.040948186999969 ], [ 145.364788541000053, -38.044437396999967 ], [ 145.366408191000119, -38.045801346999951 ], [ 145.36640275100001, -38.04846282699998 ], [ 145.364316191000057, -38.049560916999951 ], [ 145.364710211000101, -38.050349816999983 ], [ 145.360552751000114, -38.048867775999952 ], [ 145.359204841000064, -38.052381865999962 ], [ 145.368545849000043, -38.060309856999936 ], [ 145.372351848000108, -38.060717856999929 ], [ 145.375074088000019, -38.059403396999983 ], [ 145.375182788000075, -38.060668986999929 ], [ 145.37625201700007, -38.061033677999944 ], [ 145.375175598000055, -38.061262726999985 ], [ 145.37656985700005, -38.06354745799996 ], [ 145.376228217000062, -38.06483697799996 ], [ 145.380841306000093, -38.066919927999948 ], [ 145.379942356000015, -38.068695637999951 ], [ 145.381845675000022, -38.069824597999968 ], [ 145.377796046000071, -38.07086679799994 ], [ 145.378369526000029, -38.072415707999937 ], [ 145.376496096000096, -38.075160067999946 ], [ 145.377335226000014, -38.075672517999976 ], [ 145.37597589500001, -38.078639647999978 ], [ 145.37646492500005, -38.079577477999976 ] ] ] } },
{ "type": "Feature", "properties": { "suburb": "Beveridge" }, "geometry": { "type": "Polygon", "coordinates": [ [ [ 145.05427070293527, -37.454098379399944 ], [ 145.041997145000096, -37.520830740999941 ], [ 144.94994044200007, -37.511253874999966 ], [ 144.890036983000073, -37.503907839999954 ], [ 144.886608973000079, -37.504730829999971 ], [ 144.885200984000107, -37.503027829999951 ], [ 144.883385004000047, -37.503425819999961 ], [ 144.880815984000037, -37.502225359999954 ], [ 144.881108205000032, -37.500427989999935 ], [ 144.883336634000102, -37.501448969999956 ], [ 144.883142864000092, -37.498844649999967 ], [ 144.885343334000027, -37.498863719999974 ], [ 144.887600714000087, -37.497027489999937 ], [ 144.886687044000041, -37.49460634999997 ], [ 144.887165524000011, -37.49339606999996 ], [ 144.895051783000099, -37.493608630999972 ], [ 144.894605283000033, -37.491133810999941 ], [ 144.892355534000103, -37.491302860999951 ], [ 144.89134780400002, -37.490440930999966 ], [ 144.896002323000062, -37.488701410999965 ], [ 144.891440774000102, -37.486382969999966 ], [ 144.894109325000045, -37.480267450999975 ], [ 144.893473205000078, -37.477786450999929 ], [ 144.897173134000013, -37.479107280999983 ], [ 144.898704814000098, -37.478615970999954 ], [ 144.896946574000026, -37.476592290999974 ], [ 144.898665544000096, -37.475808980999943 ], [ 144.896848175000059, -37.474988230999941 ], [ 144.897201385000017, -37.474243830999967 ], [ 144.900298114000066, -37.47509433099998 ], [ 144.899888475000012, -37.469674850999979 ], [ 144.903201364000097, -37.467689390999965 ], [ 144.905064324000023, -37.468527420999976 ], [ 144.905651684000077, -37.464690080999958 ], [ 144.902109175000078, -37.464274750999948 ], [ 144.89876562500001, -37.465578020999942 ], [ 144.896302646000095, -37.46406929099993 ], [ 144.896477226000115, -37.462551400999985 ], [ 144.891772487000026, -37.460880189999955 ], [ 144.89785447600002, -37.459138430999928 ], [ 144.896735136000075, -37.457877180999958 ], [ 144.898068117000093, -37.455220330999964 ], [ 144.897371529875073, -37.454098379399944 ], [ 145.05427070293527, -37.454098379399944 ] ] ] } },
{ "type": "Feature", "properties": { "suburb": "Black Rock" }, "geometry": { "type": "Polygon", "coordinates": [ [ [ 145.010330212000099, -37.961364731999936 ], [ 145.020192291000058, -37.961437051999951 ], [ 145.022132920000104, -37.961838851999971 ], [ 145.021999960000016, -37.962466441999936 ], [ 145.028059689000088, -37.963173122999933 ], [ 145.027068309000015, -37.968022072999929 ], [ 145.036246847000029, -37.969079662999945 ], [ 145.034730896000042, -37.977614832999961 ], [ 145.031518897000069, -37.975413832999948 ], [ 145.031761587000119, -37.974397222999983 ], [ 145.025894318000041, -37.973836882999933 ], [ 145.023745457000018, -37.985723742999937 ], [ 145.021536438000112, -37.983106741999961 ], [ 145.017950499000108, -37.981790771999954 ], [ 145.014139390000082, -37.974608751999938 ], [ 145.009329352, -37.969436821999977 ], [ 145.010903331, -37.968948771999976 ], [ 145.011430281000116, -37.967513761999953 ], [ 145.010415262000038, -37.964298761999942 ], [ 145.011356232000026, -37.963447741999971 ], [ 145.010330212000099, -37.961364731999936 ] ] ] } },
{ "type": "Feature", "properties": { "suburb": "Blackburn North" }, "geometry": { "type": "Polygon", "coordinates": [ [ [ 145.15827386400008, -37.800439100999938 ], [ 145.169581422000078, -37.802952351999977 ], [ 145.16746037200005, -37.809689010999932 ], [ 145.166461112000093, -37.809577090999937 ], [ 145.166461362000064, -37.811992320999934 ], [ 145.14056421600003, -37.809131239999942 ], [ 145.142226757000117, -37.797163329999933 ], [ 145.144926877000103, -37.797549549999985 ], [ 145.146722206000049, -37.79987884999997 ], [ 145.148555676000115, -37.800034359999984 ], [ 145.150659856000061, -37.798743139999942 ], [ 145.154548935000093, -37.80061459999996 ], [ 145.15827386400008, -37.800439100999938 ] ] ] } },
{ "type": "Feature", "properties": { "suburb": "Blackburn South" }, "geometry": { "type": "Polygon", "coordinates": [ [ [ 145.13630451500012, -37.830394468999941 ], [ 145.160076010000012, -37.833276960999967 ], [ 145.158810630000062, -37.84276313099997 ], [ 145.159847229000093, -37.844477280999968 ], [ 145.157227740000053, -37.84425171099997 ], [ 145.1568864300001, -37.84575806099997 ], [ 145.154400960000089, -37.845400230999985 ], [ 145.152882520000048, -37.848097880999944 ], [ 145.134944743000119, -37.846009318999961 ], [ 145.134635923000019, -37.847688848999951 ], [ 145.133179713000118, -37.847521828999959 ], [ 145.13630451500012, -37.830394468999941 ] ] ] } },
{ "type": "Feature", "properties": { "suburb": "Blind Bight" }, "geometry": { "type": "Polygon", "coordinates": [ [ [ 145.338203318000069, -38.204187935999983 ], [ 145.337980228000106, -38.203140795999957 ], [ 145.3397036880001, -38.204053345999966 ], [ 145.341042978000019, -38.203429725999968 ], [ 145.339731648000111, -38.20188765599994 ], [ 145.340756198, -38.201100165999947 ], [ 145.339737738000053, -38.198559305999936 ], [ 145.340950048000082, -38.195817125999952 ], [ 145.345059038000045, -38.19566412599994 ], [ 145.350984847000063, -38.192854866999937 ], [ 145.35217985700001, -38.194221866999953 ], [ 145.352813856000012, -38.199371896999935 ], [ 145.35659880500009, -38.204285866999953 ], [ 145.338203318000069, -38.204187935999983 ] ] ] } },
{ "type": "Feature", "properties": { "suburb": "Bolinda" }, "geometry": { "type": "Polygon", "coordinates": [ [ [ 144.811637001, -37.461319814999968 ], [ 144.752158972002519, -37.454098379399944 ], [ 144.813022424825562, -37.454098379399944 ], [ 144.811637001, -37.461319814999968 ] ] ] } },
{ "type": "Feature", "properties": { "suburb": "Bonbeach" }, "geometry": { "type": "Polygon", "coordinates": [ [ [ 145.134932899000091, -38.068683850999946 ], [ 145.119594061000043, -38.07320593999998 ], [ 145.116048823000028, -38.060140548999982 ], [ 145.119048283000097, -38.059498079999969 ], [ 145.118729383000073, -38.058513529999971 ], [ 145.133218861000046, -38.05266285099998 ], [ 145.139721878000046, -38.064710850999973 ], [ 145.134932899000091, -38.068683850999946 ] ] ] } },
{ "type": "Feature", "properties": { "suburb": "Bonnie Brook" }, "geometry": { "type": "Polygon", "coordinates": [ [ [ 144.702728598000022, -37.658336258999952 ], [ 144.69246544400005, -37.71657573799996 ], [ 144.710505091000073, -37.718732619999969 ], [ 144.70733521000011, -37.734782149999944 ], [ 144.704540990000055, -37.734548828999948 ], [ 144.701336991000062, -37.732062818999964 ], [ 144.696168002000036, -37.732123828999931 ], [ 144.695363002000022, -37.730850828999962 ], [ 144.696188992000089, -37.729645828999935 ], [ 144.694290003000106, -37.727480828999944 ], [ 144.694541023000056, -37.724715818999982 ], [ 144.693286983000121, -37.723764828999947 ], [ 144.687395994000099, -37.726812807999977 ], [ 144.68632501400009, -37.729559817999984 ], [ 144.684498004000034, -37.729616817999954 ], [ 144.683592004000047, -37.726979807999953 ], [ 144.685828475000108, -37.722032627999965 ], [ 144.679137916000059, -37.716115707999961 ], [ 144.679459807000057, -37.712742727999967 ], [ 144.67547601800004, -37.710803816999942 ], [ 144.673703178000096, -37.708297806999951 ], [ 144.670168079000064, -37.707697706999966 ], [ 144.665430270000115, -37.704404846999978 ], [ 144.664041001000101, -37.701770815999964 ], [ 144.662744521000036, -37.702378095999961 ], [ 144.661356791000117, -37.701571075999937 ], [ 144.660371441000052, -37.702416635999953 ], [ 144.660327091000113, -37.701505585999939 ], [ 144.656747722000091, -37.700222425999982 ], [ 144.656948472000067, -37.699487475999945 ], [ 144.65523604200007, -37.700079715999948 ], [ 144.653273033000119, -37.698670905999961 ], [ 144.644534134000082, -37.702168714999971 ], [ 144.641966434000096, -37.701522304999969 ], [ 144.641027135000058, -37.700440294999964 ], [ 144.641443345000084, -37.698943854999982 ], [ 144.637219866, -37.697426384999972 ], [ 144.636234216000048, -37.69559981499998 ], [ 144.638656136, -37.693949204999967 ], [ 144.639581776000114, -37.692140904999974 ], [ 144.638850686000069, -37.690317444999948 ], [ 144.640542056000072, -37.689972844999943 ], [ 144.640859496000076, -37.687212664999947 ], [ 144.639748256000075, -37.687235474999966 ], [ 144.637564637000082, -37.68358518499997 ], [ 144.634906018000038, -37.683331813999985 ], [ 144.638517837000109, -37.680409474999976 ], [ 144.640918007000096, -37.680009824999956 ], [ 144.679117, -37.684839826999962 ], [ 144.684768112000029, -37.656418827999971 ], [ 144.702728598000022, -37.658336258999952 ] ] ] } },
{ "type": "Feature", "properties": { "suburb": "Botanic Ridge" }, "geometry": { "type": "Polygon", "coordinates": [ [ [ 145.29352795300008, -38.141383141999938 ], [ 145.291257722000068, -38.153392361999977 ], [ 145.245503961000054, -38.147827768999946 ], [ 145.249870782000016, -38.124761758999966 ], [ 145.249232513000038, -38.124037898999973 ], [ 145.268256339000118, -38.126476089999983 ], [ 145.25773485000002, -38.132810849999942 ], [ 145.265647828000056, -38.140939869999954 ], [ 145.26542882800004, -38.142095859999984 ], [ 145.270877517000031, -38.142726300999982 ], [ 145.27066486700005, -38.143862870999953 ], [ 145.278964305000045, -38.144832320999967 ], [ 145.279386425000098, -38.142534660999956 ], [ 145.283604774000082, -38.143024111999978 ], [ 145.284099815000104, -38.140266851999968 ], [ 145.29352795300008, -38.141383141999938 ] ] ] } },
{ "type": "Feature", "properties": { "suburb": "Box Hill North" }, "geometry": { "type": "Polygon", "coordinates": [ [ [ 145.139458306000051, -37.815411279999978 ], [ 145.115807180000047, -37.812606387999949 ], [ 145.118772552000109, -37.796388597999965 ], [ 145.124121370000012, -37.798746497999957 ], [ 145.131779249000033, -37.795382348999965 ], [ 145.137111168000047, -37.796758268999952 ], [ 145.137870188000079, -37.798126248999949 ], [ 145.142230587000086, -37.797076709999942 ], [ 145.139458306000051, -37.815411279999978 ] ] ] } },
{ "type": "Feature", "properties": { "suburb": "Box Hill South" }, "geometry": { "type": "Polygon", "coordinates": [ [ [ 145.112886889000038, -37.827705847999937 ], [ 145.13630451500012, -37.830394468999941 ], [ 145.133489304000022, -37.845825188999981 ], [ 145.121041246000118, -37.844377097999939 ], [ 145.121624916000087, -37.841237857999943 ], [ 145.119942886000103, -37.841261847999931 ], [ 145.116785747000108, -37.843817147999971 ], [ 145.110172858000055, -37.843068857999981 ], [ 145.112886889000038, -37.827705847999937 ] ] ] } },
{ "type": "Feature", "properties": { "suburb": "Braeside" }, "geometry": { "type": "Polygon", "coordinates": [ [ [ 145.109255922000102, -37.986601398999937 ], [ 145.144697816000075, -37.990868470999942 ], [ 145.140831884000022, -38.01072968099993 ], [ 145.135906865000038, -38.011107860999971 ], [ 145.12080448800009, -38.009298648999959 ], [ 145.119451937000122, -38.016368108999984 ], [ 145.103447311000082, -38.012023157999977 ], [ 145.107575022000105, -37.989160197999979 ], [ 145.109255922000102, -37.986601398999937 ] ] ] } },
{ "type": "Feature", "properties": { "suburb": "Briar Hill" }, "geometry": { "type": "Polygon", "coordinates": [ [ [ 145.120510951000028, -37.709464687999969 ], [ 145.115322651000042, -37.712252066999952 ], [ 145.110764943000049, -37.70719517699996 ], [ 145.112570923000021, -37.705536836999954 ], [ 145.116615372000069, -37.706088676999968 ], [ 145.114763223000068, -37.699875746999965 ], [ 145.122058471000059, -37.70105796799993 ], [ 145.121926851000012, -37.701770927999974 ], [ 145.130363459000023, -37.705912817999945 ], [ 145.132566129000111, -37.709683537999979 ], [ 145.130061759000114, -37.709047157999976 ], [ 145.128928829000074, -37.710627837999937 ], [ 145.120510951000028, -37.709464687999969 ] ] ] } },
{ "type": "Feature", "properties": { "suburb": "Brookfield" }, "geometry": { "type": "Polygon", "coordinates": [ [ [ 144.551959009000029, -37.713897798999938 ], [ 144.548022959000036, -37.715773558999956 ], [ 144.539794, -37.716896837999968 ], [ 144.536647961000085, -37.713847817999977 ], [ 144.536047102000111, -37.712404837999941 ], [ 144.536893092000014, -37.711415827999929 ], [ 144.534408032000101, -37.708171777999951 ], [ 144.53250291300003, -37.707452767999939 ], [ 144.527944219200009, -37.708605788645606 ], [ 144.527944219200009, -37.686821515166564 ], [ 144.567054029000019, -37.690199799999959 ], [ 144.564423028000078, -37.704572809999945 ], [ 144.551959009000029, -37.713897798999938 ] ] ] } },
{ "type": "Feature", "properties": { "suburb": "Brooklyn" }, "geometry": { "type": "Polygon", "coordinates": [ [ [ 144.857626524000011, -37.824540419999948 ], [ 144.822109940000018, -37.82572382799998 ], [ 144.824271470000099, -37.823820417999968 ], [ 144.827420399000061, -37.822818407999932 ], [ 144.825152950000074, -37.81827779799994 ], [ 144.828822950000017, -37.815503837999984 ], [ 144.828529970000091, -37.81162982799998 ], [ 144.834770960000014, -37.805971818999978 ], [ 144.832973700000025, -37.802917027999968 ], [ 144.838578960000063, -37.802261828999974 ], [ 144.843709619000037, -37.802856888999941 ], [ 144.855878895000046, -37.814869139999985 ], [ 144.85984002500004, -37.813820279999959 ], [ 144.857626524000011, -37.824540419999948 ] ] ] } },
{ "type": "Feature", "properties": { "suburb": "Bulla" }, "geometry": { "type": "Polygon", "coordinates": [ [ [ 144.815870981000103, -37.64125682599996 ], [ 144.813374970000041, -37.655081825999957 ], [ 144.805754021000098, -37.652828815999953 ], [ 144.803712101000087, -37.655606855999963 ], [ 144.800328082000078, -37.653488784999979 ], [ 144.79765007200001, -37.654736814999978 ], [ 144.799163872, -37.657603854999934 ], [ 144.803938921000054, -37.657493775999967 ], [ 144.806210891000092, -37.658888795999985 ], [ 144.805494801, -37.660100815999954 ], [ 144.800496961000022, -37.66007084499995 ], [ 144.799999071000116, -37.66117883499993 ], [ 144.804414111000028, -37.661756805999971 ], [ 144.808896819000097, -37.665047845999936 ], [ 144.802493150000032, -37.666172855999946 ], [ 144.802748030000089, -37.668303865999974 ], [ 144.804756080000061, -37.669503835999933 ], [ 144.801695040000027, -37.671356845999981 ], [ 144.802300900000091, -37.673855795999941 ], [ 144.80114097000012, -37.675528805999932 ], [ 144.801237810000089, -37.674151795999933 ], [ 144.79827393000005, -37.673537814999975 ], [ 144.798593960000062, -37.672299864999957 ], [ 144.797819981000089, -37.671654824999962 ], [ 144.791939031000084, -37.675365794999948 ], [ 144.787004302000014, -37.675841804999948 ], [ 144.78188237300003, -37.674988853999935 ], [ 144.78009544300005, -37.676351843999953 ], [ 144.776400434000038, -37.676704883999946 ], [ 144.774255445000108, -37.670698913999956 ], [ 144.769985856000062, -37.669779872999982 ], [ 144.768293856000014, -37.667963852999947 ], [ 144.76840551600003, -37.666920912999956 ], [ 144.772230826000055, -37.664091853999935 ], [ 144.767757127000095, -37.663970812999935 ], [ 144.764508847000116, -37.665656862999981 ], [ 144.761237978000054, -37.660980822999932 ], [ 144.76128699800006, -37.658945822999954 ], [ 144.764782958000069, -37.66032783299994 ], [ 144.768768977000036, -37.658149822999974 ], [ 144.765298968000025, -37.658200832999967 ], [ 144.763725998000041, -37.656981822999967 ], [ 144.766796998000018, -37.655517832999976 ], [ 144.763314969000021, -37.64652982299998 ], [ 144.763964999000109, -37.645244812999977 ], [ 144.765782009000077, -37.646260822999977 ], [ 144.766061009000055, -37.645662822999952 ], [ 144.7649130100001, -37.637256832999981 ], [ 144.766875, -37.635299822999968 ], [ 144.768753, -37.635003822999977 ], [ 144.770328990000053, -37.629373812999972 ], [ 144.777138979000028, -37.624513823999962 ], [ 144.778812979, -37.625031823999961 ], [ 144.778630989000021, -37.623532823999938 ], [ 144.776252000000113, -37.623164823999957 ], [ 144.777160010000102, -37.62084783399996 ], [ 144.779725009000117, -37.618389823999962 ], [ 144.780504030000088, -37.615121803999955 ], [ 144.775726981000048, -37.610324822999985 ], [ 144.769619002000013, -37.60657082299997 ], [ 144.759973985000101, -37.598599821999983 ], [ 144.760130977000017, -37.58261282199993 ], [ 144.768166005000012, -37.583663832999946 ], [ 144.766640015000121, -37.585325832999956 ], [ 144.764414976000012, -37.584786811999948 ], [ 144.76418400600005, -37.586231811999937 ], [ 144.765384015000109, -37.587330822999945 ], [ 144.770026014000109, -37.587430822999977 ], [ 144.770447004000061, -37.590424822999978 ], [ 144.773256993000018, -37.591636832999939 ], [ 144.775053993000029, -37.589189812999962 ], [ 144.778585993000092, -37.589472832999945 ], [ 144.780132023000078, -37.588152813999955 ], [ 144.782925982000052, -37.589335823999932 ], [ 144.780798002000097, -37.590217823999978 ], [ 144.780511002000026, -37.591303833999973 ], [ 144.782180982000114, -37.594270823999977 ], [ 144.783497981000096, -37.593561833999956 ], [ 144.785243991000016, -37.595213823999984 ], [ 144.782377971000074, -37.597559823999973 ], [ 144.78717499000004, -37.596643823999955 ], [ 144.788426970000046, -37.600693823999961 ], [ 144.787272, -37.60525682399998 ], [ 144.789672019000022, -37.606881833999978 ], [ 144.789636979000079, -37.60878882399993 ], [ 144.793355998000038, -37.60911783499995 ], [ 144.792209978000074, -37.611948834999964 ], [ 144.793293988000073, -37.611919824999973 ], [ 144.7953640180001, -37.609696824999958 ], [ 144.800474967000014, -37.611745834999965 ], [ 144.800912017000087, -37.609148824999977 ], [ 144.801801007000108, -37.608963824999933 ], [ 144.804294946000027, -37.613656584999944 ], [ 144.809193465000021, -37.614152475999958 ], [ 144.81112810500008, -37.613091655999938 ], [ 144.819735352000066, -37.619962795999982 ], [ 144.818382112000108, -37.627608565999935 ], [ 144.836369158000025, -37.62959180799993 ], [ 144.833887237000113, -37.644194927999933 ], [ 144.815870981000103, -37.64125682599996 ] ] ] } },
{ "type": "Feature", "properties": { "suburb": "Bulleen" }, "geometry": { "type": "Polygon", "coordinates": [ [ [ 145.093715821000046, -37.75307003599994 ], [ 145.093345930000055, -37.758379845999968 ], [ 145.095534910000083, -37.75899983599993 ], [ 145.098183929000015, -37.762216845999944 ], [ 145.101217848000033, -37.763021776999949 ], [ 145.100408938000101, -37.769493766999972 ], [ 145.099117598000021, -37.770509225999945 ], [ 145.104753197000036, -37.772406126999954 ], [ 145.103541286000109, -37.780072826999969 ], [ 145.102371286000107, -37.779954546999932 ], [ 145.102531916000089, -37.782543846999943 ], [ 145.099660466000046, -37.782598406999966 ], [ 145.098320917000024, -37.780753395999966 ], [ 145.095321057000092, -37.779418325999984 ], [ 145.081459710000104, -37.779172124999945 ], [ 145.080415950000088, -37.777408194999964 ], [ 145.07832833100008, -37.776848024999936 ], [ 145.076407381000081, -37.777358074999938 ], [ 145.074450361000117, -37.779714174999981 ], [ 145.071609312000078, -37.779693254999984 ], [ 145.071221311000045, -37.780743294999979 ], [ 145.06956239200008, -37.781238314999939 ], [ 145.067118492000077, -37.78092232399996 ], [ 145.069437372000039, -37.774932113999967 ], [ 145.06953541300004, -37.772123013999931 ], [ 145.071248393000019, -37.771073954999963 ], [ 145.075585321000062, -37.773831584999982 ], [ 145.07669536100002, -37.773392954999963 ], [ 145.075403372000096, -37.770672874999946 ], [ 145.072061393000013, -37.769205884999963 ], [ 145.071534373000077, -37.767141834999961 ], [ 145.072738323000067, -37.766529824999964 ], [ 145.076467352, -37.767354754999928 ], [ 145.079210172000103, -37.762258634999966 ], [ 145.077427193000062, -37.760937644999956 ], [ 145.076837133000026, -37.758547584999974 ], [ 145.073022224000056, -37.759488684999951 ], [ 145.073797114000058, -37.757567624999979 ], [ 145.075178133, -37.756938584999943 ], [ 145.080385072000013, -37.757994534999966 ], [ 145.077287033000061, -37.755657534999955 ], [ 145.078114013000118, -37.754060504999984 ], [ 145.079631973000119, -37.753857464999953 ], [ 145.081860002000099, -37.756234474999985 ], [ 145.083282952000104, -37.754844424999931 ], [ 145.081623923000052, -37.754014444999939 ], [ 145.082823893000068, -37.751355374999946 ], [ 145.090934921000098, -37.754271295999956 ], [ 145.093715821000046, -37.75307003599994 ] ] ] } },
{ "type": "Feature", "properties": { "suburb": "Bullengarook" }, "geometry": { "type": "Polygon", "coordinates": [ [ [ 144.527944219200009, -37.454098379399944 ], [ 144.533091029000047, -37.455439815999966 ], [ 144.532193049000057, -37.456397795999976 ], [ 144.533078249000027, -37.460590045999936 ], [ 144.531602479000071, -37.463562535999984 ], [ 144.532389058000035, -37.469047805999935 ], [ 144.543743036000023, -37.470336806999967 ], [ 144.542339025000047, -37.477935816999945 ], [ 144.534035027000073, -37.476190795999969 ], [ 144.546439034000059, -37.486439796999946 ], [ 144.549522043000024, -37.491155806999984 ], [ 144.547493043000031, -37.493654796999976 ], [ 144.547900052000045, -37.496000806999973 ], [ 144.549928032000025, -37.496770817999959 ], [ 144.550479032000112, -37.497956807999969 ], [ 144.550539041000093, -37.500255807999963 ], [ 144.549691031000066, -37.50104880799995 ], [ 144.53547921400002, -37.499489016999974 ], [ 144.535222034000071, -37.500828806999948 ], [ 144.530134125000018, -37.500185795999982 ], [ 144.530794045000107, -37.496910795999952 ], [ 144.527944219200009, -37.496211847769793 ], [ 144.527944219200009, -37.454098379399944 ] ] ] } },
{ "type": "Feature", "properties": { "suburb": "Burnside" }, "geometry": { "type": "Polygon", "coordinates": [ [ [ 144.747159992000093, -37.741592811999965 ], [ 144.751874991000022, -37.741942822999931 ], [ 144.754765971000097, -37.738607822999938 ], [ 144.761207960000092, -37.73695483299997 ], [ 144.76284046000012, -37.738538762999951 ], [ 144.762892439000098, -37.739818772999968 ], [ 144.760817490000022, -37.741626822999933 ], [ 144.759370549000096, -37.744842862999974 ], [ 144.759143379000079, -37.747685222999962 ], [ 144.757244389000107, -37.748201532999929 ], [ 144.75642996900001, -37.754272822999951 ], [ 144.758270989000039, -37.75540682299993 ], [ 144.757207018000031, -37.763441262999947 ], [ 144.748383980000085, -37.759430831999964 ], [ 144.749506250000081, -37.752025962999937 ], [ 144.742011482000066, -37.75139741199996 ], [ 144.742996002000041, -37.746389831999977 ], [ 144.746179962000042, -37.74666683199996 ], [ 144.747159992000093, -37.741592811999965 ] ] ] } },
{ "type": "Feature", "properties": { "suburb": "Burnside Heights" }, "geometry": { "type": "Polygon", "coordinates": [ [ [ 144.754598981000072, -37.738727832999984 ], [ 144.751874991000022, -37.741942822999931 ], [ 144.747753992000071, -37.741690831999961 ], [ 144.750610993, -37.72398683199998 ], [ 144.764050291000103, -37.725544732999936 ], [ 144.762403450000079, -37.738099752999972 ], [ 144.761337980000121, -37.736936832999959 ], [ 144.754598981000072, -37.738727832999984 ] ] ] } },
{ "type": "Feature", "properties": { "suburb": "Burwood East" }, "geometry": { "type": "Polygon", "coordinates": [ [ [ 145.134944743000119, -37.846009318999961 ], [ 145.152882520000048, -37.848097880999944 ], [ 145.154400960000089, -37.845400230999985 ], [ 145.164380968000046, -37.846791970999959 ], [ 145.162967178000031, -37.854126970999971 ], [ 145.169271856000023, -37.854825201999972 ], [ 145.169232946000079, -37.862002201999985 ], [ 145.131441623000114, -37.857549588999973 ], [ 145.133179713000118, -37.847521828999959 ], [ 145.134635923000019, -37.847688848999951 ], [ 145.134944743000119, -37.846009318999961 ] ] ] } },
{ "type": "Feature", "properties": { "suburb": "Cairnlea" }, "geometry": { "type": "Polygon", "coordinates": [ [ [ 144.792461523000043, -37.74800077499998 ], [ 144.797389452000061, -37.756545885999969 ], [ 144.794719842000063, -37.758222805999935 ], [ 144.797519721000072, -37.758519685999943 ], [ 144.799255221000067, -37.760531085999958 ], [ 144.801195240000084, -37.760805865999941 ], [ 144.800781980000011, -37.763389835999931 ], [ 144.804912069000011, -37.765022295999984 ], [ 144.805848259000072, -37.76729712599996 ], [ 144.80057123000006, -37.76695605599997 ], [ 144.796227991000023, -37.768544815999974 ], [ 144.793896991000111, -37.770446825999954 ], [ 144.789993971000058, -37.770720824999955 ], [ 144.790308562000064, -37.76783099499994 ], [ 144.789184662000025, -37.767846744999929 ], [ 144.788054942000031, -37.76932749499997 ], [ 144.785464982000121, -37.769180834999929 ], [ 144.784847113000069, -37.768050314999982 ], [ 144.776375244000064, -37.767581373999974 ], [ 144.776546974000098, -37.766344813999979 ], [ 144.775252974000068, -37.766465823999965 ], [ 144.778724856000053, -37.746620243999985 ], [ 144.792461523000043, -37.74800077499998 ] ] ] } },
{ "type": "Feature", "properties": { "suburb": "Calder Park" }, "geometry": { "type": "Polygon", "coordinates": [ [ [ 144.762240847000044, -37.670606962999955 ], [ 144.775147314000037, -37.679090663999943 ], [ 144.76504499400005, -37.689459812999985 ], [ 144.744418781000036, -37.663063921999935 ], [ 144.746478250000109, -37.663015471999984 ], [ 144.762240847000044, -37.670606962999955 ] ] ] } },
{ "type": "Feature", "properties": { "suburb": "Campbellfield" }, "geometry": { "type": "Polygon", "coordinates": [ [ [ 144.934882970000103, -37.641386873999977 ], [ 144.974030603000074, -37.646526396999946 ], [ 144.976283092000017, -37.650069866999957 ], [ 144.97456989200009, -37.652344816999971 ], [ 144.975581122000108, -37.654471876999935 ], [ 144.97483878200012, -37.655500846999985 ], [ 144.976977901000055, -37.658221806999961 ], [ 144.972225932000015, -37.65930379699995 ], [ 144.973497771000098, -37.660808866999957 ], [ 144.97216797100009, -37.663101876999974 ], [ 144.975681931000054, -37.665338826999971 ], [ 144.975927070000012, -37.667692856999963 ], [ 144.974138930000095, -37.66887186699995 ], [ 144.973943840000061, -37.671273796999969 ], [ 144.976275900000019, -37.671730796999952 ], [ 144.974919080000063, -37.673857876999932 ], [ 144.977808789000051, -37.676564797999959 ], [ 144.974393810000038, -37.67601084699993 ], [ 144.97240303, -37.676964856999973 ], [ 144.974593979000019, -37.680109796999943 ], [ 144.972593119000067, -37.680999816999929 ], [ 144.9728289090001, -37.682524866999984 ], [ 144.971459099000072, -37.684078806999935 ], [ 144.970740929000044, -37.688185866999959 ], [ 144.97373501800007, -37.689221866999958 ], [ 144.97206678800012, -37.69098585699993 ], [ 144.967202839000038, -37.691360706999944 ], [ 144.965429810000046, -37.690366826999934 ], [ 144.956287661000033, -37.689396005999981 ], [ 144.955228872000021, -37.683852465999962 ], [ 144.951588943000047, -37.678222835999975 ], [ 144.941984848000061, -37.653952294999954 ], [ 144.93457353000008, -37.642817613999966 ], [ 144.934882970000103, -37.641386873999977 ] ] ] } },
{ "type": "Feature", "properties": { "suburb": "Cannons Creek" }, "geometry": { "type": "Polygon", "coordinates": [ [ [ 145.281304858000112, -38.20250385199995 ], [ 145.291191836000053, -38.203724851999937 ], [ 145.304027864000091, -38.20130487299997 ], [ 145.320110812000053, -38.195838863999938 ], [ 145.331113810000033, -38.194596864999937 ], [ 145.340950048000082, -38.195817125999952 ], [ 145.339737738000053, -38.198559305999936 ], [ 145.340756198, -38.201100165999947 ], [ 145.339731648000111, -38.20188765599994 ], [ 145.341042978000019, -38.203429725999968 ], [ 145.3397036880001, -38.204053345999966 ], [ 145.337980228000106, -38.203140795999957 ], [ 145.33829735650113, -38.204685381599937 ], [ 145.280860517871702, -38.204685381599937 ], [ 145.281304858000112, -38.20250385199995 ] ] ] } },
{ "type": "Feature", "properties": { "suburb": "Cardinia" }, "geometry": { "type": "Polygon", "coordinates": [ [ [ 145.448143305000031, -38.149023512999975 ], [ 145.445026794000114, -38.163854862999983 ], [ 145.426112827000111, -38.161423871999943 ], [ 145.423060836000104, -38.175836871999934 ], [ 145.393187822000073, -38.171938768999951 ], [ 145.399484584000106, -38.142984349999949 ], [ 145.383390429000087, -38.125624967999954 ], [ 145.388468229000068, -38.120530688999963 ], [ 145.401728096000056, -38.119161159999976 ], [ 145.401817007000091, -38.117897549999952 ], [ 145.399005048000049, -38.113294788999951 ], [ 145.400198128000056, -38.111435929999971 ], [ 145.416711854000027, -38.113283870999965 ], [ 145.416936845, -38.11226488099993 ], [ 145.426121812000019, -38.117109880999976 ], [ 145.434351830000082, -38.125659871999972 ], [ 145.452248797000038, -38.128074612999967 ], [ 145.448100825000097, -38.147692882999934 ], [ 145.447303845000079, -38.148106872999961 ], [ 145.447158645000059, -38.148901762999969 ], [ 145.448143305000031, -38.149023512999975 ] ] ] } },
{ "type": "Feature", "properties": { "suburb": "Caroline Springs" }, "geometry": { "type": "Polygon", "coordinates": [ [ [ 144.738380395000036, -37.722437251999963 ], [ 144.750610993, -37.72398683199998 ], [ 144.747753992000071, -37.741690831999961 ], [ 144.746179962000042, -37.74666683199996 ], [ 144.742996002000041, -37.746389831999977 ], [ 144.742011482000066, -37.75139741199996 ], [ 144.749506250000081, -37.752025962999937 ], [ 144.748383980000085, -37.759430831999964 ], [ 144.723737985000071, -37.750743820999958 ], [ 144.724140216000023, -37.744373120999967 ], [ 144.725777196000081, -37.737487680999948 ], [ 144.727458356000056, -37.734776430999943 ], [ 144.729126987000086, -37.721186810999939 ], [ 144.73196697700007, -37.721566820999954 ], [ 144.732484987000021, -37.715749810999966 ], [ 144.73316399700002, -37.715504820999968 ], [ 144.73260795900012, -37.703291080999975 ], [ 144.741843407000033, -37.704408721999982 ], [ 144.738380395000036, -37.722437251999963 ] ] ] } },
{ "type": "Feature", "properties": { "suburb": "Carrum Downs" }, "geometry": { "type": "Polygon", "coordinates": [ [ [ 145.194039993000047, -38.117159354999956 ], [ 145.188236274000019, -38.116458084999977 ], [ 145.187524893000045, -38.123596644999964 ], [ 145.183087654000019, -38.125253873999952 ], [ 145.181958344, -38.126751713999965 ], [ 145.17384684600006, -38.121929853999973 ], [ 145.175257387000102, -38.114863663999984 ], [ 145.157434190000117, -38.112722642999984 ], [ 145.162093480000067, -38.108909812999968 ], [ 145.153662722000036, -38.096345351999958 ], [ 145.154827833000013, -38.091161411999963 ], [ 145.146046044000059, -38.095431471999973 ], [ 145.149152994000019, -38.090449621999937 ], [ 145.148590825000042, -38.082480501999953 ], [ 145.149821865000035, -38.075040731999934 ], [ 145.154638655000099, -38.075649381999938 ], [ 145.156259545000012, -38.067382271999975 ], [ 145.203093716000012, -38.073175765999963 ], [ 145.201278456000068, -38.081745414999943 ], [ 145.193783877000101, -38.080808844999979 ], [ 145.19255948700004, -38.087121764999949 ], [ 145.199967965000042, -38.087978304999979 ], [ 145.194039993000047, -38.117159354999956 ] ] ] } },
{ "type": "Feature", "properties": { "suburb": "Castella" }, "geometry": { "type": "Polygon", "coordinates": [ [ [ 145.421874882000111, -37.501233866999939 ], [ 145.422517902000095, -37.49706387699996 ], [ 145.425969892000012, -37.497540857999979 ], [ 145.427636882000115, -37.490245867999931 ], [ 145.431748901000105, -37.490774877999968 ], [ 145.43010589000005, -37.500470867999979 ], [ 145.45181389600009, -37.510001428999942 ], [ 145.451650887000028, -37.501273868999931 ], [ 145.458234796000056, -37.502020179999931 ], [ 145.458207126000048, -37.501026489999958 ], [ 145.461131645000023, -37.50268570999998 ], [ 145.467972334000024, -37.503122790999953 ], [ 145.468812813000113, -37.504374410999958 ], [ 145.465400903000045, -37.51034986999997 ], [ 145.461884894000036, -37.512246869999956 ], [ 145.461038864000102, -37.513949859999968 ], [ 145.460949873000118, -37.523265869999932 ], [ 145.457575383000062, -37.525560409999969 ], [ 145.45620455300002, -37.525161969999942 ], [ 145.453644512000096, -37.536817729999939 ], [ 145.451986863000116, -37.536242859999959 ], [ 145.445262873000047, -37.544107878999966 ], [ 145.445548843000097, -37.546733158999984 ], [ 145.437818004000064, -37.545864248999976 ], [ 145.440536455000029, -37.533421128999976 ], [ 145.432693477000043, -37.530801197999949 ], [ 145.426003757000103, -37.534987417999957 ], [ 145.425371728000073, -37.53379242799997 ], [ 145.421381798000084, -37.533231536999949 ], [ 145.418525789000114, -37.531485626999938 ], [ 145.418743730000074, -37.526542606999953 ], [ 145.41755777000003, -37.526224646999935 ], [ 145.403459032000114, -37.527118845999951 ], [ 145.402198211000041, -37.53661191599997 ], [ 145.397247312000104, -37.538374985999951 ], [ 145.393906392000076, -37.540880055999935 ], [ 145.389781343000095, -37.539883784999972 ], [ 145.39164190300005, -37.539335874999949 ], [ 145.39261991300009, -37.536400864999962 ], [ 145.394819913000106, -37.533917875999975 ], [ 145.393493914000032, -37.528171864999933 ], [ 145.394449884000096, -37.525668864999943 ], [ 145.393388904000062, -37.525125854999942 ], [ 145.397706883000069, -37.523944875999973 ], [ 145.398306874000014, -37.521425855999951 ], [ 145.399677883000095, -37.521645855999964 ], [ 145.399247913000067, -37.523537875999978 ], [ 145.407182872000021, -37.521340865999946 ], [ 145.407605902000114, -37.518588865999959 ], [ 145.411100882000028, -37.52021986699998 ], [ 145.412932891000082, -37.519729866999967 ], [ 145.415984913000102, -37.502825866999956 ], [ 145.417808892000039, -37.501473866999959 ], [ 145.420775902000059, -37.502178866999941 ], [ 145.421874882000111, -37.501233866999939 ] ] ] } },
{ "type": "Feature", "properties": { "suburb": "Caulfield East" }, "geometry": { "type": "Polygon", "coordinates": [ [ [ 145.049641264000115, -37.881012663999968 ], [ 145.046134964000089, -37.887259843999971 ], [ 145.038164936000044, -37.886269312999957 ], [ 145.034608927000022, -37.881379832999983 ], [ 145.035451967000085, -37.876842522999937 ], [ 145.039412657000071, -37.876901392999969 ], [ 145.040158197000096, -37.875094832999935 ], [ 145.045025186000089, -37.876019722999956 ], [ 145.049641264000115, -37.881012663999968 ] ] ] } },
{ "type": "Feature", "properties": { "suburb": "Chelsea" }, "geometry": { "type": "Polygon", "coordinates": [ [ [ 145.129017011000087, -38.054685229999961 ], [ 145.116048823000028, -38.060140548999982 ], [ 145.109871746000067, -38.046004498999935 ], [ 145.123202314000082, -38.041402939999955 ], [ 145.122743904000117, -38.04024684999996 ], [ 145.125916484000072, -38.039152759999979 ], [ 145.133218861000046, -38.05266285099998 ], [ 145.128148712000097, -38.054375729999947 ], [ 145.129017011000087, -38.054685229999961 ] ] ] } },
{ "type": "Feature", "properties": { "suburb": "Chelsea Heights" }, "geometry": { "type": "Polygon", "coordinates": [ [ [ 145.144834469000102, -38.051495170999942 ], [ 145.134474860000068, -38.054981840999972 ], [ 145.123090875000116, -38.033908849999932 ], [ 145.133521734000055, -38.025366659999975 ], [ 145.13776577200008, -38.032338660999983 ], [ 145.144834469000102, -38.051495170999942 ] ] ] } },
{ "type": "Feature", "properties": { "suburb": "Chirnside Park" }, "geometry": { "type": "Polygon", "coordinates": [ [ [ 145.342555882000056, -37.716443712999933 ], [ 145.334315748000108, -37.761124732999974 ], [ 145.316058122000072, -37.758427000999973 ], [ 145.314759341000013, -37.765550960999974 ], [ 145.30894073200011, -37.764906130999975 ], [ 145.308299612000042, -37.768581360999974 ], [ 145.304924712000116, -37.768222440999978 ], [ 145.304234862000044, -37.77164486099997 ], [ 145.297345783000083, -37.770369839999944 ], [ 145.297242854000046, -37.769263029999934 ], [ 145.300347143000067, -37.76738120999994 ], [ 145.295906184000046, -37.766386979999936 ], [ 145.296973705000028, -37.760346509999977 ], [ 145.291691896000088, -37.759794859999943 ], [ 145.293305895000117, -37.758501849999959 ], [ 145.293832986000098, -37.755598369999973 ], [ 145.292340936000073, -37.755398869999965 ], [ 145.295970976000035, -37.749276639999948 ], [ 145.293753787000014, -37.747311679999939 ], [ 145.290090857000109, -37.746808849999979 ], [ 145.289011888000118, -37.740345858999945 ], [ 145.286946869000076, -37.735298858999954 ], [ 145.290818889000093, -37.731626869999957 ], [ 145.288524030000076, -37.729679998999984 ], [ 145.292550969000104, -37.727264159999947 ], [ 145.293938039000068, -37.722876479999968 ], [ 145.292371680000088, -37.719235199999957 ], [ 145.293597531000046, -37.712221069999941 ], [ 145.295779540000012, -37.712835079999934 ], [ 145.295970580000017, -37.713887089999957 ], [ 145.299475489000088, -37.712812069999984 ], [ 145.302485459000081, -37.714929099999949 ], [ 145.301564489000043, -37.715774089999968 ], [ 145.302695478000032, -37.716697089999968 ], [ 145.304095438000104, -37.715970089999985 ], [ 145.311257357000045, -37.716104050999945 ], [ 145.312623337000105, -37.71512304099997 ], [ 145.312346227000035, -37.713892170999941 ], [ 145.342555882000056, -37.716443712999933 ] ] ] } },
{ "type": "Feature", "properties": { "suburb": "Christmas Hills" }, "geometry": { "type": "Polygon", "coordinates": [ [ [ 145.304731896000021, -37.641220859999976 ], [ 145.306773886000087, -37.637877859999946 ], [ 145.307821877000038, -37.631998849999945 ], [ 145.311356906000015, -37.632383859999948 ], [ 145.312253056000031, -37.633276799999976 ], [ 145.314265447000025, -37.625064289999955 ], [ 145.310830427000042, -37.624652909999952 ], [ 145.31203989800008, -37.61820186999995 ], [ 145.320443906000037, -37.621928860999958 ], [ 145.323129906000077, -37.617577860999972 ], [ 145.324198876000082, -37.618070870999929 ], [ 145.322956896000051, -37.615167870999983 ], [ 145.323621886000069, -37.612051860999941 ], [ 145.321656617000031, -37.612010600999952 ], [ 145.324031927000078, -37.609729870999956 ], [ 145.333636905000049, -37.607930851999981 ], [ 145.335702875000038, -37.609730871999943 ], [ 145.340452914000025, -37.610428851999984 ], [ 145.342737883000041, -37.609355851999965 ], [ 145.343772914000056, -37.603890861999957 ], [ 145.345817903000011, -37.604155852999952 ], [ 145.346679924000114, -37.599676862999956 ], [ 145.354975672000023, -37.600691082999958 ], [ 145.354775692000089, -37.60247609299995 ], [ 145.356609711000033, -37.605473092999944 ], [ 145.356700771000078, -37.608680122999942 ], [ 145.355268841000111, -37.611848152999983 ], [ 145.3563538410001, -37.61335115299994 ], [ 145.352578901000015, -37.615393182999981 ], [ 145.35783592000007, -37.618660542999976 ], [ 145.356080090000091, -37.622541172999945 ], [ 145.358319729000073, -37.625180053999941 ], [ 145.358445869000093, -37.627473863999967 ], [ 145.355609679000054, -37.630774622999979 ], [ 145.353199578000044, -37.639915132999931 ], [ 145.353889688000095, -37.64389711299998 ], [ 145.347800908000067, -37.648662232999982 ], [ 145.345792058000029, -37.655724312999951 ], [ 145.343649098000014, -37.656187712999952 ], [ 145.338676818000067, -37.66128594199995 ], [ 145.335527779000017, -37.662350791999984 ], [ 145.332601098000055, -37.670555311999976 ], [ 145.330371719000027, -37.671920611999951 ], [ 145.33128530800002, -37.676083841999969 ], [ 145.332504958000072, -37.677035831999945 ], [ 145.331875148000108, -37.677718351999943 ], [ 145.332387907000111, -37.679971871999953 ], [ 145.335604467000053, -37.682077411999956 ], [ 145.333392817000117, -37.686206571999946 ], [ 145.331423867000012, -37.687442611999984 ], [ 145.331036856000082, -37.692148661999965 ], [ 145.328880907000098, -37.691517681999983 ], [ 145.328420897000115, -37.690004681999937 ], [ 145.32658294700002, -37.688955691999979 ], [ 145.317060059000028, -37.691989780999961 ], [ 145.319275018000098, -37.693508780999935 ], [ 145.318986048000056, -37.696727820999968 ], [ 145.315263088000052, -37.698528870999951 ], [ 145.314923128000032, -37.699608880999961 ], [ 145.320144047000099, -37.706276930999934 ], [ 145.321775086000116, -37.706391921999966 ], [ 145.322051066000085, -37.707452941999975 ], [ 145.319042117000095, -37.707910940999966 ], [ 145.314170168000032, -37.706630960999973 ], [ 145.314100157000098, -37.708130980999954 ], [ 145.312390208000011, -37.70835200099998 ], [ 145.314170167000043, -37.708747990999939 ], [ 145.313899197000069, -37.710017000999983 ], [ 145.311309228000027, -37.709133010999949 ], [ 145.312192267000114, -37.71128902099997 ], [ 145.311202318000028, -37.711970020999956 ], [ 145.312400247000028, -37.712349020999966 ], [ 145.31134127700011, -37.713103040999954 ], [ 145.312724297000045, -37.714352050999935 ], [ 145.312385317000121, -37.715559040999949 ], [ 145.304095438000104, -37.715970089999985 ], [ 145.303025478000109, -37.71671508999998 ], [ 145.301564489000043, -37.715774089999968 ], [ 145.302485459000081, -37.714929099999949 ], [ 145.299475489000088, -37.712812069999984 ], [ 145.295970580000017, -37.713887089999957 ], [ 145.295779540000012, -37.712835079999934 ], [ 145.291449581000052, -37.711518068999965 ], [ 145.29328549100012, -37.70952404999997 ], [ 145.295613900000035, -37.709839859999931 ], [ 145.296776461000036, -37.70378833999996 ], [ 145.295315911000102, -37.703619859999947 ], [ 145.292822892000117, -37.701023848999967 ], [ 145.287662893000061, -37.700236858999972 ], [ 145.288059903000089, -37.697508848999973 ], [ 145.291687893000017, -37.69299284899995 ], [ 145.2999378720001, -37.690641849999963 ], [ 145.309877880000045, -37.692249860999937 ], [ 145.311314880000054, -37.689521860999946 ], [ 145.310910871000033, -37.683691870999951 ], [ 145.308215891000032, -37.684032859999945 ], [ 145.30617488200005, -37.682400859999973 ], [ 145.303773882000087, -37.682116849999943 ], [ 145.302863892000119, -37.687480849999929 ], [ 145.294663913000022, -37.685938859999965 ], [ 145.292760913000052, -37.687680858999954 ], [ 145.29069589400001, -37.688027858999931 ], [ 145.285321895000038, -37.685814848999939 ], [ 145.281782885000098, -37.685925848999943 ], [ 145.280226896000045, -37.68711486899997 ], [ 145.278257896000014, -37.687045857999976 ], [ 145.275009616000034, -37.691241957999978 ], [ 145.271819917000016, -37.691738867999959 ], [ 145.271651917000099, -37.690415857999938 ], [ 145.269588897000062, -37.689580857999943 ], [ 145.266489898000032, -37.69086584799993 ], [ 145.264825648000055, -37.688933156999951 ], [ 145.26647661800007, -37.686374127999954 ], [ 145.265948568000113, -37.684339156999954 ], [ 145.264594639000052, -37.683640176999972 ], [ 145.265585579000117, -37.680892186999984 ], [ 145.26525656900003, -37.678433206999955 ], [ 145.263815550000118, -37.677699196999981 ], [ 145.263441530000023, -37.676335206999966 ], [ 145.257949601000064, -37.673238236999964 ], [ 145.257744541000079, -37.672108216999959 ], [ 145.256475581000018, -37.672026246999962 ], [ 145.256012542000121, -37.670259236999982 ], [ 145.258322811000085, -37.669896546999951 ], [ 145.263130921000084, -37.664703146999955 ], [ 145.270064460000071, -37.66295269799997 ], [ 145.270948120000071, -37.65910232799996 ], [ 145.276384180000036, -37.654793887999972 ], [ 145.281259919000036, -37.653722287999983 ], [ 145.286107519000097, -37.65061486899998 ], [ 145.290508908000106, -37.650709008999968 ], [ 145.293934908000097, -37.646121858999948 ], [ 145.3052858960001, -37.641993869999965 ], [ 145.304731896000021, -37.641220859999976 ] ] ] } },
{ "type": "Feature", "properties": { "suburb": "Chum Creek" }, "geometry": { "type": "Polygon", "coordinates": [ [ [ 145.502796893000095, -37.639672873999984 ], [ 145.488020305000077, -37.64055687299998 ], [ 145.484956056000101, -37.638441672999932 ], [ 145.480743376000078, -37.638442321999946 ], [ 145.480722857000046, -37.629913881999983 ], [ 145.483805869000093, -37.61561887199997 ], [ 145.476230840000085, -37.614547871999946 ], [ 145.477387890000045, -37.611191881999957 ], [ 145.475353861000031, -37.609827871999983 ], [ 145.473231902000066, -37.604115871999966 ], [ 145.46800685200003, -37.606811870999934 ], [ 145.468260892000103, -37.605791870999951 ], [ 145.459752884000068, -37.604686870999956 ], [ 145.458626865000042, -37.59906486999995 ], [ 145.458798855000055, -37.593132879999985 ], [ 145.456793866000112, -37.589922869999953 ], [ 145.460642866000057, -37.585616870999957 ], [ 145.461604897000029, -37.572793869999941 ], [ 145.475741855000024, -37.573672880999936 ], [ 145.483770873000026, -37.578228871999954 ], [ 145.486387882000031, -37.583168871999931 ], [ 145.503150869000024, -37.583287862999953 ], [ 145.50535086800005, -37.584938883999939 ], [ 145.50676984800009, -37.588369003999958 ], [ 145.504500238000105, -37.590339343999972 ], [ 145.504047898000067, -37.593222863999983 ], [ 145.505166877000079, -37.59401287399993 ], [ 145.505416057000048, -37.596419743999945 ], [ 145.509145886000056, -37.598605863999978 ], [ 145.507703876000051, -37.600704873999973 ], [ 145.512812855000107, -37.604446873999962 ], [ 145.512405885000021, -37.605617863999953 ], [ 145.509387875000016, -37.606138883999961 ], [ 145.512402844000121, -37.608726863999948 ], [ 145.510589855000035, -37.609654883999951 ], [ 145.510864884000057, -37.611163873999942 ], [ 145.513114854000037, -37.61147187399996 ], [ 145.514416883000081, -37.613538883999979 ], [ 145.511247844000081, -37.615395873999944 ], [ 145.513302863000035, -37.617900863999978 ], [ 145.50910284400004, -37.618887883999946 ], [ 145.510581863000084, -37.620023873999969 ], [ 145.511359863000052, -37.622629873999983 ], [ 145.510818853000046, -37.625538873999972 ], [ 145.509151863000056, -37.626513873999954 ], [ 145.510354873000097, -37.626753873999974 ], [ 145.508144872000116, -37.634382873999982 ], [ 145.505543883000087, -37.634655873999975 ], [ 145.506242852000014, -37.636296883999933 ], [ 145.503863893000016, -37.636946873999932 ], [ 145.504608852000047, -37.638663883999982 ], [ 145.502796893000095, -37.639672873999984 ] ] ] } },
{ "type": "Feature", "properties": { "suburb": "Clarinda" }, "geometry": { "type": "Polygon", "coordinates": [ [ [ 145.109915159000025, -37.927415737999979 ], [ 145.107115168000064, -37.94178803799997 ], [ 145.116281776000051, -37.942923608999934 ], [ 145.113407035000023, -37.957590018999952 ], [ 145.103146227000025, -37.95632515799997 ], [ 145.09973990800006, -37.94762783799996 ], [ 145.097173479000048, -37.944446396999979 ], [ 145.100711720000049, -37.926280547999966 ], [ 145.109915159000025, -37.927415737999979 ] ] ] } },
{ "type": "Feature", "properties": { "suburb": "Clarkefield" }, "geometry": { "type": "Polygon", "coordinates": [ [ [ 144.75977222500012, -37.501594611999963 ], [ 144.757536376000076, -37.494825160999937 ], [ 144.751945207000063, -37.497004630999982 ], [ 144.750217258000021, -37.496584620999954 ], [ 144.745866239000065, -37.493878610999957 ], [ 144.745456239000077, -37.492135610999981 ], [ 144.740139240000076, -37.489269589999935 ], [ 144.739057240000079, -37.489685599999973 ], [ 144.740571290000048, -37.493170629999952 ], [ 144.739518310000108, -37.493843629999958 ], [ 144.73583429100006, -37.491561649999937 ], [ 144.732526262000079, -37.48731861999994 ], [ 144.726554343000089, -37.486648658999968 ], [ 144.724415343000032, -37.485431658999971 ], [ 144.722627314000079, -37.483739678999939 ], [ 144.728740044000119, -37.473998818999974 ], [ 144.712120027000083, -37.464825817999952 ], [ 144.701226019000046, -37.462847816999954 ], [ 144.719335958395646, -37.454098379399944 ], [ 144.752158972002519, -37.454098379399944 ], [ 144.820804009000085, -37.462430835999953 ], [ 144.828988987000116, -37.467214825999974 ], [ 144.847236174000045, -37.469383026999935 ], [ 144.846147423000048, -37.475450076999948 ], [ 144.854404122000119, -37.476031517999957 ], [ 144.863987480000105, -37.478567238999972 ], [ 144.865319950000071, -37.471382428999959 ], [ 144.898665544000096, -37.475808980999943 ], [ 144.896946574000026, -37.476592290999974 ], [ 144.898704814000098, -37.478615970999954 ], [ 144.897173134000013, -37.479107280999983 ], [ 144.893473205000078, -37.477786450999929 ], [ 144.894109325000045, -37.480267450999975 ], [ 144.891520524000043, -37.485930499999938 ], [ 144.891612574000078, -37.486864330999936 ], [ 144.896002323000062, -37.488701410999965 ], [ 144.89134780400002, -37.490440930999966 ], [ 144.892355534000103, -37.491302860999951 ], [ 144.894605283000033, -37.491133810999941 ], [ 144.895051783000099, -37.493608630999972 ], [ 144.886953164000033, -37.49359813999996 ], [ 144.887600714000087, -37.497027489999937 ], [ 144.885343334000027, -37.498863719999974 ], [ 144.883142864000092, -37.498844649999967 ], [ 144.88313530400012, -37.501633039999945 ], [ 144.881941604000076, -37.500552199999959 ], [ 144.880745465000018, -37.500981229999979 ], [ 144.881053454000039, -37.502431739999963 ], [ 144.883135414000094, -37.502876189999938 ], [ 144.883632834000082, -37.50480878999997 ], [ 144.877617965000013, -37.505382809999958 ], [ 144.875492165000082, -37.502109788999974 ], [ 144.873283916000105, -37.503350778999959 ], [ 144.872823836000066, -37.504603858999928 ], [ 144.870834806000062, -37.504603858999928 ], [ 144.869102886000064, -37.503166818999944 ], [ 144.867661057000078, -37.503467798999964 ], [ 144.86819768600003, -37.504719528999942 ], [ 144.870987126000045, -37.505733808999935 ], [ 144.869735026000058, -37.50658483899997 ], [ 144.867792716000054, -37.505762518999973 ], [ 144.866335886000115, -37.506847818999972 ], [ 144.868994876000102, -37.50954080899993 ], [ 144.866631796000092, -37.511522548999949 ], [ 144.871675075000098, -37.513636798999983 ], [ 144.870179995000058, -37.51608183899998 ], [ 144.867868045000023, -37.517530828999952 ], [ 144.868233815000053, -37.520325868999976 ], [ 144.866807145000053, -37.521343868999963 ], [ 144.867369135000104, -37.522559848999947 ], [ 144.866619935000017, -37.524010828999963 ], [ 144.863847935000081, -37.525850868999953 ], [ 144.862105905000021, -37.525713808999967 ], [ 144.862368015000015, -37.52712779899997 ], [ 144.861533835000046, -37.527922858999943 ], [ 144.860439095000061, -37.527758798999969 ], [ 144.858959126000059, -37.524831798999969 ], [ 144.8560680060001, -37.52694185799993 ], [ 144.856393076000018, -37.529336847999957 ], [ 144.859418155000071, -37.528798828999982 ], [ 144.858833865000065, -37.531683868999949 ], [ 144.856880165000121, -37.531243857999982 ], [ 144.856627216000106, -37.530369907999955 ], [ 144.84220343800007, -37.528816996999979 ], [ 144.837792779000097, -37.52946858699994 ], [ 144.83406671900002, -37.531409546999953 ], [ 144.827936181000041, -37.52478582599997 ], [ 144.768265992000011, -37.517411811999978 ], [ 144.770213992000095, -37.515551821999964 ], [ 144.768338993000043, -37.508898811999984 ], [ 144.769969013000036, -37.506632821999972 ], [ 144.766280024000025, -37.505130831999963 ], [ 144.766267144000039, -37.502638541999943 ], [ 144.762791645000107, -37.499550991999968 ], [ 144.760432215000037, -37.499508861999971 ], [ 144.761003515000084, -37.501733781999974 ], [ 144.75977222500012, -37.501594611999963 ] ] ] } },
{ "type": "Feature", "properties": { "suburb": "Clayton South" }, "geometry": { "type": "Polygon", "coordinates": [ [ [ 145.141290043000026, -37.93131982999995 ], [ 145.136587450000093, -37.96048430999997 ], [ 145.130452201000026, -37.960504209999954 ], [ 145.130651062000084, -37.959770969999965 ], [ 145.113407035000023, -37.957590018999952 ], [ 145.116281776000051, -37.942923608999934 ], [ 145.107115168000064, -37.94178803799997 ], [ 145.109915159000025, -37.927415737999979 ], [ 145.141290043000026, -37.93131982999995 ] ] ] } },
{ "type": "Feature", "properties": { "suburb": "Clematis" }, "geometry": { "type": "Polygon", "coordinates": [ [ [ 145.430314292000048, -37.934879240999976 ], [ 145.427500833000067, -37.934999869999956 ], [ 145.427486822000105, -37.935912869999981 ], [ 145.42644584300001, -37.935750859999985 ], [ 145.4265998730001, -37.936928869999974 ], [ 145.422227863000103, -37.936503869999967 ], [ 145.422266843000102, -37.937798869999938 ], [ 145.421434833000035, -37.936936879999962 ], [ 145.419774844000017, -37.937856869999962 ], [ 145.417372854000064, -37.937272879999966 ], [ 145.413115855000115, -37.937955878999958 ], [ 145.412329835000037, -37.937526858999945 ], [ 145.412264865000111, -37.935395868999933 ], [ 145.410038836000012, -37.93494286899994 ], [ 145.408814846000041, -37.936121858999968 ], [ 145.406505856000081, -37.935732858999984 ], [ 145.406849836000106, -37.938085878999971 ], [ 145.403314986000055, -37.93816088899996 ], [ 145.406493846000103, -37.935145878999947 ], [ 145.412502845000063, -37.933530858999973 ], [ 145.411755836000111, -37.931571878999932 ], [ 145.40906085600011, -37.929170878999969 ], [ 145.411257206000073, -37.927665118999982 ], [ 145.415992095000092, -37.928270828999985 ], [ 145.41705034600011, -37.922887549999984 ], [ 145.422687874000076, -37.928968869999949 ], [ 145.43008821300009, -37.92954519999995 ], [ 145.430158033000112, -37.931190370999957 ], [ 145.432432862000041, -37.932277880999948 ], [ 145.430210592000094, -37.932428500999947 ], [ 145.430314292000048, -37.934879240999976 ] ] ] } },
{ "type": "Feature", "properties": { "suburb": "Clifton Springs" }, "geometry": { "type": "Polygon", "coordinates": [ [ [ 144.573579918000064, -38.158925352999972 ], [ 144.572390497000015, -38.165062192999983 ], [ 144.56798118800009, -38.16452811299996 ], [ 144.567496648000088, -38.167048572999931 ], [ 144.566378868000015, -38.166914562999978 ], [ 144.565222548000065, -38.169505572999981 ], [ 144.564185328000121, -38.167993722999938 ], [ 144.564605088000121, -38.165280702999951 ], [ 144.563140609000016, -38.165102042999933 ], [ 144.562986559000024, -38.165917462999971 ], [ 144.560007209000105, -38.165570571999979 ], [ 144.559545669000045, -38.167993751999973 ], [ 144.553485100000103, -38.167297251999969 ], [ 144.552828580000096, -38.170060611999929 ], [ 144.551378181000018, -38.168210481999949 ], [ 144.551130561000036, -38.160739001999957 ], [ 144.548990422000088, -38.15592387199996 ], [ 144.550627042000087, -38.155135811999969 ], [ 144.555631411000036, -38.15567490199993 ], [ 144.564591180000093, -38.15158377299997 ], [ 144.580444438000086, -38.139104973999963 ], [ 144.582783838000068, -38.141765103999944 ], [ 144.591642856000021, -38.146804723999935 ], [ 144.588714056000072, -38.149821893999956 ], [ 144.58397449600011, -38.152520153999944 ], [ 144.582327906000046, -38.159640133999972 ], [ 144.573579918000064, -38.158925352999972 ] ] ] } },
{ "type": "Feature", "properties": { "suburb": "Clonbinane" }, "geometry": { "type": "Polygon", "coordinates": [ [ [ 145.227720440000098, -37.454464702999985 ], [ 145.2293587690001, -37.458647373999952 ], [ 145.224769920000085, -37.458144852999965 ], [ 145.222278289000087, -37.472586192999984 ], [ 145.220057950000069, -37.470500472999959 ], [ 145.21653260100004, -37.464506952999955 ], [ 145.20957322300012, -37.459423071999936 ], [ 145.208957943000087, -37.456950591999941 ], [ 145.20620888704363, -37.454098379399944 ], [ 145.227720440000098, -37.454464702999985 ] ] ] } },
{ "type": "Feature", "properties": { "suburb": "Clyde" }, "geometry": { "type": "Polygon", "coordinates": [ [ [ 145.371355825000023, -38.179953877999935 ], [ 145.34384483000008, -38.176349875999961 ], [ 145.342221820000077, -38.183983855999941 ], [ 145.324180825000099, -38.165647864999983 ], [ 145.319372826000063, -38.162191853999957 ], [ 145.315825828000015, -38.15073386399996 ], [ 145.313000839000097, -38.145320873999935 ], [ 145.307674840000118, -38.141699862999985 ], [ 145.309771871000066, -38.131630462999965 ], [ 145.315029860000095, -38.132299793999948 ], [ 145.317192831000057, -38.121481863999975 ], [ 145.318632831000059, -38.120562863999965 ], [ 145.319267951000029, -38.117730383999969 ], [ 145.383390429000087, -38.125624967999954 ], [ 145.399484584000106, -38.142984349999949 ], [ 145.393187822000073, -38.171938768999951 ], [ 145.373553816000026, -38.169371877999936 ], [ 145.371355825000023, -38.179953877999935 ] ] ] } },
{ "type": "Feature", "properties": { "suburb": "Clyde North" }, "geometry": { "type": "Polygon", "coordinates": [ [ [ 145.335350273000017, -38.074498024999968 ], [ 145.378632695000078, -38.079797137999947 ], [ 145.380404584000075, -38.081596957999977 ], [ 145.380348774000026, -38.084923357999969 ], [ 145.381812574000037, -38.08576269799994 ], [ 145.380823274000022, -38.087443807999932 ], [ 145.381993973000021, -38.089653937999969 ], [ 145.382753213000115, -38.089200957999935 ], [ 145.382338173000107, -38.090836807999949 ], [ 145.38439122300008, -38.09169666799994 ], [ 145.385176742000112, -38.093573617999937 ], [ 145.390672511000048, -38.094632658999956 ], [ 145.392816660000108, -38.097300238999935 ], [ 145.395018450000066, -38.09767815899994 ], [ 145.397810229000015, -38.099928518999945 ], [ 145.399019109000051, -38.101730958999951 ], [ 145.398468289000107, -38.104913088999979 ], [ 145.400692738000089, -38.108406259999981 ], [ 145.400755408, -38.110709619999966 ], [ 145.399005048000049, -38.113294788999951 ], [ 145.401817007000091, -38.117897549999952 ], [ 145.401728096000056, -38.119161159999976 ], [ 145.388468229000068, -38.120530688999963 ], [ 145.383138829000018, -38.125643867999941 ], [ 145.317958861000079, -38.117564863999974 ], [ 145.319131862000063, -38.11146185399997 ], [ 145.316916852000077, -38.110983853999983 ], [ 145.317646732000071, -38.108839643999943 ], [ 145.31959198200002, -38.109074283999973 ], [ 145.31996714200011, -38.107244033999962 ], [ 145.317112123000015, -38.106451513999957 ], [ 145.320277852000117, -38.106232873999943 ], [ 145.319742832000088, -38.105069863999972 ], [ 145.32085685200002, -38.105309873999943 ], [ 145.321437862000039, -38.10250885399995 ], [ 145.32227385200008, -38.10260986399993 ], [ 145.323077843000078, -38.097398863999956 ], [ 145.316116124000018, -38.096647063999967 ], [ 145.31632891400011, -38.094699863999949 ], [ 145.323438243000055, -38.095529673999977 ], [ 145.324931853000066, -38.088297893999936 ], [ 145.332676862000085, -38.089228784999932 ], [ 145.335350273000017, -38.074498024999968 ] ] ] } },
{ "type": "Feature", "properties": { "suburb": "Cobblebank" }, "geometry": { "type": "Polygon", "coordinates": [ [ [ 144.58124582500011, -37.70509145099993 ], [ 144.577859665000119, -37.704079970999942 ], [ 144.577932595000107, -37.702750780999963 ], [ 144.580643155000075, -37.700486320999971 ], [ 144.580502775000014, -37.699542400999974 ], [ 144.579030326000066, -37.699367740999946 ], [ 144.579291636000107, -37.698009500999945 ], [ 144.580886175000046, -37.698010780999937 ], [ 144.582472756000016, -37.693275760999938 ], [ 144.589982004000035, -37.694964810999977 ], [ 144.609611741000094, -37.696017222999956 ], [ 144.61470539000004, -37.697665942999947 ], [ 144.621006998000098, -37.702394823999953 ], [ 144.61849901700009, -37.717330813999979 ], [ 144.611747988000047, -37.715109242999972 ], [ 144.610518748000118, -37.721916682999961 ], [ 144.608096818000035, -37.721642342999985 ], [ 144.609406529000012, -37.714338722999969 ], [ 144.600870830000076, -37.711529861999963 ], [ 144.599977020000097, -37.716469801999949 ], [ 144.583972023000115, -37.714656800999933 ], [ 144.580631284000106, -37.713462670999945 ], [ 144.581481244000088, -37.711088260999929 ], [ 144.580718524000076, -37.709333450999964 ], [ 144.58124582500011, -37.70509145099993 ] ] ] } },
{ "type": "Feature", "properties": { "suburb": "Cockatoo" }, "geometry": { "type": "Polygon", "coordinates": [ [ [ 145.49970067300012, -37.909625874999961 ], [ 145.500303693000092, -37.908046914999943 ], [ 145.503825942000049, -37.907145905999982 ], [ 145.510891862000108, -37.900833875999979 ], [ 145.507713263000028, -37.899823775999948 ], [ 145.520925931000079, -37.889829816999963 ], [ 145.522406221000097, -37.887068086999932 ], [ 145.525125661000061, -37.887032356999953 ], [ 145.528872890000116, -37.89023491699993 ], [ 145.531498780000106, -37.887181836999957 ], [ 145.531950900000083, -37.883363866999957 ], [ 145.533735790000037, -37.883504887999948 ], [ 145.535758980000082, -37.883758877999981 ], [ 145.534995769000034, -37.887606817999938 ], [ 145.536049849000051, -37.887745887999984 ], [ 145.535835669000107, -37.888834797999948 ], [ 145.536839709000105, -37.888959427999964 ], [ 145.537052839000012, -37.887876917999961 ], [ 145.550514866000071, -37.889649978999955 ], [ 145.549491846000024, -37.89748887899998 ], [ 145.547593815000027, -37.901577878999944 ], [ 145.539975827000035, -37.903080867999961 ], [ 145.538518817000067, -37.904837867999959 ], [ 145.536838837000118, -37.905274877999943 ], [ 145.536558807000119, -37.907951887999957 ], [ 145.53760482600012, -37.90900488799997 ], [ 145.536752836000119, -37.911284877999947 ], [ 145.538875856000118, -37.913577877999955 ], [ 145.53791780600011, -37.915306867999959 ], [ 145.535205826000038, -37.914901867999959 ], [ 145.533356846000061, -37.918971867999971 ], [ 145.530359826000108, -37.921964877999983 ], [ 145.529143826000109, -37.926491876999933 ], [ 145.522358807000046, -37.925672886999962 ], [ 145.521665817000098, -37.926647866999929 ], [ 145.5159786480001, -37.92522682699996 ], [ 145.514702828000054, -37.931754865999949 ], [ 145.512442818000068, -37.931477865999966 ], [ 145.511315808000063, -37.93732988599993 ], [ 145.516361817000075, -37.938208876999965 ], [ 145.517401816000074, -37.939030886999944 ], [ 145.516868846000079, -37.941691886999934 ], [ 145.518316066000011, -37.94226449699994 ], [ 145.517747866000036, -37.944912846999955 ], [ 145.514647816000092, -37.94497987699998 ], [ 145.51609781600007, -37.946226886999966 ], [ 145.515299816000038, -37.95033488699994 ], [ 145.518804835000083, -37.950765876999981 ], [ 145.516572824000036, -37.962124876999951 ], [ 145.50068882700009, -37.960249885999929 ], [ 145.499024836000103, -37.968811865999953 ], [ 145.496270027000037, -37.969462514999975 ], [ 145.497327837000057, -37.966806874999975 ], [ 145.495634827000117, -37.963635884999974 ], [ 145.49603482800012, -37.962287874999959 ], [ 145.484398810000016, -37.960862874999975 ], [ 145.484493970000017, -37.958018703999983 ], [ 145.479217561000041, -37.957364673999962 ], [ 145.479866831000095, -37.954033883999955 ], [ 145.473014833000093, -37.953182883999943 ], [ 145.476021844000115, -37.939639883999973 ], [ 145.470329815000014, -37.938984872999981 ], [ 145.471391855000093, -37.93372487299996 ], [ 145.467329846000098, -37.932477862999974 ], [ 145.468317246000083, -37.928356582999982 ], [ 145.474948965000067, -37.929201423999984 ], [ 145.476400895000097, -37.928885333999972 ], [ 145.476526565000086, -37.927434583999968 ], [ 145.478974845000039, -37.926880873999949 ], [ 145.481676824000033, -37.927376883999955 ], [ 145.487995853000029, -37.926419874999965 ], [ 145.488209813000026, -37.927361874999974 ], [ 145.490331812000022, -37.927631884999983 ], [ 145.491366812000024, -37.926986884999963 ], [ 145.489991853000106, -37.91914987499996 ], [ 145.493370843000093, -37.916796874999932 ], [ 145.494050833000074, -37.914340874999937 ], [ 145.49970067300012, -37.909625874999961 ] ] ] } },
{ "type": "Feature", "properties": { "suburb": "Cocoroc" }, "geometry": { "type": "Polygon", "coordinates": [ [ [ 144.688346867000064, -37.973622829999954 ], [ 144.659020870000063, -37.994861847999971 ], [ 144.651001311000073, -38.001838026999962 ], [ 144.633068644000105, -38.001814085999968 ], [ 144.623079806000078, -38.000123095999982 ], [ 144.605837139000073, -38.001853233999952 ], [ 144.592494381000051, -38.004567363999968 ], [ 144.580217973000117, -38.00246395299996 ], [ 144.573388055, -37.999194171999932 ], [ 144.571787865000033, -37.997078621999947 ], [ 144.573430175000112, -37.995797381999978 ], [ 144.57339313500006, -37.994349651999983 ], [ 144.568358867000029, -37.988364101999935 ], [ 144.568529147000049, -37.986585441999978 ], [ 144.567371767000054, -37.985831861999941 ], [ 144.56838730700008, -37.985344071999975 ], [ 144.567829657000061, -37.984502211999938 ], [ 144.566619717000094, -37.984043201999953 ], [ 144.566397617000121, -37.985809991999929 ], [ 144.567127287000062, -37.985964241999966 ], [ 144.565439637000054, -37.986727371999962 ], [ 144.560684378000019, -37.984653670999933 ], [ 144.554678159000105, -37.984789120999949 ], [ 144.55220711000004, -37.982339060999948 ], [ 144.551098311000032, -37.97957588099996 ], [ 144.549622661000058, -37.978800250999939 ], [ 144.550494241000024, -37.975851030999934 ], [ 144.548412392000046, -37.974302749999936 ], [ 144.62743605300011, -37.930198054999948 ], [ 144.657511168000042, -37.919937476999962 ], [ 144.661450907000017, -37.924293837999983 ], [ 144.668059046000053, -37.926043787999959 ], [ 144.667534906000014, -37.929071827999962 ], [ 144.661096996000083, -37.933878827999933 ], [ 144.663329016000034, -37.935747847999949 ], [ 144.665360855000017, -37.942809887999942 ], [ 144.667084894000027, -37.943403797999963 ], [ 144.668286954000109, -37.940184847999944 ], [ 144.671035184000061, -37.938705797999944 ], [ 144.672125984000104, -37.939174787999946 ], [ 144.669855104000021, -37.944216757999982 ], [ 144.664704984000082, -37.947595827999976 ], [ 144.664018054000053, -37.949232737999978 ], [ 144.664203114000088, -37.950393817999952 ], [ 144.66888993300006, -37.954431757999942 ], [ 144.667384052000102, -37.961893757999974 ], [ 144.668046812000057, -37.967338837999932 ], [ 144.672973690000049, -37.973006538999982 ], [ 144.67823158900012, -37.974202558999934 ], [ 144.680462509000108, -37.973889558999929 ], [ 144.680343119000099, -37.972959328999934 ], [ 144.681898449000073, -37.972388548999959 ], [ 144.685856368000032, -37.972198529999957 ], [ 144.688346867000064, -37.973622829999954 ] ] ] } },
{ "type": "Feature", "properties": { "suburb": "Coimadai" }, "geometry": { "type": "MultiPolygon", "coordinates": [ [ [ [ 144.539130156000056, -37.574642826999934 ], [ 144.537880946000087, -37.576409616999968 ], [ 144.538672955000038, -37.577395666999962 ], [ 144.537837035000052, -37.578738536999936 ], [ 144.538610325000036, -37.583669546999943 ], [ 144.534350805000031, -37.588391226999931 ], [ 144.536020865000069, -37.588165606999951 ], [ 144.536395245000108, -37.589421646999938 ], [ 144.534907365000095, -37.590469496999958 ], [ 144.533449365000024, -37.590230466999969 ], [ 144.534246015000122, -37.591573636999954 ], [ 144.5326019150001, -37.594181726999977 ], [ 144.53106975500009, -37.595384856999942 ], [ 144.529828865000013, -37.595103506999976 ], [ 144.527944219200009, -37.597908521148376 ], [ 144.527944219200009, -37.555742873289958 ], [ 144.55623124400006, -37.558887157999948 ], [ 144.553045235000013, -37.561274227999945 ], [ 144.551375575000066, -37.561114477999979 ], [ 144.550637215000052, -37.563673897999934 ], [ 144.54867231500009, -37.564534737999963 ], [ 144.546176445000015, -37.569413467999937 ], [ 144.544941645000108, -37.569554497999945 ], [ 144.544649315000015, -37.571578507999959 ], [ 144.542285545000027, -37.573908517999939 ], [ 144.539130156000056, -37.574642826999934 ] ] ], [ [ [ 144.527944219200009, -37.598716654760466 ], [ 144.528312865000089, -37.599077196999929 ], [ 144.527944219200009, -37.599404581166596 ], [ 144.527944219200009, -37.598716654760466 ] ] ], [ [ [ 144.527944219200009, -37.600679034322681 ], [ 144.528432775000056, -37.601693506999936 ], [ 144.527944219200009, -37.602050078647935 ], [ 144.527944219200009, -37.600679034322681 ] ] ] ] } },
{ "type": "Feature", "properties": { "suburb": "Coldstream" }, "geometry": { "type": "Polygon", "coordinates": [ [ [ 145.315263088000052, -37.698528870999951 ], [ 145.400310853000065, -37.708372876999931 ], [ 145.402990864000117, -37.69383187699998 ], [ 145.400871894000034, -37.693577866999931 ], [ 145.404049506000092, -37.674936696999964 ], [ 145.40497248600002, -37.674267696999948 ], [ 145.406770435000112, -37.675803696999935 ], [ 145.407316366000032, -37.670779636999953 ], [ 145.408217296000089, -37.668228616999954 ], [ 145.409419275000118, -37.668284616999983 ], [ 145.409318246000112, -37.666943586999935 ], [ 145.410662215000116, -37.66690058699993 ], [ 145.411022245000026, -37.667924587999948 ], [ 145.413229185000091, -37.665407547999962 ], [ 145.414371165000034, -37.665889547999939 ], [ 145.41867611400005, -37.664617487999976 ], [ 145.418884094000077, -37.663558487999978 ], [ 145.420375044000025, -37.664040487999955 ], [ 145.419758084000023, -37.665341487999967 ], [ 145.42393401400011, -37.663068467999949 ], [ 145.421498044000032, -37.663432467999939 ], [ 145.420448044000068, -37.662157467999975 ], [ 145.423736984000016, -37.662070467999968 ], [ 145.42039895500011, -37.658838457999934 ], [ 145.42085695500009, -37.657605437999962 ], [ 145.425954914000044, -37.65845141899996 ], [ 145.425372954000068, -37.660373437999965 ], [ 145.426388933000112, -37.659908438999935 ], [ 145.42665695300002, -37.661115438999957 ], [ 145.430869922000056, -37.663305408999975 ], [ 145.429681962000018, -37.664481418999969 ], [ 145.431308002000037, -37.666225418999943 ], [ 145.430121962000044, -37.666407418999938 ], [ 145.429708052000024, -37.668425438999975 ], [ 145.431516012000088, -37.668060408999963 ], [ 145.434591971000032, -37.669157408999979 ], [ 145.435290911000038, -37.668124388999956 ], [ 145.436072921000118, -37.669374378999976 ], [ 145.437924900000098, -37.669130358999951 ], [ 145.438574890000041, -37.669668358999957 ], [ 145.436987940000108, -37.670328368999947 ], [ 145.436865960000091, -37.671569358999932 ], [ 145.441053899000053, -37.672913319999964 ], [ 145.441791929000033, -37.673971309999956 ], [ 145.444206879000035, -37.673077299999932 ], [ 145.446239848000118, -37.67426125999998 ], [ 145.455772697000043, -37.671168190999936 ], [ 145.456450687000029, -37.672826180999948 ], [ 145.45760266700006, -37.671406180999952 ], [ 145.458625686000119, -37.672808160999978 ], [ 145.462745656000038, -37.673778100999982 ], [ 145.465221605000011, -37.675782070999958 ], [ 145.468030565000049, -37.675923031999957 ], [ 145.469017525000027, -37.674196051999957 ], [ 145.468001545000106, -37.673659071999964 ], [ 145.472087464000083, -37.672485041999948 ], [ 145.469633465000015, -37.671606071999975 ], [ 145.4718783940001, -37.670789051999975 ], [ 145.473081295000043, -37.664706111999976 ], [ 145.475545225000019, -37.664032111999973 ], [ 145.478729264000094, -37.666968011999984 ], [ 145.479836204000094, -37.664460041999973 ], [ 145.484938093000096, -37.66356293299998 ], [ 145.484317123000096, -37.665064952999955 ], [ 145.485055153000076, -37.665723922999973 ], [ 145.489133072000072, -37.665399862999948 ], [ 145.487402102000033, -37.666333862999977 ], [ 145.486764152000092, -37.668152862999932 ], [ 145.488579192000088, -37.669682812999952 ], [ 145.489857121000114, -37.669178792999958 ], [ 145.490581171000031, -37.672219752999979 ], [ 145.492718141000068, -37.672413722999977 ], [ 145.492282181000064, -37.673502732999964 ], [ 145.48879622100003, -37.673990772999957 ], [ 145.488939261000041, -37.675027752999938 ], [ 145.491224270000089, -37.676037712999971 ], [ 145.488925321000011, -37.677656732999935 ], [ 145.490319320000026, -37.678441712999984 ], [ 145.489686340000048, -37.679842692999955 ], [ 145.493440399000065, -37.682534652999948 ], [ 145.491917439000076, -37.683963662999929 ], [ 145.494326479000051, -37.686933653999972 ], [ 145.495223499000076, -37.687206623999941 ], [ 145.495500429000117, -37.685227623999936 ], [ 145.496872458000098, -37.686320603999945 ], [ 145.494551539000099, -37.688013633999958 ], [ 145.495760528000119, -37.688646623999944 ], [ 145.494575588000089, -37.690274623999983 ], [ 145.477003831000047, -37.690407881999931 ], [ 145.477014851000035, -37.696919881999975 ], [ 145.420993860000067, -37.696960867999962 ], [ 145.418616649000114, -37.710540297999955 ], [ 145.421922709000114, -37.711312838999959 ], [ 145.426054077000117, -37.716395858999931 ], [ 145.428236736000031, -37.723284818999957 ], [ 145.426872726000056, -37.727727938999976 ], [ 145.429132775000085, -37.729321828999957 ], [ 145.42897980500004, -37.731405878999965 ], [ 145.427390775000049, -37.733615828999973 ], [ 145.430798854000045, -37.735643888999959 ], [ 145.429772874000037, -37.738386808999962 ], [ 145.430103814000063, -37.741920918999938 ], [ 145.428951734000066, -37.742499918999954 ], [ 145.429304874000081, -37.743513848999953 ], [ 145.427033984000104, -37.746507888999929 ], [ 145.427720803000057, -37.74875955899995 ], [ 145.416231485000026, -37.748699687999931 ], [ 145.411710006000021, -37.747759077999945 ], [ 145.413193337000052, -37.739203217999943 ], [ 145.376347684000052, -37.734874455999943 ], [ 145.374022924000087, -37.738501844999973 ], [ 145.369412865000072, -37.736054864999971 ], [ 145.340931011000066, -37.72637242299993 ], [ 145.342555882000056, -37.716443712999933 ], [ 145.312346227000035, -37.713892170999941 ], [ 145.31134127700011, -37.713103040999954 ], [ 145.312331257000096, -37.712159020999934 ], [ 145.311202318000028, -37.711970020999956 ], [ 145.312192267000114, -37.71128902099997 ], [ 145.311309228000027, -37.709133010999949 ], [ 145.313763197000071, -37.710045010999977 ], [ 145.314320187000021, -37.70932800099996 ], [ 145.312391198000114, -37.708533000999978 ], [ 145.314100157000098, -37.708130980999954 ], [ 145.314170168000032, -37.706630960999973 ], [ 145.319042117000095, -37.707910940999966 ], [ 145.322142096000107, -37.707161931999963 ], [ 145.320144047000099, -37.706276930999934 ], [ 145.314923128000032, -37.699608880999961 ], [ 145.315263088000052, -37.698528870999951 ] ] ] } },
{ "type": "Feature", "properties": { "suburb": "Coolaroo" }, "geometry": { "type": "Polygon", "coordinates": [ [ [ 144.946903075000023, -37.666449134999937 ], [ 144.925440059000039, -37.664155843999936 ], [ 144.924524569000027, -37.668732093999949 ], [ 144.921933170000102, -37.664930143999982 ], [ 144.922639960000083, -37.662098823999941 ], [ 144.927150740000116, -37.657737003999955 ], [ 144.931475, -37.649903203999941 ], [ 144.93136496000011, -37.647780823999938 ], [ 144.928746961000115, -37.643070833999957 ], [ 144.92876276100003, -37.640700693999975 ], [ 144.934882970000103, -37.641386873999977 ], [ 144.93457353000008, -37.642817613999966 ], [ 144.941984848000061, -37.653952294999954 ], [ 144.946903075000023, -37.666449134999937 ] ] ] } },
{ "type": "Feature", "properties": { "suburb": "Cora Lynn" }, "geometry": { "type": "Polygon", "coordinates": [ [ [ 145.578698821000103, -38.156818881999982 ], [ 145.576974632000088, -38.152070841999944 ], [ 145.580251821000047, -38.151344881999933 ], [ 145.581289772000105, -38.14610189299998 ], [ 145.58390908380008, -38.145517718643646 ], [ 145.58390908380008, -38.159953847357691 ], [ 145.578698821000103, -38.156818881999982 ] ] ] } },
{ "type": "Feature", "properties": { "suburb": "Cottles Bridge" }, "geometry": { "type": "Polygon", "coordinates": [ [ [ 145.220197913000106, -37.625572853999984 ], [ 145.217747923000047, -37.627024863999964 ], [ 145.217265903000111, -37.629274853999959 ], [ 145.215318923000041, -37.629047853999964 ], [ 145.214945933000081, -37.631063853999933 ], [ 145.210090414000092, -37.63049287299998 ], [ 145.211963884000056, -37.629571852999959 ], [ 145.21030371400002, -37.628721372999962 ], [ 145.209852534000106, -37.629799342999945 ], [ 145.20645997500003, -37.630363392999982 ], [ 145.204099885000119, -37.632829882999943 ], [ 145.200788755000076, -37.632225342999959 ], [ 145.200481715000024, -37.633920862999958 ], [ 145.199460035000016, -37.634374652999952 ], [ 145.191654877000019, -37.633665321999956 ], [ 145.191394237000054, -37.632014621999929 ], [ 145.192726777000075, -37.62899803199997 ], [ 145.19225756700007, -37.626778381999941 ], [ 145.202189916000066, -37.627876862999983 ], [ 145.202806906000092, -37.624231862999977 ], [ 145.201286906000064, -37.624064862999944 ], [ 145.20176092600002, -37.621563842999933 ], [ 145.197750897000105, -37.620979851999948 ], [ 145.199037297000018, -37.618645731999948 ], [ 145.19453691800004, -37.617647861999956 ], [ 145.194360918000029, -37.616222861999972 ], [ 145.195605938000085, -37.614316861999953 ], [ 145.198644928000022, -37.614643841999964 ], [ 145.199828908000086, -37.607730861999983 ], [ 145.195779929000082, -37.607292851999944 ], [ 145.196797919000119, -37.605709841999953 ], [ 145.19571992900012, -37.604397841999969 ], [ 145.198889909000059, -37.603033861999961 ], [ 145.19949391900002, -37.599495841999953 ], [ 145.197579350000069, -37.599294341999951 ], [ 145.201721909000071, -37.596217851999938 ], [ 145.206771938000088, -37.594762862999971 ], [ 145.206642919000046, -37.594014852999976 ], [ 145.20965693800008, -37.592022862999954 ], [ 145.219595886000093, -37.593192863999946 ], [ 145.219994907000114, -37.591253853999945 ], [ 145.226510815000097, -37.592012873999977 ], [ 145.226489055000116, -37.590688923999949 ], [ 145.225065596000036, -37.590798593999978 ], [ 145.224343916000066, -37.586353853999981 ], [ 145.228909916000021, -37.58433086399998 ], [ 145.234633925000026, -37.58362985499997 ], [ 145.239879924000093, -37.579457844999979 ], [ 145.243818894000015, -37.580058854999947 ], [ 145.251089912000111, -37.583887855999933 ], [ 145.251192071000105, -37.592095195999946 ], [ 145.248761902000069, -37.592041865999931 ], [ 145.248197901000026, -37.594769855999971 ], [ 145.244956922000028, -37.597914854999942 ], [ 145.247039501000017, -37.599316305999935 ], [ 145.246128941000052, -37.60433885599997 ], [ 145.245502891000115, -37.606100845999947 ], [ 145.243311941000115, -37.606221854999944 ], [ 145.243889921000118, -37.606879864999939 ], [ 145.242821931000094, -37.608203854999942 ], [ 145.251236929000015, -37.614206865999961 ], [ 145.248666889000106, -37.617031845999975 ], [ 145.247010879000072, -37.616976845999943 ], [ 145.24672990900001, -37.618915855999944 ], [ 145.245256909000091, -37.618993845999967 ], [ 145.245893909000074, -37.620321855999975 ], [ 145.236068910000085, -37.623345864999976 ], [ 145.234909891000029, -37.620967854999947 ], [ 145.230921901000102, -37.622043844999951 ], [ 145.230038891000049, -37.623193844999946 ], [ 145.227034912000022, -37.622818853999945 ], [ 145.226586912000016, -37.625197853999964 ], [ 145.224917032000121, -37.624592873999973 ], [ 145.22512435200008, -37.623514223999962 ], [ 145.218458583000029, -37.622700563999956 ], [ 145.217992913000103, -37.623222853999948 ], [ 145.220197913000106, -37.625572853999984 ] ] ] } },
{ "type": "Feature", "properties": { "suburb": "Craigieburn" }, "geometry": { "type": "Polygon", "coordinates": [ [ [ 144.952706362000072, -37.600434234999966 ], [ 144.953428191000057, -37.60129500499994 ], [ 144.95310272100005, -37.603694774999951 ], [ 144.952062321000085, -37.604182834999961 ], [ 144.95226862100003, -37.606950324999957 ], [ 144.946466472000111, -37.607412474999933 ], [ 144.950489501000106, -37.611233524999932 ], [ 144.952416550000066, -37.610666254999956 ], [ 144.952848570000015, -37.612067114999945 ], [ 144.951877300000092, -37.613168784999971 ], [ 144.952695560000052, -37.614015164999955 ], [ 144.953952690000051, -37.613644815999976 ], [ 144.954637760000082, -37.61591713599995 ], [ 144.955772139000032, -37.616374415999985 ], [ 144.955397359000017, -37.619199975999948 ], [ 144.957369779000032, -37.620735805999971 ], [ 144.954852339000013, -37.622619425999972 ], [ 144.939000982000039, -37.620911834999959 ], [ 144.940495652000095, -37.613693594999972 ], [ 144.900552, -37.60914483199997 ], [ 144.900296169000057, -37.611688881999953 ], [ 144.891062941000087, -37.610525840999969 ], [ 144.892087971000024, -37.606311830999971 ], [ 144.883609973000034, -37.605145830999959 ], [ 144.879532785000038, -37.589827829999933 ], [ 144.890234873000054, -37.591122670999937 ], [ 144.891920004000099, -37.580074630999945 ], [ 144.894203954000091, -37.580369560999941 ], [ 144.894865134000042, -37.576626820999934 ], [ 144.892644374000042, -37.576370370999939 ], [ 144.89504696500012, -37.564215820999948 ], [ 144.940509967000025, -37.569680833999939 ], [ 144.945474949000072, -37.540100834999976 ], [ 144.960010417000035, -37.541605475999972 ], [ 144.959402727000111, -37.542553804999955 ], [ 144.954894797000065, -37.543640104999952 ], [ 144.953101297000103, -37.547953184999983 ], [ 144.953913827000065, -37.549881974999948 ], [ 144.960055755000099, -37.554604445999985 ], [ 144.960775055000113, -37.556660855999951 ], [ 144.96395347400005, -37.557323435999933 ], [ 144.96554217400012, -37.560224325999968 ], [ 144.963237093000089, -37.567164115999958 ], [ 144.964147873000115, -37.568726605999984 ], [ 144.963766633000091, -37.571665295999935 ], [ 144.965324702000089, -37.572039075999953 ], [ 144.965289442000085, -37.573531445999947 ], [ 144.962366602000088, -37.577561195999976 ], [ 144.963270562000048, -37.579316735999953 ], [ 144.960355632000073, -37.58034912599993 ], [ 144.959978732000081, -37.581813605999969 ], [ 144.957556663000105, -37.581550085999936 ], [ 144.956596173000094, -37.582496085999935 ], [ 144.958496982000042, -37.585105265999971 ], [ 144.956953282000086, -37.585752635999938 ], [ 144.957918092000114, -37.587974095999982 ], [ 144.95733022200011, -37.589069135999978 ], [ 144.958809092000024, -37.591130585999963 ], [ 144.955791202000114, -37.591365135999979 ], [ 144.954803722000065, -37.59540037499994 ], [ 144.95301092200009, -37.596406294999952 ], [ 144.952706362000072, -37.600434234999966 ] ] ] } },
{ "type": "Feature", "properties": { "suburb": "Cranbourne East" }, "geometry": { "type": "Polygon", "coordinates": [ [ [ 145.317549402000054, -38.109182023999949 ], [ 145.316916852000077, -38.110983853999983 ], [ 145.319131862000063, -38.11146185399997 ], [ 145.318014852000033, -38.115051853999944 ], [ 145.317958861000079, -38.117564863999974 ], [ 145.319267951000029, -38.117730383999969 ], [ 145.318719851000083, -38.120302863999939 ], [ 145.317755061000071, -38.121823563999953 ], [ 145.317192831000057, -38.121481863999975 ], [ 145.315029860000095, -38.132299793999948 ], [ 145.309771871000066, -38.131630462999965 ], [ 145.307674840000118, -38.141699862999985 ], [ 145.291251595000062, -38.129139711999983 ], [ 145.288246846000106, -38.121478871999955 ], [ 145.295410479000111, -38.084501931999966 ], [ 145.324931853000066, -38.088297893999936 ], [ 145.323438243000055, -38.095529673999977 ], [ 145.31632891400011, -38.094699863999949 ], [ 145.316116124000018, -38.096647063999967 ], [ 145.323077843000078, -38.097398863999956 ], [ 145.32227385200008, -38.10260986399993 ], [ 145.321437862000039, -38.10250885399995 ], [ 145.32085685200002, -38.105309873999943 ], [ 145.319742832000088, -38.105069863999972 ], [ 145.320277852000117, -38.106232873999943 ], [ 145.317112123000015, -38.106451513999957 ], [ 145.31996714200011, -38.107244033999962 ], [ 145.31959198200002, -38.109074283999973 ], [ 145.317549402000054, -38.109182023999949 ] ] ] } },
{ "type": "Feature", "properties": { "suburb": "Cranbourne North" }, "geometry": { "type": "Polygon", "coordinates": [ [ [ 145.298209050000082, -38.069887421999965 ], [ 145.335350273000017, -38.074498024999968 ], [ 145.332676862000085, -38.089228784999932 ], [ 145.264833485000054, -38.080719089999945 ], [ 145.262486065000076, -38.077645149999967 ], [ 145.264288876000023, -38.069376849999969 ], [ 145.262720866000109, -38.068893849999938 ], [ 145.263022836000118, -38.067430859999945 ], [ 145.264640876000044, -38.067665859999977 ], [ 145.265026466000108, -38.06580127999996 ], [ 145.289105032000066, -38.068416910999929 ], [ 145.295258500000045, -38.071472501999949 ], [ 145.297839700000054, -38.071786501999952 ], [ 145.298209050000082, -38.069887421999965 ] ] ] } },
{ "type": "Feature", "properties": { "suburb": "Cranbourne South" }, "geometry": { "type": "Polygon", "coordinates": [ [ [ 145.238207865000049, -38.122606857999983 ], [ 145.249870782000016, -38.124761758999966 ], [ 145.245503961000054, -38.147827768999946 ], [ 145.291257722000068, -38.153392361999977 ], [ 145.28668507000009, -38.176703731999964 ], [ 145.221743262000018, -38.168963016999953 ], [ 145.231632866000041, -38.117245857999933 ], [ 145.239098865000074, -38.11815884799995 ], [ 145.238207865000049, -38.122606857999983 ] ] ] } },
{ "type": "Feature", "properties": { "suburb": "Cranbourne West" }, "geometry": { "type": "Polygon", "coordinates": [ [ [ 145.25240520400007, -38.109358788999941 ], [ 145.249232513000038, -38.124037898999973 ], [ 145.238207865000049, -38.122606857999983 ], [ 145.239098865000074, -38.11815884799995 ], [ 145.231632866000041, -38.117245857999933 ], [ 145.239589179000063, -38.077663847999929 ], [ 145.264833485000054, -38.080719089999945 ], [ 145.271205323000117, -38.08906036999997 ], [ 145.26934587300002, -38.088925859999961 ], [ 145.265048211000021, -38.110886799999946 ], [ 145.25240520400007, -38.109358788999941 ] ] ] } },
{ "type": "Feature", "properties": { "suburb": "Croydon" }, "geometry": { "type": "Polygon", "coordinates": [ [ [ 145.304663880000021, -37.794850860999929 ], [ 145.304039880000119, -37.794772860999956 ], [ 145.303516909000109, -37.797452860999954 ], [ 145.304136899000014, -37.797626860999969 ], [ 145.302966599000115, -37.80064073099993 ], [ 145.304022609000071, -37.801290760999962 ], [ 145.302624479000087, -37.801152090999949 ], [ 145.302169799000012, -37.803427790999933 ], [ 145.3031058790001, -37.80354885099996 ], [ 145.302198888000021, -37.808138850999967 ], [ 145.306536838000056, -37.809556230999931 ], [ 145.30618873700007, -37.811395810999954 ], [ 145.297829439000111, -37.810344 ], [ 145.297290879000116, -37.813178859999937 ], [ 145.288178800000082, -37.812047349999943 ], [ 145.288120440000057, -37.813381659999948 ], [ 145.25960270600001, -37.80928827799994 ], [ 145.264025915000047, -37.807785297999942 ], [ 145.262029116000122, -37.803934317999961 ], [ 145.26260365600001, -37.803507927999931 ], [ 145.255886058000101, -37.796548136999945 ], [ 145.256891518000089, -37.795790057999966 ], [ 145.25523927800009, -37.796127776999981 ], [ 145.254164898000113, -37.794982846999972 ], [ 145.258972898000025, -37.78686586799995 ], [ 145.261699888000066, -37.784978867999939 ], [ 145.263957008000034, -37.784727287999942 ], [ 145.264396978000036, -37.782413707999979 ], [ 145.274060646000066, -37.783557088999942 ], [ 145.277741265000031, -37.785712408999984 ], [ 145.27937927500011, -37.784029038999961 ], [ 145.29157319300009, -37.779458229999932 ], [ 145.293442654000046, -37.772500929999978 ], [ 145.297242854000046, -37.769263029999934 ], [ 145.297345783000083, -37.770369839999944 ], [ 145.303400622000026, -37.775686410999981 ], [ 145.307885521000117, -37.777542850999964 ], [ 145.305955181000058, -37.779897790999939 ], [ 145.307419300000106, -37.783671210999955 ], [ 145.305471341000043, -37.783122210999977 ], [ 145.305271571000048, -37.784339290999981 ], [ 145.306334270000093, -37.785624760999951 ], [ 145.305693510000083, -37.789217550999979 ], [ 145.308621359000085, -37.78955272099995 ], [ 145.307002799000088, -37.792413630999931 ], [ 145.308843499000091, -37.793988700999932 ], [ 145.308669499000075, -37.794889710999939 ], [ 145.304213950000076, -37.794126950999953 ], [ 145.304663880000021, -37.794850860999929 ] ] ] } },
{ "type": "Feature", "properties": { "suburb": "Croydon Hills" }, "geometry": { "type": "Polygon", "coordinates": [ [ [ 145.26613313900009, -37.767849697999964 ], [ 145.274133908000067, -37.768860848999964 ], [ 145.276142167000103, -37.770246358999941 ], [ 145.274060646000066, -37.783557088999942 ], [ 145.256061079000119, -37.781271836999963 ], [ 145.257397340000011, -37.773996656999941 ], [ 145.261934729000018, -37.774445687999957 ], [ 145.263218540000025, -37.767368347999934 ], [ 145.25881599100012, -37.766825057999938 ], [ 145.259124851000024, -37.765157557999942 ], [ 145.266152809000118, -37.766767357999981 ], [ 145.26613313900009, -37.767849697999964 ] ] ] } },
{ "type": "Feature", "properties": { "suburb": "Croydon North" }, "geometry": { "type": "Polygon", "coordinates": [ [ [ 145.293715204000023, -37.772175589999961 ], [ 145.29157319300009, -37.779458229999932 ], [ 145.27937927500011, -37.784029038999961 ], [ 145.278011985000035, -37.785605128999975 ], [ 145.274060646000066, -37.783557088999942 ], [ 145.276180717000102, -37.770469368999954 ], [ 145.272174878000101, -37.768223857999942 ], [ 145.271254089000081, -37.764951927999959 ], [ 145.27192565900009, -37.763093437999942 ], [ 145.27820857800009, -37.761831498999982 ], [ 145.296438574000035, -37.763440109999976 ], [ 145.295906184000046, -37.766386979999936 ], [ 145.300347143000067, -37.76738120999994 ], [ 145.293715204000023, -37.772175589999961 ] ] ] } },
{ "type": "Feature", "properties": { "suburb": "Croydon South" }, "geometry": { "type": "Polygon", "coordinates": [ [ [ 145.261413505000064, -37.809513617999983 ], [ 145.288120440000057, -37.813381659999948 ], [ 145.288178800000082, -37.812047349999943 ], [ 145.297245949000057, -37.813173289999952 ], [ 145.296469298000034, -37.817525719999935 ], [ 145.29331829900002, -37.818962699999929 ], [ 145.287363870000036, -37.818888869999967 ], [ 145.278308871000036, -37.821769858999971 ], [ 145.278475901000093, -37.819329848999985 ], [ 145.268275903000017, -37.818279867999934 ], [ 145.268488883000032, -37.816529857999967 ], [ 145.266987814000117, -37.817553347999933 ], [ 145.261490515000105, -37.816852497999946 ], [ 145.261436905000096, -37.814830857999937 ], [ 145.258986585000116, -37.814518207999981 ], [ 145.258914096000012, -37.810555877999946 ], [ 145.261351195000088, -37.810293747999935 ], [ 145.261413505000064, -37.809513617999983 ] ] ] } },
{ "type": "Feature", "properties": { "suburb": "Curlewis" }, "geometry": { "type": "Polygon", "coordinates": [ [ [ 144.552975890000084, -38.170063021999965 ], [ 144.549951869000097, -38.185289831999967 ], [ 144.559917937000023, -38.186494071999959 ], [ 144.560281507000013, -38.18913790299996 ], [ 144.559133477000046, -38.191278721999936 ], [ 144.559660166000072, -38.192603181999971 ], [ 144.558078006000073, -38.201025301999948 ], [ 144.543173959000114, -38.19930881099998 ], [ 144.542875979000087, -38.200818800999969 ], [ 144.537618950000024, -38.200173820999964 ], [ 144.537917710000102, -38.198712710999985 ], [ 144.527944219200009, -38.197416726739782 ], [ 144.527944219200009, -38.159976240806699 ], [ 144.531573825, -38.15852123999997 ], [ 144.536650764000115, -38.158543160999955 ], [ 144.542511633000117, -38.156622080999966 ], [ 144.545934093000028, -38.15689882099997 ], [ 144.548990422000088, -38.15592387199996 ], [ 144.551123551000046, -38.160706991999973 ], [ 144.551324191000049, -38.167862261999971 ], [ 144.552975890000084, -38.170063021999965 ] ] ] } },
{ "type": "Feature", "properties": { "suburb": "Dallas" }, "geometry": { "type": "Polygon", "coordinates": [ [ [ 144.949996964000093, -37.674237845999983 ], [ 144.939466716000084, -37.672920534999946 ], [ 144.939275236000071, -37.67462584499998 ], [ 144.940402026000015, -37.675965074999965 ], [ 144.938579356000105, -37.678538074999949 ], [ 144.938118625000016, -37.681041364999942 ], [ 144.936442906000025, -37.68083579499995 ], [ 144.937546886000064, -37.676964834999978 ], [ 144.923246119000055, -37.675203093999983 ], [ 144.925440059000039, -37.664155843999936 ], [ 144.946903075000023, -37.666449134999937 ], [ 144.949996964000093, -37.674237845999983 ] ] ] } },
{ "type": "Feature", "properties": { "suburb": "Dalmore" }, "geometry": { "type": "Polygon", "coordinates": [ [ [ 145.393187822000073, -38.171938768999951 ], [ 145.423060836000104, -38.175836871999934 ], [ 145.426112827000111, -38.161423871999943 ], [ 145.454085802, -38.164912883999932 ], [ 145.45257481200008, -38.172244873999944 ], [ 145.459417350000081, -38.173116173999972 ], [ 145.457951840000078, -38.180338863999964 ], [ 145.451581821000104, -38.179517873999941 ], [ 145.450131240000019, -38.186539662999962 ], [ 145.445419421000111, -38.185918612999956 ], [ 145.443968511000094, -38.192861902999937 ], [ 145.439183832000026, -38.192214862999947 ], [ 145.442676080000069, -38.199092522999933 ], [ 145.441097820000095, -38.200841882999953 ], [ 145.4414017900001, -38.202533832999961 ], [ 145.440397874043299, -38.204685381599937 ], [ 145.417447711511414, -38.204685381599937 ], [ 145.416669544000115, -38.203822540999965 ], [ 145.419062815000075, -38.19493087099994 ], [ 145.39609843900007, -38.191983279999931 ], [ 145.3965053390001, -38.190096819999951 ], [ 145.389558191000106, -38.189206838999951 ], [ 145.393187822000073, -38.171938768999951 ] ] ] } },
{ "type": "Feature", "properties": { "suburb": "Dandenong North" }, "geometry": { "type": "Polygon", "coordinates": [ [ [ 145.234128862000034, -37.972241856999972 ], [ 145.195083839000063, -37.967530403999945 ], [ 145.202635939000061, -37.955975654999975 ], [ 145.19631900100012, -37.955196993999948 ], [ 145.198714052000014, -37.940958673999944 ], [ 145.194970653000041, -37.937780003999933 ], [ 145.219639868000058, -37.940172845999939 ], [ 145.219077878000121, -37.940801845999943 ], [ 145.220268868000062, -37.941095845999939 ], [ 145.219373888000064, -37.941731865999941 ], [ 145.222421857000086, -37.943446845999972 ], [ 145.22294888700003, -37.945569855999963 ], [ 145.226039886000081, -37.948147865999942 ], [ 145.225799866000102, -37.949241865999966 ], [ 145.226977866000084, -37.950597855999945 ], [ 145.232855854000036, -37.953227856999945 ], [ 145.234074884000051, -37.958687856999973 ], [ 145.232418874000018, -37.961337846999982 ], [ 145.233637873000021, -37.964513856999929 ], [ 145.23286487300004, -37.970345846999976 ], [ 145.234128862000034, -37.972241856999972 ] ] ] } },
{ "type": "Feature", "properties": { "suburb": "Dandenong South" }, "geometry": { "type": "Polygon", "coordinates": [ [ [ 145.213426943000059, -37.999291045999939 ], [ 145.218234722000034, -37.999866685999962 ], [ 145.218569862000095, -37.998266865999938 ], [ 145.226029880000056, -38.001782866999974 ], [ 145.225537860000031, -38.000520846999962 ], [ 145.25185942600001, -38.003622207999967 ], [ 145.246831004000114, -38.02531691799993 ], [ 145.247077852000075, -38.038448867999932 ], [ 145.2424533410001, -38.062876027999948 ], [ 145.206043387000022, -38.058355455999958 ], [ 145.210462409000115, -38.039198375999945 ], [ 145.187481863000016, -38.036482843999977 ], [ 145.183510704000014, -38.031802033999952 ], [ 145.184501864000026, -38.030744853999977 ], [ 145.193574376000015, -38.000676243999976 ], [ 145.208054873000037, -38.002501864999942 ], [ 145.20787989300004, -38.003382854999984 ], [ 145.212510862000045, -38.003943865999929 ], [ 145.213426943000059, -37.999291045999939 ] ] ] } },
{ "type": "Feature", "properties": { "suburb": "Darraweit Guim" }, "geometry": { "type": "Polygon", "coordinates": [ [ [ 144.897371529875073, -37.454098379399944 ], [ 144.896735136000075, -37.457877180999958 ], [ 144.89785447600002, -37.459138430999928 ], [ 144.891772487000026, -37.460880189999955 ], [ 144.896477226000115, -37.462551400999985 ], [ 144.896302646000095, -37.46406929099993 ], [ 144.89876562500001, -37.465578020999942 ], [ 144.902109175000078, -37.464274750999948 ], [ 144.905651684000077, -37.464690080999958 ], [ 144.905064324000023, -37.468527420999976 ], [ 144.903201364000097, -37.467689390999965 ], [ 144.899888475000012, -37.469674850999979 ], [ 144.900118094000049, -37.475323300999946 ], [ 144.897201385000017, -37.474243830999967 ], [ 144.896848175000059, -37.474988230999941 ], [ 144.865319950000071, -37.471382428999959 ], [ 144.863987480000105, -37.478567238999972 ], [ 144.854404122000119, -37.476031517999957 ], [ 144.846147423000048, -37.475450076999948 ], [ 144.847236174000045, -37.469383026999935 ], [ 144.828988987000116, -37.467214825999974 ], [ 144.820804009000085, -37.462430835999953 ], [ 144.811637001, -37.461319814999968 ], [ 144.813022424825562, -37.454098379399944 ], [ 144.897371529875073, -37.454098379399944 ] ] ] } },
{ "type": "Feature", "properties": { "suburb": "Deanside" }, "geometry": { "type": "Polygon", "coordinates": [ [ [ 144.678717945000017, -37.725668647999953 ], [ 144.681669356000043, -37.718649487999983 ], [ 144.683897695000041, -37.719633697999939 ], [ 144.685828475000108, -37.722032627999965 ], [ 144.683592004000047, -37.726979807999953 ], [ 144.684498004000034, -37.729616817999954 ], [ 144.68632501400009, -37.729559817999984 ], [ 144.687395994000099, -37.726812807999977 ], [ 144.693286983000121, -37.723764828999947 ], [ 144.694541023000056, -37.724715818999982 ], [ 144.694290003000106, -37.727480828999944 ], [ 144.696188992000089, -37.729645828999935 ], [ 144.695363002000022, -37.730850828999962 ], [ 144.696168002000036, -37.732123828999931 ], [ 144.701357971000107, -37.732067828999959 ], [ 144.704501970000024, -37.734530828999937 ], [ 144.70716501000004, -37.73479881999998 ], [ 144.710505091000073, -37.718732619999969 ], [ 144.729105997000033, -37.721303830999943 ], [ 144.727458356000056, -37.734776430999943 ], [ 144.725777196000081, -37.737487680999948 ], [ 144.724140216000023, -37.744373120999967 ], [ 144.72369096500006, -37.750908820999939 ], [ 144.705246979000094, -37.747333829999945 ], [ 144.670910006000099, -37.734976826999969 ], [ 144.67141244600009, -37.731440296999949 ], [ 144.669221557000014, -37.728505506999966 ], [ 144.669669117000012, -37.726925716999972 ], [ 144.671793757000046, -37.726276636999955 ], [ 144.675541096000075, -37.728365296999982 ], [ 144.676706136000121, -37.725645586999974 ], [ 144.678717945000017, -37.725668647999953 ] ] ] } },
{ "type": "Feature", "properties": { "suburb": "Deepdene" }, "geometry": { "type": "Polygon", "coordinates": [ [ [ 145.072362038000051, -37.808176574999948 ], [ 145.072080158000063, -37.814509604999955 ], [ 145.069468578000055, -37.814274154999964 ], [ 145.069183698000074, -37.815827804999969 ], [ 145.068033468000067, -37.815692294999963 ], [ 145.068309188000057, -37.814201024999932 ], [ 145.067175759000065, -37.814057694999974 ], [ 145.066914378000092, -37.815467274999946 ], [ 145.064537209000036, -37.814584453999942 ], [ 145.06490085900009, -37.815985443999978 ], [ 145.05973538000012, -37.81540221399996 ], [ 145.061355210000102, -37.806910173999938 ], [ 145.072362038000051, -37.808176574999948 ] ] ] } },
{ "type": "Feature", "properties": { "suburb": "Deer Park" }, "geometry": { "type": "Polygon", "coordinates": [ [ [ 144.771305717000018, -37.751728933999971 ], [ 144.774046976000022, -37.749755833999984 ], [ 144.778075996000098, -37.750340823999977 ], [ 144.775252974000068, -37.766465823999965 ], [ 144.776546974000098, -37.766344813999979 ], [ 144.776375244000064, -37.767581373999974 ], [ 144.784847113000069, -37.768050314999982 ], [ 144.785464982000121, -37.769180834999929 ], [ 144.788054942000031, -37.76932749499997 ], [ 144.789184662000025, -37.767846744999929 ], [ 144.790308562000064, -37.76783099499994 ], [ 144.789993971000058, -37.770720824999955 ], [ 144.793896991000111, -37.770446825999954 ], [ 144.793456470000024, -37.777876015999936 ], [ 144.789137860000096, -37.784242794999955 ], [ 144.754783666000094, -37.781385652999973 ], [ 144.758270989000039, -37.75540682299993 ], [ 144.75642996900001, -37.754272822999951 ], [ 144.756889979000107, -37.750551832999975 ], [ 144.771305717000018, -37.751728933999971 ] ] ] } },
{ "type": "Feature", "properties": { "suburb": "Delahey" }, "geometry": { "type": "Polygon", "coordinates": [ [ [ 144.768104132000076, -37.70979981399995 ], [ 144.781802499000037, -37.711285803999942 ], [ 144.790463036000119, -37.722403324999959 ], [ 144.79298230500001, -37.727940654999941 ], [ 144.764050291000103, -37.725544732999936 ], [ 144.768104132000076, -37.70979981399995 ] ] ] } },
{ "type": "Feature", "properties": { "suburb": "Derrimut" }, "geometry": { "type": "Polygon", "coordinates": [ [ [ 144.754783666000094, -37.781385652999973 ], [ 144.790300970000089, -37.784352834999936 ], [ 144.787835979000079, -37.792216824999969 ], [ 144.788059979000082, -37.795434824999973 ], [ 144.789742079000121, -37.795884605999959 ], [ 144.789207758000089, -37.800197615999934 ], [ 144.802262966000058, -37.80062182599994 ], [ 144.806465065000111, -37.802362456999958 ], [ 144.807011105000015, -37.802790816999959 ], [ 144.805600965000053, -37.802967826999975 ], [ 144.80664497500004, -37.804464826999947 ], [ 144.80684765400008, -37.809386056999983 ], [ 144.808321344000092, -37.810420736999959 ], [ 144.809094593000054, -37.815405436999981 ], [ 144.75097569400009, -37.810449782999967 ], [ 144.754783666000094, -37.781385652999973 ] ] ] } },
{ "type": "Feature", "properties": { "suburb": "Devon Meadows" }, "geometry": { "type": "Polygon", "coordinates": [ [ [ 145.294392413000082, -38.13677764199997 ], [ 145.298542462000114, -38.137256162999961 ], [ 145.299922822000099, -38.136154862999945 ], [ 145.313000839000097, -38.145320873999935 ], [ 145.315825828000015, -38.15073386399996 ], [ 145.319372826000063, -38.162191853999957 ], [ 145.324180825000099, -38.165647864999983 ], [ 145.350984847000063, -38.192854866999937 ], [ 145.343055038000102, -38.195959125999934 ], [ 145.331113810000033, -38.194596864999937 ], [ 145.320110812000053, -38.195838863999938 ], [ 145.304027864000091, -38.20130487299997 ], [ 145.291191836000053, -38.203724851999937 ], [ 145.281304858000112, -38.20250385199995 ], [ 145.294392413000082, -38.13677764199997 ] ] ] } },
{ "type": "Feature", "properties": { "suburb": "Dewhurst" }, "geometry": { "type": "Polygon", "coordinates": [ [ [ 145.485929729000077, -37.969254944999932 ], [ 145.481648829000051, -37.972006873999931 ], [ 145.483081818000073, -37.976828874999967 ], [ 145.480495828000016, -37.979849873999967 ], [ 145.481777818000069, -37.983548873999951 ], [ 145.478391858, -37.985639873999958 ], [ 145.479312828000047, -37.986833883999964 ], [ 145.478616848000115, -37.986838873999943 ], [ 145.478620817000092, -37.993185873999948 ], [ 145.468701839000119, -37.992745873999979 ], [ 145.466571849000047, -37.991678882999963 ], [ 145.451414822000061, -37.99166188199996 ], [ 145.451407852000102, -37.989730871999939 ], [ 145.445231833000094, -37.989728871999944 ], [ 145.445225844000106, -37.985476871999936 ], [ 145.440269845000103, -37.986321871999962 ], [ 145.441472845000021, -37.982970871999953 ], [ 145.449007864, -37.981913881999958 ], [ 145.453390823000063, -37.97932487199995 ], [ 145.463549831000023, -37.979211882999948 ], [ 145.465590842000097, -37.97406988299997 ], [ 145.462621822000074, -37.970341872999938 ], [ 145.464354843000024, -37.965796882999939 ], [ 145.468715862000067, -37.961299862999965 ], [ 145.471977062000065, -37.959314593999977 ], [ 145.475018792000014, -37.959703613999977 ], [ 145.473419871000033, -37.967676833999974 ], [ 145.485929729000077, -37.969254944999932 ] ] ] } },
{ "type": "Feature", "properties": { "suburb": "Diamond Creek" }, "geometry": { "type": "Polygon", "coordinates": [ [ [ 145.182416404000037, -37.673072171999934 ], [ 145.178688913000087, -37.691171980999968 ], [ 145.151163828000108, -37.688289719999943 ], [ 145.142946879000078, -37.686759658999961 ], [ 145.143709400000034, -37.68261100899997 ], [ 145.137536551000039, -37.683084108999935 ], [ 145.13346768100007, -37.68470371799998 ], [ 145.122057054000038, -37.680698366999934 ], [ 145.125418853000042, -37.677852017999953 ], [ 145.126096514000096, -37.674050877999946 ], [ 145.130721933000018, -37.674554857999965 ], [ 145.133831844000042, -37.662067887999967 ], [ 145.137721173000045, -37.662509967999938 ], [ 145.138447013000018, -37.657991177999975 ], [ 145.142665943000111, -37.658371848999934 ], [ 145.143209933000094, -37.65566285899996 ], [ 145.138878914000088, -37.654198837999957 ], [ 145.139328924000097, -37.65196285899998 ], [ 145.143835943000113, -37.652525848999971 ], [ 145.144181933000027, -37.650745848999975 ], [ 145.145899953000026, -37.650721838999971 ], [ 145.146388942000044, -37.652747848999979 ], [ 145.150673932000018, -37.653229848999956 ], [ 145.149782933000097, -37.646899848999965 ], [ 145.158356921000063, -37.647551849999957 ], [ 145.15683892200002, -37.644780849999961 ], [ 145.157144942000059, -37.643045859999972 ], [ 145.15798291200008, -37.642180849999932 ], [ 145.162699951000036, -37.641522849999944 ], [ 145.160908931000108, -37.639295849999939 ], [ 145.163129921000063, -37.638160839999955 ], [ 145.161641922000058, -37.63655585999993 ], [ 145.163776922000011, -37.630526849999967 ], [ 145.168804941000076, -37.631121849999943 ], [ 145.166081931000122, -37.637431849999984 ], [ 145.174408639000035, -37.639370170999939 ], [ 145.173172819000115, -37.645666830999971 ], [ 145.176405918000114, -37.64602985099998 ], [ 145.175696938000101, -37.649821850999956 ], [ 145.173306918000094, -37.649543860999984 ], [ 145.172891948000029, -37.652151860999936 ], [ 145.170351948000075, -37.65305486099993 ], [ 145.166410098000028, -37.657738869999946 ], [ 145.169031928000095, -37.658011840999961 ], [ 145.168736938000052, -37.65961785099995 ], [ 145.171466917000089, -37.660695860999965 ], [ 145.172459937000099, -37.664147850999939 ], [ 145.171360887000105, -37.666141980999953 ], [ 145.171795816000099, -37.667750520999959 ], [ 145.172498227000119, -37.666152710999938 ], [ 145.174551606000023, -37.666042860999937 ], [ 145.176598086000013, -37.667760450999936 ], [ 145.175399456000036, -37.668891490999954 ], [ 145.178360665000014, -37.672620390999953 ], [ 145.182416404000037, -37.673072171999934 ] ] ] } },
{ "type": "Feature", "properties": { "suburb": "Diggers Rest" }, "geometry": { "type": "Polygon", "coordinates": [ [ [ 144.747321995000107, -37.618568811999978 ], [ 144.751706994000074, -37.616791811999974 ], [ 144.751465984000106, -37.621078821999959 ], [ 144.752520024000091, -37.621490811999934 ], [ 144.755112003000022, -37.621248811999976 ], [ 144.756217003000074, -37.619037821999939 ], [ 144.757548013000019, -37.618674821999946 ], [ 144.763797982000028, -37.622777822999979 ], [ 144.769772991000082, -37.621237832999952 ], [ 144.770245991000024, -37.622539822999954 ], [ 144.769025981000027, -37.624207812999941 ], [ 144.769780980000064, -37.62473582299998 ], [ 144.776165020000121, -37.62312583399995 ], [ 144.778718989000026, -37.623687823999944 ], [ 144.778730969000094, -37.625138833999983 ], [ 144.777138979000028, -37.624513823999962 ], [ 144.769614, -37.630068822999931 ], [ 144.768753, -37.635003822999977 ], [ 144.766875, -37.635299822999968 ], [ 144.7649130100001, -37.637256832999981 ], [ 144.766061009000055, -37.645662822999952 ], [ 144.765782009000077, -37.646260822999977 ], [ 144.763964999000109, -37.645244812999977 ], [ 144.763314969000021, -37.64652982299998 ], [ 144.766796998000018, -37.655517832999976 ], [ 144.763725998000041, -37.656981822999967 ], [ 144.765298968000025, -37.658200832999967 ], [ 144.768768977000036, -37.658149822999974 ], [ 144.764782958000069, -37.66032783299994 ], [ 144.76128699800006, -37.658945822999954 ], [ 144.761237978000054, -37.660980822999932 ], [ 144.763572517000057, -37.664351952999937 ], [ 144.762902557000075, -37.664824942999985 ], [ 144.758549608000067, -37.662903952999955 ], [ 144.757529539000075, -37.662897012999963 ], [ 144.757329698000035, -37.664115982999931 ], [ 144.744597771000031, -37.663080921999949 ], [ 144.684624012000086, -37.656314817999942 ], [ 144.676648034000095, -37.652713816999949 ], [ 144.654147689000069, -37.637728554999967 ], [ 144.655629009000108, -37.636837814999978 ], [ 144.655314009000108, -37.633706824999933 ], [ 144.659027009000056, -37.632419815999981 ], [ 144.661117039000032, -37.626853815999937 ], [ 144.660001009000098, -37.624657825999975 ], [ 144.660530009000013, -37.623416805999966 ], [ 144.658835020000083, -37.622592815999951 ], [ 144.659486, -37.620139805999941 ], [ 144.658018001000073, -37.616147825999974 ], [ 144.654580032000013, -37.613669824999931 ], [ 144.654154992000031, -37.612385814999982 ], [ 144.65646365200007, -37.606406574999937 ], [ 144.656218122000041, -37.602806104999956 ], [ 144.657298592000075, -37.601457804999939 ], [ 144.655131403000041, -37.600013454999953 ], [ 144.65497671300011, -37.596599504999972 ], [ 144.656941553000024, -37.59389802499993 ], [ 144.634155957000075, -37.591347643999939 ], [ 144.634629027000074, -37.590268823999963 ], [ 144.632794028000035, -37.590097803999981 ], [ 144.630605019000086, -37.586720813999932 ], [ 144.631992018000119, -37.58573682399998 ], [ 144.631250009000041, -37.584240813999941 ], [ 144.631562999000039, -37.579286813999943 ], [ 144.629727010000011, -37.576312802999951 ], [ 144.627644030000056, -37.576107812999965 ], [ 144.626442011000108, -37.574822812999969 ], [ 144.623645092000061, -37.567536612999959 ], [ 144.626050042000088, -37.564705812999932 ], [ 144.626213372000052, -37.562893662999954 ], [ 144.671651563000069, -37.567708515999982 ], [ 144.681738000000109, -37.579565386999946 ], [ 144.693093147000013, -37.595929097999942 ], [ 144.709518142000093, -37.614214858999958 ], [ 144.747321995000107, -37.618568811999978 ] ] ] } },
{ "type": "Feature", "properties": { "suburb": "Dingley Village" }, "geometry": { "type": "Polygon", "coordinates": [ [ [ 145.130107171000077, -37.961666239999943 ], [ 145.132692211000062, -37.963389209999946 ], [ 145.14017233800007, -37.976435360999972 ], [ 145.145916846000091, -37.983599100999982 ], [ 145.144697816000075, -37.990868470999942 ], [ 145.109255922000102, -37.986601398999937 ], [ 145.112063904000024, -37.969818848999978 ], [ 145.110572924000053, -37.966300857999954 ], [ 145.112302835000037, -37.957455118999974 ], [ 145.130651062000084, -37.959770969999965 ], [ 145.130107171000077, -37.961666239999943 ] ] ] } },
{ "type": "Feature", "properties": { "suburb": "Dixons Creek" }, "geometry": { "type": "Polygon", "coordinates": [ [ [ 145.461494857000048, -37.571320859999958 ], [ 145.461182886000074, -37.583595870999943 ], [ 145.458884666000017, -37.58826715999993 ], [ 145.456793866000112, -37.589922869999953 ], [ 145.458798855000055, -37.593132879999985 ], [ 145.458626865000042, -37.59906486999995 ], [ 145.459752884000068, -37.604686870999956 ], [ 145.458009834000109, -37.606982869999968 ], [ 145.458913064000058, -37.608481900999948 ], [ 145.458808523000016, -37.613182550999966 ], [ 145.463202212000056, -37.613779310999973 ], [ 145.461100062000014, -37.616525310999975 ], [ 145.456827521000037, -37.635830950999946 ], [ 145.455190891000029, -37.635311969999975 ], [ 145.452603701000044, -37.642619269999955 ], [ 145.44524888300009, -37.63829187999994 ], [ 145.436281894000103, -37.637082868999983 ], [ 145.423766296000053, -37.640240927999969 ], [ 145.426456896000104, -37.633307867999974 ], [ 145.424751907000086, -37.628277867999941 ], [ 145.416292890000022, -37.620391867999956 ], [ 145.409815891000108, -37.61953886699996 ], [ 145.40977888000009, -37.622222866999948 ], [ 145.392974214000105, -37.620253945999934 ], [ 145.394292114000109, -37.614925415999949 ], [ 145.391760334000082, -37.614616885999965 ], [ 145.391654265000057, -37.61270445599996 ], [ 145.393195845000037, -37.603994155999942 ], [ 145.389497916000096, -37.603549925999971 ], [ 145.390233866000017, -37.599724225999978 ], [ 145.39332636600011, -37.600082455999939 ], [ 145.395350877000055, -37.587109865999935 ], [ 145.401981616000057, -37.587930175999929 ], [ 145.401448346000052, -37.584537515999955 ], [ 145.403071356000055, -37.582384525999942 ], [ 145.398979347000022, -37.581310265999946 ], [ 145.400083027000051, -37.575360605999947 ], [ 145.403884947000051, -37.575948725999979 ], [ 145.402209997000114, -37.574814805999949 ], [ 145.406723987000078, -37.572192946999962 ], [ 145.406791797000096, -37.567921146999936 ], [ 145.408754877000092, -37.568228856999951 ], [ 145.410072167000067, -37.563976156999956 ], [ 145.411203597000053, -37.563324086999955 ], [ 145.408208878000096, -37.559789866999949 ], [ 145.407410878000064, -37.55722385699994 ], [ 145.408060908000039, -37.555637876999981 ], [ 145.405495910000013, -37.546517865999931 ], [ 145.400647911000078, -37.543784865999953 ], [ 145.39893690100007, -37.539691865999941 ], [ 145.395633322000094, -37.539698015999932 ], [ 145.402405161000047, -37.536326905999942 ], [ 145.403459032000114, -37.527118845999951 ], [ 145.413338851000049, -37.525983736999933 ], [ 145.41793774000007, -37.526360636999982 ], [ 145.415462890000072, -37.528517796999949 ], [ 145.41433789000007, -37.531828816999962 ], [ 145.416850877000115, -37.550023866999936 ], [ 145.427815905000102, -37.551416877999941 ], [ 145.42600686500009, -37.55332287799996 ], [ 145.425306865000039, -37.559748867999929 ], [ 145.426464244000044, -37.561148767999953 ], [ 145.425710294000055, -37.565275407999934 ], [ 145.42966587300009, -37.565843857999937 ], [ 145.434001813, -37.564355797999951 ], [ 145.436638792000053, -37.565806858999963 ], [ 145.436622592000049, -37.566874758999973 ], [ 145.445138880000059, -37.567734878999943 ], [ 145.445578920000116, -37.569943868999985 ], [ 145.461494857000048, -37.571320859999958 ] ] ] } },
{ "type": "Feature", "properties": { "suburb": "Don Valley" }, "geometry": { "type": "MultiPolygon", "coordinates": [ [ [ [ 145.58390908380008, -37.762902488629251 ], [ 145.583521095000037, -37.761294609999936 ], [ 145.58390908380008, -37.76039602722873 ], [ 145.58390908380008, -37.762902488629251 ] ] ], [ [ [ 145.58390908380008, -37.759823183408905 ], [ 145.580220036000014, -37.759397259999957 ], [ 145.576192337000066, -37.756922439999983 ], [ 145.577854147000039, -37.751049809999984 ], [ 145.582511366000062, -37.751243029999955 ], [ 145.58390908380008, -37.739852565764991 ], [ 145.58390908380008, -37.759823183408905 ] ] ], [ [ [ 145.577284859000088, -37.738250889999961 ], [ 145.578378839000038, -37.732176869999932 ], [ 145.573285850000048, -37.731600878999984 ], [ 145.574812861000055, -37.723746878999975 ], [ 145.579564830000095, -37.724327879999976 ], [ 145.582012851000059, -37.711459889999958 ], [ 145.57323584300002, -37.710416878999979 ], [ 145.573754843000074, -37.707619878999935 ], [ 145.575637833000087, -37.705218878999972 ], [ 145.572148254000012, -37.701296298999978 ], [ 145.575477093000018, -37.699670358999981 ], [ 145.581694392000031, -37.704020409999941 ], [ 145.581213392000109, -37.705705449999982 ], [ 145.58390908380008, -37.709021424814182 ], [ 145.58390908380008, -37.738987332490993 ], [ 145.577284859000088, -37.738250889999961 ] ] ] ] } },
{ "type": "Feature", "properties": { "suburb": "Doncaster East" }, "geometry": { "type": "Polygon", "coordinates": [ [ [ 145.146192259000031, -37.773088189999953 ], [ 145.164448616000072, -37.775220920999971 ], [ 145.169913758000121, -37.745992610999963 ], [ 145.172596978000115, -37.746698550999952 ], [ 145.173153127000091, -37.749293730999966 ], [ 145.1768836870001, -37.750132961999952 ], [ 145.176686226000015, -37.751358201999949 ], [ 145.176993517000028, -37.750381581999932 ], [ 145.180409806000057, -37.751453441999956 ], [ 145.181902365000042, -37.754518331999975 ], [ 145.180372865000095, -37.756664261999958 ], [ 145.182865995000043, -37.758335551999949 ], [ 145.181530064000071, -37.761860591999948 ], [ 145.182849064000038, -37.762976571999957 ], [ 145.182599074000109, -37.764312581999945 ], [ 145.184136704000025, -37.76536884199993 ], [ 145.182180744000107, -37.765390951999962 ], [ 145.183891833000075, -37.770061491999968 ], [ 145.183240193000074, -37.77434016199993 ], [ 145.180230624000046, -37.772467031999952 ], [ 145.179966403000094, -37.773959091999984 ], [ 145.176388704000033, -37.773664091999933 ], [ 145.176076924000085, -37.775455851999936 ], [ 145.177552914000103, -37.775619861999985 ], [ 145.177370884000084, -37.776515851999932 ], [ 145.175914904000024, -37.77635584199993 ], [ 145.174287363000076, -37.786426821999953 ], [ 145.171150924000017, -37.786074711999959 ], [ 145.170679233000101, -37.789298291999955 ], [ 145.172969063000096, -37.790336141999944 ], [ 145.172519923000095, -37.791831851999973 ], [ 145.17075580300002, -37.791666941999949 ], [ 145.169379903000049, -37.795561860999953 ], [ 145.168685892000099, -37.802291840999942 ], [ 145.160803204000104, -37.801918250999961 ], [ 145.15827386400008, -37.800439100999938 ], [ 145.154548935000093, -37.80061459999996 ], [ 145.150659856000061, -37.798743139999942 ], [ 145.148555676000115, -37.800034359999984 ], [ 145.146722206000049, -37.79987884999997 ], [ 145.144926877000103, -37.797549549999985 ], [ 145.142226757000117, -37.797163329999933 ], [ 145.143419578000021, -37.788762719999966 ], [ 145.145134198000051, -37.787158819999945 ], [ 145.143864878000045, -37.786112819999971 ], [ 145.146192259000031, -37.773088189999953 ] ] ] } },
{ "type": "Feature", "properties": { "suburb": "Donnybrook" }, "geometry": { "type": "Polygon", "coordinates": [ [ [ 145.027245457000049, -37.519261889999939 ], [ 145.032442321000076, -37.566895840999962 ], [ 145.015182715000037, -37.564996548999943 ], [ 145.01565396500007, -37.562603838999962 ], [ 144.961135745000092, -37.556866405999983 ], [ 144.960055755000099, -37.554604445999985 ], [ 144.953913827000065, -37.549881974999948 ], [ 144.953101297000103, -37.547953184999983 ], [ 144.954881837000016, -37.54365289499998 ], [ 144.95946248700011, -37.542527794999955 ], [ 144.9602674570001, -37.539463825999974 ], [ 144.963217306000047, -37.539668045999974 ], [ 144.964645046000101, -37.537407795999968 ], [ 144.968906386000072, -37.534663875999968 ], [ 144.972432905000119, -37.535375235999936 ], [ 144.973512575000086, -37.531588935999935 ], [ 144.976307955000038, -37.530078466999953 ], [ 144.976168635000022, -37.527495546999944 ], [ 144.97282352600007, -37.52584494599995 ], [ 144.974266076000049, -37.525487275999978 ], [ 144.973953926000036, -37.524150965999979 ], [ 144.975695966000103, -37.521544305999953 ], [ 144.975172516000043, -37.52053531599995 ], [ 144.97623021600009, -37.51982925599998 ], [ 144.974428027000044, -37.516001995999943 ], [ 144.977211227000112, -37.513715476999948 ], [ 145.027245457000049, -37.519261889999939 ] ] ] } },
{ "type": "Feature", "properties": { "suburb": "Donvale" }, "geometry": { "type": "Polygon", "coordinates": [ [ [ 145.217211975000055, -37.790869764999968 ], [ 145.213536133000048, -37.811752954999974 ], [ 145.210815864000097, -37.808476193999979 ], [ 145.208625245000121, -37.808710643999973 ], [ 145.207232765000072, -37.806361103999961 ], [ 145.205485695000107, -37.807161913999948 ], [ 145.20543098600001, -37.805597533999958 ], [ 145.190292278000015, -37.805541922999964 ], [ 145.188887869000041, -37.803568212999949 ], [ 145.185028000000102, -37.80120752299996 ], [ 145.18464459900008, -37.802676512999938 ], [ 145.181400920000101, -37.803838851999956 ], [ 145.173732641000015, -37.804025961999969 ], [ 145.167766712000116, -37.802476880999961 ], [ 145.168685892000099, -37.802291840999942 ], [ 145.169379903000049, -37.795561860999953 ], [ 145.17075580300002, -37.791666941999949 ], [ 145.172519923000095, -37.791831851999973 ], [ 145.172866893000105, -37.790861861999929 ], [ 145.17213193300006, -37.78943284199994 ], [ 145.170679233000101, -37.789298291999955 ], [ 145.171150924000017, -37.786074711999959 ], [ 145.174287363000076, -37.786426821999953 ], [ 145.175914904000024, -37.77635584199993 ], [ 145.177370884000084, -37.776515851999932 ], [ 145.177552914000103, -37.775619861999985 ], [ 145.176076924000085, -37.775455851999936 ], [ 145.176388704000033, -37.773664091999933 ], [ 145.179966403000094, -37.773959091999984 ], [ 145.180230624000046, -37.772467031999952 ], [ 145.183240193000074, -37.77434016199993 ], [ 145.183891833000075, -37.770061491999968 ], [ 145.182180744000107, -37.765390951999962 ], [ 145.18594780300009, -37.765409931999955 ], [ 145.186322224000037, -37.760997591999967 ], [ 145.192485863000115, -37.762315042999944 ], [ 145.192380342000092, -37.76431469299996 ], [ 145.196054502000038, -37.764723002999972 ], [ 145.195909852000113, -37.765540802999965 ], [ 145.198708341000042, -37.765859852999938 ], [ 145.199284861000024, -37.766894812999965 ], [ 145.19991686000003, -37.769599812999957 ], [ 145.199337860000014, -37.771432842999957 ], [ 145.190298631000019, -37.775972742999954 ], [ 145.191104151000104, -37.778451612999959 ], [ 145.194495110000048, -37.779204602999982 ], [ 145.194674150000083, -37.781289632999972 ], [ 145.193710180000039, -37.782396652999978 ], [ 145.195138210000096, -37.785392632999958 ], [ 145.200357118000056, -37.787277563999965 ], [ 145.202059118000079, -37.789919543999929 ], [ 145.213140736000014, -37.791142003999937 ], [ 145.216345835000084, -37.790000544999941 ], [ 145.216519865, -37.789052584999979 ], [ 145.221092734000081, -37.79028186499994 ], [ 145.221165844000097, -37.792431954999984 ], [ 145.217211975000055, -37.790869764999968 ] ] ] } },
{ "type": "Feature", "properties": { "suburb": "Doreen" }, "geometry": { "type": "Polygon", "coordinates": [ [ [ 145.125467885000035, -37.574495676999959 ], [ 145.126354945000116, -37.570001846999958 ], [ 145.135632943000019, -37.569407847999969 ], [ 145.142259962000026, -37.570734847999972 ], [ 145.144017542000029, -37.572702637999953 ], [ 145.176037926000049, -37.570120860999964 ], [ 145.172614926000051, -37.575291849999985 ], [ 145.171835936000093, -37.578722859999971 ], [ 145.173411936000093, -37.57891184999994 ], [ 145.17318892600008, -37.580060849999938 ], [ 145.186941933000071, -37.581718860999956 ], [ 145.186268953000081, -37.585326860999942 ], [ 145.180577944000106, -37.584671850999939 ], [ 145.178537924000011, -37.587658860999966 ], [ 145.179135934000101, -37.587915860999942 ], [ 145.177658923000081, -37.595466860999977 ], [ 145.174434924000025, -37.595085850999965 ], [ 145.17048693300012, -37.609230859999968 ], [ 145.17499092200012, -37.609898850999969 ], [ 145.173641922000115, -37.617295860999945 ], [ 145.168090782000036, -37.623690859999954 ], [ 145.166569462000098, -37.624735519999945 ], [ 145.165341932000047, -37.62424883999995 ], [ 145.166219933000093, -37.619955839999932 ], [ 145.163569923000068, -37.619750839999938 ], [ 145.16257793300008, -37.625324859999978 ], [ 145.157604984000045, -37.624722609999935 ], [ 145.157225934000053, -37.626147849999938 ], [ 145.155781924000053, -37.626930838999954 ], [ 145.153080924000051, -37.625753848999977 ], [ 145.153317914000013, -37.62497185899997 ], [ 145.144692936000069, -37.622776848999933 ], [ 145.14554991600005, -37.617855848999966 ], [ 145.141928937000102, -37.617450847999976 ], [ 145.141538937000064, -37.619741847999933 ], [ 145.139418907000049, -37.619507847999955 ], [ 145.139252937000037, -37.620388847999948 ], [ 145.128661739000108, -37.619181207999929 ], [ 145.128009879000047, -37.622959777999938 ], [ 145.122787570000014, -37.62234759699993 ], [ 145.12315392000005, -37.621169846999976 ], [ 145.11990495100008, -37.620775856999956 ], [ 145.119129940000107, -37.62264285699996 ], [ 145.116026931000079, -37.620754856999952 ], [ 145.1162039620001, -37.617680836999966 ], [ 145.1127659120001, -37.616096845999948 ], [ 145.109598923000021, -37.61835085599995 ], [ 145.108502933000068, -37.617138845999932 ], [ 145.109421933000021, -37.615807845999939 ], [ 145.106107954000095, -37.615101845999959 ], [ 145.106048934000114, -37.614404835999949 ], [ 145.109675933000062, -37.613625845999934 ], [ 145.107457943000099, -37.613799855999957 ], [ 145.105011964000028, -37.61230984599996 ], [ 145.104202945000111, -37.60831384599993 ], [ 145.102712945000121, -37.60636984599995 ], [ 145.103162915000098, -37.604354845999978 ], [ 145.105893955000056, -37.60247183599995 ], [ 145.104757925000058, -37.600491845999954 ], [ 145.106920955000078, -37.598143835999963 ], [ 145.10625793600002, -37.596142845999964 ], [ 145.110164925000049, -37.594430855999974 ], [ 145.107689936000043, -37.590756845999977 ], [ 145.110496935000015, -37.590711855999984 ], [ 145.11104910500012, -37.589595565999957 ], [ 145.112431945000026, -37.590406845999951 ], [ 145.113760945000081, -37.588091845999941 ], [ 145.113441935000083, -37.585589845999948 ], [ 145.114873935000105, -37.585190845999932 ], [ 145.113828946000012, -37.583856845999946 ], [ 145.114482916000043, -37.582738855999935 ], [ 145.113564936000103, -37.582230845999959 ], [ 145.11373594600002, -37.580882835999944 ], [ 145.112457936000055, -37.581380845999945 ], [ 145.112040956000101, -37.580411845999947 ], [ 145.114680926000119, -37.577131855999937 ], [ 145.115627956000026, -37.577749845999961 ], [ 145.117702946, -37.576807846999941 ], [ 145.117866936000041, -37.575466856999981 ], [ 145.116911956000081, -37.575063845999978 ], [ 145.118536646000052, -37.573639406999973 ], [ 145.125467885000035, -37.574495676999959 ] ] ] } },
{ "type": "Feature", "properties": { "suburb": "Doveton" }, "geometry": { "type": "Polygon", "coordinates": [ [ [ 145.238299898000037, -37.998693867999975 ], [ 145.235229889000038, -37.99963284699993 ], [ 145.23483086900012, -38.001578866999978 ], [ 145.227329860000054, -38.000756856999942 ], [ 145.228658501000041, -37.993757766999977 ], [ 145.226530881000031, -37.993458496999949 ], [ 145.22733694100009, -37.991003046999936 ], [ 145.230109671000037, -37.988584646999982 ], [ 145.230910881000113, -37.985498846999974 ], [ 145.23204687100008, -37.985458846999961 ], [ 145.232642871000053, -37.98193086699996 ], [ 145.231854882000107, -37.980944846999932 ], [ 145.233142851000025, -37.980567856999983 ], [ 145.232488881000108, -37.980546856999979 ], [ 145.232865852000032, -37.979563866999968 ], [ 145.23428388100001, -37.979484846999981 ], [ 145.235511891000101, -37.976751866999962 ], [ 145.235686872000088, -37.974131856999975 ], [ 145.232867863000024, -37.970360856999946 ], [ 145.233219873000053, -37.966213856999957 ], [ 145.236134872000093, -37.968857856999932 ], [ 145.23782686100003, -37.973796856999968 ], [ 145.240331860000083, -37.977520857999934 ], [ 145.254425856000012, -37.990971848999948 ], [ 145.253821846000051, -37.993339848999938 ], [ 145.2511538870001, -37.993009847999929 ], [ 145.251407627000049, -37.991698737999968 ], [ 145.246933898000066, -37.991187987999979 ], [ 145.246398228000089, -37.993447357999969 ], [ 145.244056858000022, -37.994626857999947 ], [ 145.243902868000077, -37.99540985799996 ], [ 145.245003858000018, -37.995674867999981 ], [ 145.244128217000025, -37.999049207999974 ], [ 145.24168118800003, -38.000311687999954 ], [ 145.239481918000024, -37.99994808799994 ], [ 145.238299898000037, -37.998693867999975 ] ] ] } },
{ "type": "Feature", "properties": { "suburb": "Drysdale" }, "geometry": { "type": "Polygon", "coordinates": [ [ [ 144.64920195500008, -38.152593827999965 ], [ 144.64090795200002, -38.19631181799997 ], [ 144.613847987000099, -38.192879815999959 ], [ 144.608350937000068, -38.199554815999932 ], [ 144.58485199200004, -38.196760813999958 ], [ 144.584423991000108, -38.199082823999959 ], [ 144.575543033000031, -38.197823263999965 ], [ 144.574365463000049, -38.202882553999984 ], [ 144.565161774000103, -38.201886072999969 ], [ 144.564814954000099, -38.20370982299994 ], [ 144.555911656000035, -38.202691151999943 ], [ 144.556265596000117, -38.200852201999965 ], [ 144.558078006000073, -38.201025301999948 ], [ 144.559660166000072, -38.192603181999971 ], [ 144.559133477000046, -38.191278721999936 ], [ 144.560281507000013, -38.18913790299996 ], [ 144.559917937000023, -38.186494071999959 ], [ 144.549951869000097, -38.185289831999967 ], [ 144.553485100000103, -38.167297251999969 ], [ 144.559545669000045, -38.167993751999973 ], [ 144.560007209000105, -38.165570571999979 ], [ 144.564605088000121, -38.165280702999951 ], [ 144.564185328000121, -38.167993722999938 ], [ 144.565222548000065, -38.169505572999981 ], [ 144.566378868000015, -38.166914562999978 ], [ 144.567496648000088, -38.167048572999931 ], [ 144.56798118800009, -38.16452811299996 ], [ 144.572390497000015, -38.165062192999983 ], [ 144.573641128000077, -38.158608652999931 ], [ 144.582327906000046, -38.159640133999972 ], [ 144.58397449600011, -38.152520153999944 ], [ 144.588714056000072, -38.149821893999956 ], [ 144.591642856000021, -38.146804723999935 ], [ 144.583562818000019, -38.142294463999974 ], [ 144.580366878000063, -38.139259153999944 ], [ 144.586016968000081, -38.134690813999953 ], [ 144.596823995000022, -38.146483804999946 ], [ 144.64920195500008, -38.152593827999965 ] ] ] } },
{ "type": "Feature", "properties": { "suburb": "Eaglemont" }, "geometry": { "type": "Polygon", "coordinates": [ [ [ 145.055732577000072, -37.75592573299997 ], [ 145.060723696000082, -37.758757603999982 ], [ 145.077209143000118, -37.760134634999929 ], [ 145.079229152000039, -37.762432624999974 ], [ 145.076467352, -37.767354754999928 ], [ 145.071851923000054, -37.766565834999938 ], [ 145.07172691300002, -37.765417844999945 ], [ 145.069282583000017, -37.765651033999973 ], [ 145.066901684000072, -37.76628554399997 ], [ 145.063473644000055, -37.770344073999979 ], [ 145.051541426000085, -37.76829829299993 ], [ 145.051885516000084, -37.76616635299996 ], [ 145.051024847000122, -37.76541972299998 ], [ 145.053617846000066, -37.763609052999982 ], [ 145.053903677000108, -37.760048582999957 ], [ 145.05261186700011, -37.759148302999961 ], [ 145.055732577000072, -37.75592573299997 ] ] ] } },
{ "type": "Feature", "properties": { "suburb": "Eden Park" }, "geometry": { "type": "Polygon", "coordinates": [ [ [ 145.068407775000082, -37.479318502999945 ], [ 145.086596491000023, -37.481593453999949 ], [ 145.082577950000086, -37.503164833999961 ], [ 145.091558958000064, -37.504247843999963 ], [ 145.091347288000065, -37.505380103999983 ], [ 145.09343633800006, -37.506052113999942 ], [ 145.092997197000045, -37.50815595399996 ], [ 145.094911807000017, -37.510665694999943 ], [ 145.094411207000121, -37.511937664999948 ], [ 145.099356006000107, -37.512495994999938 ], [ 145.096587955000018, -37.527145854999958 ], [ 145.041997145000096, -37.520830740999941 ], [ 145.05427070293527, -37.454098379399944 ], [ 145.068659020578849, -37.454098379399944 ], [ 145.070529967000084, -37.456079842999941 ], [ 145.072776976000114, -37.456572842999947 ], [ 145.068407775000082, -37.479318502999945 ] ] ] } },
{ "type": "Feature", "properties": { "suburb": "Edithvale" }, "geometry": { "type": "Polygon", "coordinates": [ [ [ 145.125916484000072, -38.039152759999979 ], [ 145.122618344000102, -38.040409249999982 ], [ 145.123202314000082, -38.041402939999955 ], [ 145.109871746000067, -38.046004498999935 ], [ 145.104153298000028, -38.034949007999955 ], [ 145.118439616000046, -38.029541768999934 ], [ 145.123050875000104, -38.033653839999943 ], [ 145.125916484000072, -38.039152759999979 ] ] ] } },
{ "type": "Feature", "properties": { "suburb": "Eltham North" }, "geometry": { "type": "Polygon", "coordinates": [ [ [ 145.148973356000056, -37.706207039999981 ], [ 145.145620097000119, -37.707321348999983 ], [ 145.147019036000074, -37.709403288999965 ], [ 145.131611069000087, -37.707691537999949 ], [ 145.128108420000103, -37.704695757999957 ], [ 145.128934230000027, -37.700390767999977 ], [ 145.135246839000047, -37.69782424899995 ], [ 145.136627809000061, -37.696377678999966 ], [ 145.136008850000053, -37.692826858999979 ], [ 145.133112431000086, -37.691469807999965 ], [ 145.132152181000038, -37.689595467999936 ], [ 145.137088330000097, -37.686011148999967 ], [ 145.155577257000118, -37.688389029999939 ], [ 145.154213287000061, -37.689973069999951 ], [ 145.153115297000113, -37.689392059999932 ], [ 145.152569367000069, -37.691635109999936 ], [ 145.151311397000086, -37.692358129999946 ], [ 145.152015367000104, -37.693734159999963 ], [ 145.151064507000115, -37.697499199999982 ], [ 145.152322486000116, -37.698491209999929 ], [ 145.153408466000087, -37.69802618999995 ], [ 145.154370456000038, -37.699544209999942 ], [ 145.152616526000088, -37.700086219999946 ], [ 145.153226546000042, -37.703184269999952 ], [ 145.14918340600002, -37.70406031999994 ], [ 145.148973356000056, -37.706207039999981 ] ] ] } },
{ "type": "Feature", "properties": { "suburb": "Emerald" }, "geometry": { "type": "Polygon", "coordinates": [ [ [ 145.454583863000039, -37.979029872999945 ], [ 145.449007864, -37.981913881999958 ], [ 145.441472845000021, -37.982970871999953 ], [ 145.433505847000106, -37.978698870999949 ], [ 145.425695868000048, -37.979053869999973 ], [ 145.418225849, -37.980636879999963 ], [ 145.414092850000088, -37.977626869999938 ], [ 145.407929821000039, -37.978905868999959 ], [ 145.403936832000113, -37.976182868999956 ], [ 145.400039842000069, -37.979107148999958 ], [ 145.39361584400001, -37.979128867999975 ], [ 145.393611864000036, -37.975404867999941 ], [ 145.388137845000074, -37.975418877999971 ], [ 145.38812606700003, -37.957290377999982 ], [ 145.38227912800005, -37.95592753699998 ], [ 145.38442795800006, -37.954392756999937 ], [ 145.385154818000046, -37.951610506999941 ], [ 145.382173650000027, -37.941159076999952 ], [ 145.383522940000034, -37.938260166999953 ], [ 145.385342760000071, -37.937328296999965 ], [ 145.388626989000045, -37.93698504799994 ], [ 145.396786857000052, -37.940260867999939 ], [ 145.400325567000095, -37.939837327999953 ], [ 145.403314986000055, -37.93816088899996 ], [ 145.406849836000106, -37.938085878999971 ], [ 145.406505856000081, -37.935732858999984 ], [ 145.408814846000041, -37.936121858999968 ], [ 145.410038836000012, -37.93494286899994 ], [ 145.412264865000111, -37.935395868999933 ], [ 145.412329835000037, -37.937526858999945 ], [ 145.413115855000115, -37.937955878999958 ], [ 145.417372854000064, -37.937272879999966 ], [ 145.419774844000017, -37.937856869999962 ], [ 145.421434833000035, -37.936936879999962 ], [ 145.422266843000102, -37.937798869999938 ], [ 145.422227863000103, -37.936503869999967 ], [ 145.4265998730001, -37.936928869999974 ], [ 145.42644584300001, -37.935750859999985 ], [ 145.427486822000105, -37.935912869999981 ], [ 145.427500833000067, -37.934999869999956 ], [ 145.430314292000048, -37.934879240999976 ], [ 145.430210592000094, -37.932428500999947 ], [ 145.432432862000041, -37.932277880999948 ], [ 145.430158033000112, -37.931190370999957 ], [ 145.43008821300009, -37.92954519999995 ], [ 145.423125474000017, -37.929135429999974 ], [ 145.419758205000107, -37.926013109999928 ], [ 145.422924035000051, -37.919173859999944 ], [ 145.42551396500005, -37.919924829999957 ], [ 145.42850674500005, -37.913478679999969 ], [ 145.438715603000105, -37.914564350999967 ], [ 145.439680043000067, -37.910020160999977 ], [ 145.44199754300007, -37.908504620999963 ], [ 145.441560493000111, -37.905977630999985 ], [ 145.443218394000041, -37.901577610999936 ], [ 145.440328835000059, -37.894261870999969 ], [ 145.443258835000051, -37.891785870999968 ], [ 145.445882824000023, -37.89137987099997 ], [ 145.44787386400003, -37.887768870999935 ], [ 145.448026835000064, -37.884602880999978 ], [ 145.450652864000062, -37.881911871999932 ], [ 145.451823854000054, -37.882674861999931 ], [ 145.451102834000039, -37.885796871999958 ], [ 145.454635853000013, -37.884663871999976 ], [ 145.45373484300012, -37.888251871999955 ], [ 145.455806842000015, -37.89261288199998 ], [ 145.454183872000044, -37.896985871999959 ], [ 145.456886842000017, -37.897809881999933 ], [ 145.461286840000071, -37.901156862999983 ], [ 145.464749079000057, -37.91080537299996 ], [ 145.466677048000065, -37.912008352999976 ], [ 145.468854968000073, -37.910641312999985 ], [ 145.468491898000025, -37.911834822999936 ], [ 145.470230727000057, -37.914982932999976 ], [ 145.469257997000113, -37.919082792999973 ], [ 145.466807567000046, -37.921251532999975 ], [ 145.470921707000116, -37.921670112999948 ], [ 145.469628796000052, -37.927733872999966 ], [ 145.468317246000083, -37.928356582999982 ], [ 145.467330906000029, -37.93256938299993 ], [ 145.471391855000093, -37.93372487299996 ], [ 145.470329815000014, -37.938984872999981 ], [ 145.476021844000115, -37.939639883999973 ], [ 145.473014833000093, -37.953182883999943 ], [ 145.479866831000095, -37.954033883999955 ], [ 145.479217561000041, -37.957364673999962 ], [ 145.484493970000017, -37.958018703999983 ], [ 145.483940850000067, -37.962397873999976 ], [ 145.485800849000043, -37.964528874999985 ], [ 145.486701808000021, -37.968746874999965 ], [ 145.473419871000033, -37.967676833999974 ], [ 145.475018792000014, -37.959703613999977 ], [ 145.471977062000065, -37.959314593999977 ], [ 145.468715862000067, -37.961299862999965 ], [ 145.464354843000024, -37.965796882999939 ], [ 145.462621822000074, -37.970341872999938 ], [ 145.465590842000097, -37.97406988299997 ], [ 145.464301841000065, -37.978435882999975 ], [ 145.462431832000107, -37.979472882999971 ], [ 145.454583863000039, -37.979029872999945 ] ] ] } },
{ "type": "Feature", "properties": { "suburb": "Endeavour Hills" }, "geometry": { "type": "Polygon", "coordinates": [ [ [ 145.268296874000043, -37.995762849999949 ], [ 145.260342395000066, -37.993967758999929 ], [ 145.259885195000038, -37.996314138999935 ], [ 145.256552456, -37.996072968999954 ], [ 145.25708786600012, -37.993237858999976 ], [ 145.253821846000051, -37.993339848999938 ], [ 145.254425856000012, -37.990971848999948 ], [ 145.253032867000115, -37.98928185799997 ], [ 145.239232881000021, -37.976216866999948 ], [ 145.236134872000093, -37.968857856999932 ], [ 145.233219873000053, -37.966213856999957 ], [ 145.233585853000022, -37.964077866999958 ], [ 145.232418874000018, -37.961337846999982 ], [ 145.234074884000051, -37.958701856999937 ], [ 145.233451864000017, -37.954321856999968 ], [ 145.232186885000033, -37.952563856999973 ], [ 145.229199875000063, -37.95206285699993 ], [ 145.233753025000055, -37.94264446699998 ], [ 145.233255866000036, -37.941877146999957 ], [ 145.24387717400009, -37.94315471799996 ], [ 145.245358853000084, -37.948635857999932 ], [ 145.258819649000088, -37.958517638999979 ], [ 145.263457559000017, -37.958147188999931 ], [ 145.277359646000036, -37.959877979999931 ], [ 145.282104455000081, -37.961940689999949 ], [ 145.281578855000021, -37.964431869999942 ], [ 145.282399674000089, -37.96640747999993 ], [ 145.280924884000115, -37.967527899999936 ], [ 145.27706979300001, -37.986270039999965 ], [ 145.274209613000039, -37.987094009999964 ], [ 145.271904163000045, -37.991479439999978 ], [ 145.27473116300007, -37.991801669999973 ], [ 145.274466873000051, -37.992758859999981 ], [ 145.27278389300011, -37.994343869999966 ], [ 145.270943783000121, -37.99412056999995 ], [ 145.268296874000043, -37.995762849999949 ] ] ] } },
{ "type": "Feature", "properties": { "suburb": "Essendon Fields" }, "geometry": { "type": "Polygon", "coordinates": [ [ [ 144.889419698000097, -37.73450029199995 ], [ 144.892217979000065, -37.716999831999942 ], [ 144.890047400000071, -37.713140161999945 ], [ 144.896519279000017, -37.713907891999952 ], [ 144.896184979000054, -37.715857831999983 ], [ 144.898516968000081, -37.71839984199994 ], [ 144.903184397000018, -37.719592422999938 ], [ 144.904932787000121, -37.721022772999959 ], [ 144.905144377000056, -37.723075162999976 ], [ 144.912943585000107, -37.72571209299997 ], [ 144.912490515000059, -37.728249382999934 ], [ 144.917029724000031, -37.730690423999931 ], [ 144.91675491400008, -37.732189873999971 ], [ 144.917633323000018, -37.732578593999961 ], [ 144.912030684000115, -37.732724352999981 ], [ 144.903455845000053, -37.735489672999961 ], [ 144.8929528970001, -37.734568371999956 ], [ 144.892675317000112, -37.73554741199996 ], [ 144.889419698000097, -37.73450029199995 ] ] ] } },
{ "type": "Feature", "properties": { "suburb": "Essendon North" }, "geometry": { "type": "Polygon", "coordinates": [ [ [ 144.8929528970001, -37.734568371999956 ], [ 144.904504525000107, -37.735356472999968 ], [ 144.910171953000031, -37.744471832999977 ], [ 144.892524467000044, -37.737385981999978 ], [ 144.8929528970001, -37.734568371999956 ] ] ] } },
{ "type": "Feature", "properties": { "suburb": "Essendon West" }, "geometry": { "type": "Polygon", "coordinates": [ [ [ 144.881506718000082, -37.747869150999975 ], [ 144.89043713600006, -37.748877181999944 ], [ 144.889087366000012, -37.755344211999954 ], [ 144.889971326000023, -37.756701871999951 ], [ 144.889185365000117, -37.761174281999956 ], [ 144.888951365000025, -37.761891301999981 ], [ 144.885337426000092, -37.761742301999959 ], [ 144.884129426000072, -37.760372281999935 ], [ 144.885371416000112, -37.756089201999941 ], [ 144.880032957000026, -37.755776830999935 ], [ 144.877834968000116, -37.756526840999982 ], [ 144.877081978000092, -37.755688820999978 ], [ 144.877816978000055, -37.753996830999938 ], [ 144.879720958000121, -37.753256830999931 ], [ 144.881506718000082, -37.747869150999975 ] ] ] } },
{ "type": "Feature", "properties": { "suburb": "Eumemmerring" }, "geometry": { "type": "Polygon", "coordinates": [ [ [ 145.246160868000061, -37.993156847999956 ], [ 145.246933898000066, -37.991187987999979 ], [ 145.251407627000049, -37.991698737999968 ], [ 145.2511538870001, -37.993009847999929 ], [ 145.253821846000051, -37.993339848999938 ], [ 145.25185942600001, -38.003622207999967 ], [ 145.23483086900012, -38.001578866999978 ], [ 145.235229889000038, -37.99963284699993 ], [ 145.237705859000016, -37.99876386699998 ], [ 145.24168118800003, -38.000311687999954 ], [ 145.244128217000025, -37.999049207999974 ], [ 145.245003858000018, -37.995674867999981 ], [ 145.243902868000077, -37.99540985799996 ], [ 145.244056858000022, -37.994626857999947 ], [ 145.246160868000061, -37.993156847999956 ] ] ] } },
{ "type": "Feature", "properties": { "suburb": "Exford" }, "geometry": { "type": "Polygon", "coordinates": [ [ [ 144.527944219200009, -37.708605788645606 ], [ 144.532998983000084, -37.707427837999944 ], [ 144.534408032000101, -37.708171777999951 ], [ 144.536893092000014, -37.711415827999929 ], [ 144.536047102000111, -37.712404837999941 ], [ 144.536647961000085, -37.713847817999977 ], [ 144.53966618100003, -37.71645979799996 ], [ 144.540453850000063, -37.719796807999955 ], [ 144.538891100000114, -37.720792847999974 ], [ 144.53597293100006, -37.72073280799998 ], [ 144.538716850000014, -37.721159777999958 ], [ 144.541856070000108, -37.719950797999957 ], [ 144.541712080000025, -37.721817857999952 ], [ 144.54780684900004, -37.720598798999958 ], [ 144.551420198000073, -37.722782838999933 ], [ 144.554435167000065, -37.723346768999932 ], [ 144.555955107000045, -37.722301778999963 ], [ 144.559358186000054, -37.724531809999974 ], [ 144.561170046000029, -37.72696179999997 ], [ 144.562130175000107, -37.73080084999998 ], [ 144.564754964000031, -37.733264769999948 ], [ 144.564537164000058, -37.737005799999963 ], [ 144.567052083000021, -37.74029276999994 ], [ 144.564798834000044, -37.739616779999949 ], [ 144.564141144000018, -37.739974809999978 ], [ 144.568010033000064, -37.741725859999974 ], [ 144.568295893000027, -37.743694769999934 ], [ 144.575175741000066, -37.74817307099994 ], [ 144.568431022000027, -37.746644799999956 ], [ 144.527944219200009, -37.742296388644647 ], [ 144.527944219200009, -37.708605788645606 ] ] ] } },
{ "type": "Feature", "properties": { "suburb": "Eynesbury" }, "geometry": { "type": "Polygon", "coordinates": [ [ [ 144.578734264000104, -37.80422011099995 ], [ 144.57667738400005, -37.811651160999929 ], [ 144.578189463000058, -37.815841170999931 ], [ 144.57331660400007, -37.816791200999944 ], [ 144.572645664000106, -37.818412200999944 ], [ 144.579853543000013, -37.820268161999934 ], [ 144.578513473000044, -37.821853650999969 ], [ 144.579082142000061, -37.823392331999969 ], [ 144.558952834000024, -37.840707849999944 ], [ 144.545628037000029, -37.834148798999934 ], [ 144.527944219200009, -37.819909055997414 ], [ 144.527944219200009, -37.742296388644647 ], [ 144.568431022000027, -37.746644799999956 ], [ 144.575175741000066, -37.74817307099994 ], [ 144.576869011000099, -37.750176800999952 ], [ 144.576234020000015, -37.753522810999982 ], [ 144.582326019000106, -37.758150800999942 ], [ 144.579230019000079, -37.761447820999933 ], [ 144.579986988000087, -37.764678810999953 ], [ 144.578173518000085, -37.770113400999946 ], [ 144.579558438000049, -37.773212120999972 ], [ 144.583015427000078, -37.775626070999976 ], [ 144.58397001600008, -37.778936811999984 ], [ 144.589143005000096, -37.781605811999952 ], [ 144.590490005000106, -37.784456801999966 ], [ 144.587860035000062, -37.786848821999968 ], [ 144.590865004000079, -37.789107811999941 ], [ 144.588293914000019, -37.794259991999979 ], [ 144.584378005000076, -37.79471700199997 ], [ 144.578192175000027, -37.799386100999982 ], [ 144.582360104000031, -37.801438081999947 ], [ 144.580626244000086, -37.804016101999935 ], [ 144.578734264000104, -37.80422011099995 ] ] ] } },
{ "type": "Feature", "properties": { "suburb": "Fairfield" }, "geometry": { "type": "Polygon", "coordinates": [ [ [ 145.019756941000082, -37.779174840999929 ], [ 145.019146110000065, -37.783059360999971 ], [ 145.020927060000076, -37.782697930999973 ], [ 145.020277800000031, -37.786740290999944 ], [ 145.013079521, -37.785851510999976 ], [ 145.019604549000064, -37.792288700999961 ], [ 145.014143610000019, -37.792103660999942 ], [ 145.013859640000078, -37.793592710999974 ], [ 145.017751589000113, -37.795478780999929 ], [ 145.017708629000026, -37.797292820999985 ], [ 145.020866608000119, -37.798397840999939 ], [ 145.018518599000117, -37.800226840999983 ], [ 145.021076638000068, -37.80285386099996 ], [ 145.019476618000112, -37.803646870999955 ], [ 145.016360649000035, -37.802943870999968 ], [ 145.014803709000034, -37.800093850999929 ], [ 145.012364670000011, -37.799122840999985 ], [ 145.006811780000021, -37.800805889999936 ], [ 145.006697751000047, -37.798773869999934 ], [ 145.009641660000057, -37.796530779999955 ], [ 145.008074711000063, -37.796294799999941 ], [ 145.004605751000099, -37.79805786999998 ], [ 145.003841772000101, -37.79595280999996 ], [ 145.001951182000084, -37.796645779999949 ], [ 145.001154752000048, -37.794983869999953 ], [ 145.008463951000067, -37.78894983999993 ], [ 145.008099942000058, -37.786894839999945 ], [ 145.00423404300011, -37.784355839999932 ], [ 145.014310991000116, -37.783820580999929 ], [ 145.01585969100006, -37.778762680999932 ], [ 145.014737572000058, -37.77862769099994 ], [ 145.015566672000091, -37.773996100999966 ], [ 145.017802662, -37.767204700999969 ], [ 145.016712512000026, -37.767089140999929 ], [ 145.017041603000052, -37.765117600999929 ], [ 145.027425411000081, -37.766217501999961 ], [ 145.025085060000038, -37.779159400999959 ], [ 145.019756941000082, -37.779174840999929 ] ] ] } },
{ "type": "Feature", "properties": { "suburb": "Fernshaw" }, "geometry": { "type": "Polygon", "coordinates": [ [ [ 145.581660457000112, -37.571236678999981 ], [ 145.58390908380008, -37.568610258472695 ], [ 145.58390908380008, -37.611464560391184 ], [ 145.562603187000036, -37.593231247999938 ], [ 145.566532157000097, -37.588934347999952 ], [ 145.57321523600001, -37.586300877999975 ], [ 145.573535637000077, -37.579198147999932 ], [ 145.576509907000059, -37.57568608899993 ], [ 145.578029837000031, -37.572040998999967 ], [ 145.581660457000112, -37.571236678999981 ] ] ] } },
{ "type": "Feature", "properties": { "suburb": "Ferntree Gully" }, "geometry": { "type": "Polygon", "coordinates": [ [ [ 145.285196894000023, -37.87405986999994 ], [ 145.289980653000043, -37.874190839999983 ], [ 145.290897353000105, -37.873372959999983 ], [ 145.289330044000053, -37.871482059999948 ], [ 145.292574853000019, -37.869456859999957 ], [ 145.293172393000077, -37.868078940999965 ], [ 145.298552902000097, -37.869918860999974 ], [ 145.298554873000057, -37.867034860999979 ], [ 145.301430342000117, -37.867677940999954 ], [ 145.304326871000058, -37.86985587099997 ], [ 145.306173801000114, -37.869107970999949 ], [ 145.308501770000021, -37.871052911999982 ], [ 145.307861860000116, -37.876205941999956 ], [ 145.306158660000051, -37.876025450999975 ], [ 145.30531295000003, -37.879130010999972 ], [ 145.305132710000066, -37.880254650999973 ], [ 145.306454160000044, -37.880392321999977 ], [ 145.306232750000049, -37.881180001999951 ], [ 145.304116990000011, -37.881543040999929 ], [ 145.304977010000016, -37.88244703099997 ], [ 145.303945040000031, -37.884378050999942 ], [ 145.304922039000076, -37.884889040999951 ], [ 145.303554050000116, -37.885446060999982 ], [ 145.30454075900002, -37.887971660999938 ], [ 145.303355889000045, -37.887700860999985 ], [ 145.302585849000025, -37.888734860999932 ], [ 145.304214849000118, -37.890035850999936 ], [ 145.303479189000086, -37.891090390999977 ], [ 145.301052420000019, -37.889900420999936 ], [ 145.300864879000073, -37.892606860999933 ], [ 145.294877530000122, -37.900316300999975 ], [ 145.287582681000117, -37.900990329999956 ], [ 145.28154685100003, -37.905288859999985 ], [ 145.279717872000106, -37.903698859999963 ], [ 145.280977012000108, -37.90053439999997 ], [ 145.274635873000079, -37.899683858999936 ], [ 145.274289343000078, -37.901497598999981 ], [ 145.273053123000068, -37.900237458999982 ], [ 145.263183855000079, -37.902249408999978 ], [ 145.263018875000057, -37.90034486899998 ], [ 145.260075876000087, -37.900273857999935 ], [ 145.258460097000011, -37.891392457999984 ], [ 145.257341887000052, -37.891753857999959 ], [ 145.256710877000046, -37.889986867999937 ], [ 145.256916878000084, -37.883703857999933 ], [ 145.255655878000084, -37.882833857999969 ], [ 145.256946878000122, -37.882530867999947 ], [ 145.256942609000021, -37.876877447999959 ], [ 145.25906296900007, -37.873642447999941 ], [ 145.256471619000081, -37.87278972799993 ], [ 145.258573949000038, -37.868746297999962 ], [ 145.26166187900003, -37.869122857999969 ], [ 145.262625879000097, -37.868029857999943 ], [ 145.266363848000083, -37.867271938999977 ], [ 145.269451887000059, -37.868516858999953 ], [ 145.273322867000047, -37.867574858999944 ], [ 145.277705886000035, -37.86841686899993 ], [ 145.280083905000083, -37.869603859999984 ], [ 145.281972735000068, -37.872852829999943 ], [ 145.285196894000023, -37.87405986999994 ] ] ] } },
{ "type": "Feature", "properties": { "suburb": "Ferny Creek" }, "geometry": { "type": "Polygon", "coordinates": [ [ [ 145.346238932000119, -37.889688683999964 ], [ 145.332771864000051, -37.889834892999943 ], [ 145.3306318650001, -37.886109862999945 ], [ 145.331391865000114, -37.88471487299995 ], [ 145.323047897000038, -37.877841862999958 ], [ 145.32189186800008, -37.875040862999981 ], [ 145.320164878000014, -37.87494387199996 ], [ 145.320555898000066, -37.872367861999976 ], [ 145.321825878000027, -37.872349852999946 ], [ 145.326595878000035, -37.866583872999968 ], [ 145.329268777000038, -37.866925892999973 ], [ 145.330646867000041, -37.870180822999941 ], [ 145.334393046000059, -37.870509862999938 ], [ 145.334235726000088, -37.869285772999945 ], [ 145.332046937000086, -37.868114802999969 ], [ 145.33157962700011, -37.864570772999969 ], [ 145.333299727000053, -37.863707862999945 ], [ 145.335707736000018, -37.864768872999946 ], [ 145.33782382600009, -37.864402833999975 ], [ 145.338922916000115, -37.860636873999965 ], [ 145.340246986000011, -37.862057883999967 ], [ 145.342338945000051, -37.862307813999962 ], [ 145.34370083500005, -37.866070903999969 ], [ 145.344177304000027, -37.871056563999957 ], [ 145.343393794000121, -37.871671773999935 ], [ 145.345774034000101, -37.874085973999968 ], [ 145.342810194000094, -37.875383193999937 ], [ 145.341297124000107, -37.878595253999947 ], [ 145.343676593000055, -37.879644653999947 ], [ 145.344992863000016, -37.884100873999955 ], [ 145.346562072000097, -37.884471423999969 ], [ 145.347213592000116, -37.886485963999974 ], [ 145.348261942000022, -37.88671842399998 ], [ 145.346238932000119, -37.889688683999964 ] ] ] } },
{ "type": "Feature", "properties": { "suburb": "Forest Hill" }, "geometry": { "type": "Polygon", "coordinates": [ [ [ 145.185182796000049, -37.836257122999939 ], [ 145.182270895000102, -37.845824862999962 ], [ 145.170830777000106, -37.845349151999983 ], [ 145.169271856000023, -37.854825201999972 ], [ 145.162967178000031, -37.854126970999971 ], [ 145.164380968000046, -37.846791970999959 ], [ 145.1568864300001, -37.84575806099997 ], [ 145.157227740000053, -37.84425171099997 ], [ 145.159847229000093, -37.844477280999968 ], [ 145.158810630000062, -37.84276313099997 ], [ 145.160076010000012, -37.833276960999967 ], [ 145.16535649900004, -37.833937910999964 ], [ 145.166037590000087, -37.830505770999935 ], [ 145.167222709000043, -37.830655691999937 ], [ 145.16776923000009, -37.827913701999933 ], [ 145.173833998000077, -37.829416881999975 ], [ 145.173592478000046, -37.830630791999965 ], [ 145.176842908000026, -37.830934861999935 ], [ 145.178808218000086, -37.829038751999974 ], [ 145.178795477000108, -37.830913101999954 ], [ 145.183763996000039, -37.831248432999985 ], [ 145.184256896000079, -37.835621852999964 ], [ 145.185182796000049, -37.836257122999939 ] ] ] } },
{ "type": "Feature", "properties": { "suburb": "Frankston North" }, "geometry": { "type": "Polygon", "coordinates": [ [ [ 145.163709077000021, -38.127844082999957 ], [ 145.151067890000036, -38.126289851999957 ], [ 145.150504879000096, -38.129157851999935 ], [ 145.145970920000082, -38.128624091999939 ], [ 145.146536240000046, -38.12573587199995 ], [ 145.139338912000085, -38.124843760999966 ], [ 145.157434190000117, -38.112722642999984 ], [ 145.175257387000102, -38.114863663999984 ], [ 145.17384684600006, -38.121929853999973 ], [ 145.181958344, -38.126751713999965 ], [ 145.178228884000077, -38.131697003999932 ], [ 145.176925403000041, -38.140508083999975 ], [ 145.173159874000021, -38.139481853999939 ], [ 145.173394865000091, -38.135147863999975 ], [ 145.162725007000063, -38.132236162999959 ], [ 145.163709077000021, -38.127844082999957 ] ] ] } },
{ "type": "Feature", "properties": { "suburb": "Frankston South" }, "geometry": { "type": "Polygon", "coordinates": [ [ [ 145.123971751000113, -38.159962940999947 ], [ 145.136435008000035, -38.16336260099996 ], [ 145.150675474000082, -38.175169002999951 ], [ 145.161273872000038, -38.176885862999939 ], [ 145.152393342000096, -38.194465632999936 ], [ 145.148000533000072, -38.194059761999938 ], [ 145.139667734000113, -38.197263901999975 ], [ 145.133539715000097, -38.195654970999954 ], [ 145.128757845000109, -38.200074030999929 ], [ 145.102078694000056, -38.165912008999953 ], [ 145.100400934000049, -38.166596578999929 ], [ 145.099927894000075, -38.164403128999936 ], [ 145.097910835000107, -38.162391268999954 ], [ 145.103316625000048, -38.156396108999957 ], [ 145.109510454000088, -38.153413979999982 ], [ 145.119086122000112, -38.155317239999931 ], [ 145.119768892000025, -38.156453839999983 ], [ 145.123155471000018, -38.157372700999929 ], [ 145.123971751000113, -38.159962940999947 ] ] ] } },
{ "type": "Feature", "properties": { "suburb": "Fraser Rise" }, "geometry": { "type": "Polygon", "coordinates": [ [ [ 144.727266991000079, -37.69330482099997 ], [ 144.729723149000051, -37.706554920999963 ], [ 144.732579048000048, -37.706222220999962 ], [ 144.73316399700002, -37.715504820999968 ], [ 144.732484987000021, -37.715749810999966 ], [ 144.73196697700007, -37.721566820999954 ], [ 144.69246544400005, -37.71657573799996 ], [ 144.702728598000022, -37.658336258999952 ], [ 144.744418781000036, -37.663063921999935 ], [ 144.754860148000034, -37.67647703199998 ], [ 144.754439117000061, -37.678363721999972 ], [ 144.727693022000039, -37.675467820999984 ], [ 144.724734001000115, -37.690256809999937 ], [ 144.727266991000079, -37.69330482099997 ] ] ] } },
{ "type": "Feature", "properties": { "suburb": "Gardenvale" }, "geometry": { "type": "Polygon", "coordinates": [ [ [ 145.004750210000111, -37.895804280999982 ], [ 145.012954859000047, -37.89667284099994 ], [ 145.012221099000044, -37.900511030999951 ], [ 145.006327190000093, -37.899807130999932 ], [ 145.004750210000111, -37.895804280999982 ] ] ] } },
{ "type": "Feature", "properties": { "suburb": "Gembrook" }, "geometry": { "type": "Polygon", "coordinates": [ [ [ 145.5464008350001, -37.992412878999971 ], [ 145.547028746000024, -37.988868718999981 ], [ 145.541376067000101, -37.988172878999933 ], [ 145.540704647000098, -37.991575548999947 ], [ 145.539897957000107, -37.991784448999965 ], [ 145.537427827000101, -37.990324867999959 ], [ 145.539814817000092, -37.986542878999956 ], [ 145.543067837000081, -37.984516868999947 ], [ 145.537737818000096, -37.983845877999954 ], [ 145.539416199000016, -37.97544126799994 ], [ 145.540284168000085, -37.974822408999955 ], [ 145.53731583900003, -37.973431877999928 ], [ 145.536018819000105, -37.974334877999979 ], [ 145.527073691000055, -37.973295567999969 ], [ 145.529052832000048, -37.962804877999929 ], [ 145.522637813000074, -37.962036876999946 ], [ 145.519045814000037, -37.962933886999963 ], [ 145.516556834000085, -37.962215876999949 ], [ 145.518804835000083, -37.950765876999981 ], [ 145.515299816000038, -37.95033488699994 ], [ 145.51609781600007, -37.946226886999966 ], [ 145.514647816000092, -37.94497987699998 ], [ 145.517747866000036, -37.944912846999955 ], [ 145.518316066000011, -37.94226449699994 ], [ 145.516868846000079, -37.941691886999934 ], [ 145.517401816000074, -37.939030886999944 ], [ 145.516361817000075, -37.938208876999965 ], [ 145.511315808000063, -37.93732988599993 ], [ 145.512442818000068, -37.931477865999966 ], [ 145.514702828000054, -37.931754865999949 ], [ 145.5159786480001, -37.92522682699996 ], [ 145.521665817000098, -37.926647866999929 ], [ 145.522358807000046, -37.925672886999962 ], [ 145.529143826000109, -37.926491876999933 ], [ 145.530359826000108, -37.921964877999983 ], [ 145.533356846000061, -37.918971867999971 ], [ 145.535205826000038, -37.914901867999959 ], [ 145.53791780600011, -37.915306867999959 ], [ 145.538875856000118, -37.913577877999955 ], [ 145.536752836000119, -37.911284877999947 ], [ 145.53760482600012, -37.90900488799997 ], [ 145.536558807000119, -37.907951887999957 ], [ 145.536838837000118, -37.905274877999943 ], [ 145.538518817000067, -37.904837867999959 ], [ 145.539975827000035, -37.903080867999961 ], [ 145.547593815000027, -37.901577878999944 ], [ 145.549491846000024, -37.89748887899998 ], [ 145.550699856000051, -37.89103087899997 ], [ 145.550377816000037, -37.888117888999943 ], [ 145.547028827000076, -37.886254877999932 ], [ 145.545960838000042, -37.883252887999959 ], [ 145.545385818000113, -37.880067887999985 ], [ 145.547868838000113, -37.877045877999933 ], [ 145.545274819000042, -37.87570188799998 ], [ 145.545351839000091, -37.87488888799993 ], [ 145.547070219000034, -37.871765307999965 ], [ 145.549078638000083, -37.872648738999942 ], [ 145.551703748000023, -37.872374148999938 ], [ 145.553405818000101, -37.873665738999932 ], [ 145.55408946700004, -37.877551568999934 ], [ 145.555389817000105, -37.878835438999943 ], [ 145.562272975000042, -37.881890939999948 ], [ 145.562469895000049, -37.885430889999952 ], [ 145.564702964000048, -37.887211649999983 ], [ 145.567181933000029, -37.892213839999954 ], [ 145.568846953000048, -37.893326509999952 ], [ 145.567690963000018, -37.895578679999971 ], [ 145.568250032000037, -37.897565249999957 ], [ 145.569607982000093, -37.898032789999945 ], [ 145.570730462000029, -37.895943789999933 ], [ 145.57240592200003, -37.898218809999946 ], [ 145.575238761000037, -37.899329240999975 ], [ 145.576296051000099, -37.897538960999952 ], [ 145.58390908380008, -37.896724371379875 ], [ 145.583603818000029, -38.004845881999984 ], [ 145.579536988000086, -38.004997211999978 ], [ 145.580103839000117, -37.999732881999932 ], [ 145.577293810000015, -37.995267890999969 ], [ 145.57686982000007, -37.992949880999959 ], [ 145.569775831000015, -37.992637870999943 ], [ 145.567492832000084, -37.994154870999978 ], [ 145.565758792000111, -37.996935889999975 ], [ 145.562474812000119, -37.998450889999958 ], [ 145.559150793000072, -37.998332879999964 ], [ 145.555401803000109, -38.00180617999996 ], [ 145.555900873000041, -37.998972329999958 ], [ 145.553839824000079, -37.99716387999996 ], [ 145.552838814000097, -37.99321606999996 ], [ 145.5464008350001, -37.992412878999971 ] ] ] } },
{ "type": "Feature", "properties": { "suburb": "Gisborne" }, "geometry": { "type": "Polygon", "coordinates": [ [ [ 144.591870461000099, -37.53036513099994 ], [ 144.586742029000106, -37.555313809999973 ], [ 144.561182324000015, -37.552403548999962 ], [ 144.559287794000056, -37.555286168999942 ], [ 144.555735835000064, -37.55709522799998 ], [ 144.55623124400006, -37.558887157999948 ], [ 144.527944219200009, -37.555742873289958 ], [ 144.527944219200009, -37.496211847769793 ], [ 144.530794045000107, -37.496910795999952 ], [ 144.530134125000018, -37.500185795999982 ], [ 144.535222034000071, -37.500828806999948 ], [ 144.53547921400002, -37.499489016999974 ], [ 144.549691031000066, -37.50104880799995 ], [ 144.550539041000093, -37.500255807999963 ], [ 144.550479032000112, -37.497956807999969 ], [ 144.549928032000025, -37.496770817999959 ], [ 144.547900052000045, -37.496000806999973 ], [ 144.547493043000031, -37.493654796999976 ], [ 144.549522043000024, -37.491155806999984 ], [ 144.546439034000059, -37.486439796999946 ], [ 144.534035027000073, -37.476190795999969 ], [ 144.542339025000047, -37.477935816999945 ], [ 144.543743036000023, -37.470336806999967 ], [ 144.532389058000035, -37.469047805999935 ], [ 144.531602479000071, -37.463562535999984 ], [ 144.532954769000071, -37.459692795999956 ], [ 144.540162388000113, -37.45918559699993 ], [ 144.542459447000056, -37.457109646999982 ], [ 144.544684447, -37.457006856999953 ], [ 144.547073257000079, -37.454544546999955 ], [ 144.549519056, -37.457261806999952 ], [ 144.547940066000024, -37.45956980699998 ], [ 144.549056046000032, -37.460300796999945 ], [ 144.549552046000031, -37.463029806999941 ], [ 144.552142235000019, -37.46134604699995 ], [ 144.555121075000102, -37.462791807999963 ], [ 144.555985064000083, -37.46464779799993 ], [ 144.558209594000118, -37.465154997999946 ], [ 144.56045740400009, -37.462863347999985 ], [ 144.560063024000101, -37.460549807999939 ], [ 144.562199984000017, -37.458930577999979 ], [ 144.562619304, -37.456927637999968 ], [ 144.56505805300003, -37.457081797999933 ], [ 144.564676073000101, -37.45943381799998 ], [ 144.567842053000049, -37.460720808999952 ], [ 144.576535732000025, -37.455425568999942 ], [ 144.583162189000063, -37.467387949999932 ], [ 144.598239136000075, -37.476219550999929 ], [ 144.604268344000047, -37.482170150999934 ], [ 144.619601412000065, -37.473962571999948 ], [ 144.637537549000058, -37.476097422999942 ], [ 144.650191688000064, -37.469427853999946 ], [ 144.655389037000077, -37.468478803999972 ], [ 144.65433301600001, -37.472761813999966 ], [ 144.651207007000039, -37.473169813999959 ], [ 144.650085037000053, -37.478158823999934 ], [ 144.647606067000083, -37.477811833999965 ], [ 144.645932067000103, -37.485330783999984 ], [ 144.657688894000103, -37.48690737499993 ], [ 144.638057956000011, -37.499488762999931 ], [ 144.631424044000028, -37.534537812999929 ], [ 144.624307025000121, -37.533698812999944 ], [ 144.623859015000107, -37.536131822999948 ], [ 144.61686700600012, -37.535317801999952 ], [ 144.617294016000073, -37.533091811999952 ], [ 144.61163301800002, -37.531816811999931 ], [ 144.591870461000099, -37.53036513099994 ] ] ] } },
{ "type": "Feature", "properties": { "suburb": "Gisborne South" }, "geometry": { "type": "Polygon", "coordinates": [ [ [ 144.591964561000054, -37.529907940999976 ], [ 144.61163301800002, -37.531816811999931 ], [ 144.617294016000073, -37.533091811999952 ], [ 144.61686700600012, -37.535317801999952 ], [ 144.623859015000107, -37.536131822999948 ], [ 144.624307025000121, -37.533698812999944 ], [ 144.631424044000028, -37.534537812999929 ], [ 144.632313034000049, -37.530050822999954 ], [ 144.641248452000013, -37.538292013999978 ], [ 144.648059320000016, -37.54289128399995 ], [ 144.656098808000024, -37.552867244999959 ], [ 144.663773656000103, -37.558340785999974 ], [ 144.671651563000069, -37.567708515999982 ], [ 144.626213372000052, -37.562893662999954 ], [ 144.626758102000053, -37.560001242999931 ], [ 144.586742029000106, -37.555313809999973 ], [ 144.591964561000054, -37.529907940999976 ] ] ] } },
{ "type": "Feature", "properties": { "suburb": "Gladstone Park" }, "geometry": { "type": "Polygon", "coordinates": [ [ [ 144.903836370000022, -37.694056832999934 ], [ 144.889628961000085, -37.704662251999935 ], [ 144.887725962000104, -37.697402841999974 ], [ 144.882274064000057, -37.689107900999943 ], [ 144.883493975000079, -37.682161830999974 ], [ 144.886786784000037, -37.680481870999984 ], [ 144.905440141000099, -37.681192862999978 ], [ 144.905752980000102, -37.688857262999932 ], [ 144.909597819000055, -37.694006442999978 ], [ 144.903836370000022, -37.694056832999934 ] ] ] } },
{ "type": "Feature", "properties": { "suburb": "Glen Huntly" }, "geometry": { "type": "Polygon", "coordinates": [ [ [ 145.045155043000022, -37.898184753999942 ], [ 145.036144955000054, -37.89679485299996 ], [ 145.038164936000044, -37.886269312999957 ], [ 145.046134964000089, -37.887259843999971 ], [ 145.044789904000027, -37.889637842999946 ], [ 145.046104744000104, -37.893378233999954 ], [ 145.045155043000022, -37.898184753999942 ] ] ] } },
{ "type": "Feature", "properties": { "suburb": "Glenburn" }, "geometry": { "type": "Polygon", "coordinates": [ [ [ 145.490606838762972, -37.454098379399944 ], [ 145.49102752500005, -37.457808141999976 ], [ 145.488613265000026, -37.46130242199996 ], [ 145.422647926000081, -37.461685866999971 ], [ 145.421925876000046, -37.462555856999984 ], [ 145.420162897000068, -37.460581876999981 ], [ 145.418407897000066, -37.461795866999978 ], [ 145.418933896000112, -37.46601785699994 ], [ 145.417499926000119, -37.467898866999974 ], [ 145.397013940000079, -37.466020914999945 ], [ 145.39528289000009, -37.467987864999941 ], [ 145.394773970000074, -37.466327644999978 ], [ 145.392936931, -37.465783864999935 ], [ 145.390867961000026, -37.466540874999964 ], [ 145.386983923000116, -37.456520864999959 ], [ 145.393480922000094, -37.455445864999945 ], [ 145.395585911000012, -37.457450854999934 ], [ 145.400910900000099, -37.457486855999946 ], [ 145.401474900000039, -37.45658085599996 ], [ 145.404253900000072, -37.456773875999943 ], [ 145.407067452797691, -37.454098379399944 ], [ 145.490606838762972, -37.454098379399944 ] ] ] } },
{ "type": "Feature", "properties": { "suburb": "Gowanbrae" }, "geometry": { "type": "Polygon", "coordinates": [ [ [ 144.896535929000038, -37.709353501999942 ], [ 144.890815870000097, -37.71005865199993 ], [ 144.889400361000071, -37.704837391999945 ], [ 144.897811600000068, -37.698287261999951 ], [ 144.903729709000118, -37.698977372999934 ], [ 144.904291299000079, -37.700858822999976 ], [ 144.903036209000106, -37.702104352999982 ], [ 144.903168889000085, -37.704287612999963 ], [ 144.896535929000038, -37.709353501999942 ] ] ] } },
{ "type": "Feature", "properties": { "suburb": "Grangefields" }, "geometry": { "type": "Polygon", "coordinates": [ [ [ 144.64516200200012, -37.719853814999965 ], [ 144.621109018000084, -37.702600823999944 ], [ 144.624485019000076, -37.682258813999965 ], [ 144.637564637000082, -37.68358518499997 ], [ 144.638439257000073, -37.684321044999933 ], [ 144.639748256000075, -37.687235474999966 ], [ 144.640859496000076, -37.687212664999947 ], [ 144.640542056000072, -37.689972844999943 ], [ 144.638850686000069, -37.690317444999948 ], [ 144.639581776000114, -37.692140904999974 ], [ 144.636312836000116, -37.696169114999975 ], [ 144.63745455600008, -37.697557254999936 ], [ 144.641443345000084, -37.698943854999982 ], [ 144.641027135000058, -37.700440294999964 ], [ 144.641966434000096, -37.701522304999969 ], [ 144.644534134000082, -37.702168714999971 ], [ 144.652911463, -37.698695235999935 ], [ 144.655107782000073, -37.699302175999946 ], [ 144.65523604200007, -37.700079715999948 ], [ 144.656769182000062, -37.699452375999954 ], [ 144.656747722000091, -37.700222425999982 ], [ 144.657743002000075, -37.700109485999974 ], [ 144.656474151000111, -37.708588735999967 ], [ 144.648384003000047, -37.707188394999946 ], [ 144.646219002000066, -37.719835804999946 ], [ 144.64516200200012, -37.719853814999965 ] ] ] } },
{ "type": "Feature", "properties": { "suburb": "Greenvale" }, "geometry": { "type": "Polygon", "coordinates": [ [ [ 144.900552, -37.60914483199997 ], [ 144.912563447000025, -37.610079692999932 ], [ 144.915148966000061, -37.623232842999982 ], [ 144.91162079500009, -37.631295492999982 ], [ 144.906887623000102, -37.662014702999954 ], [ 144.8706908690001, -37.658329759999958 ], [ 144.869174769000097, -37.666194079999968 ], [ 144.860513980000064, -37.665753829999971 ], [ 144.856783131000043, -37.663861758999928 ], [ 144.858368001000031, -37.662352828999929 ], [ 144.855560962000027, -37.659048838999979 ], [ 144.851822963000018, -37.658979828999975 ], [ 144.849097983000092, -37.656380818999935 ], [ 144.84732197400001, -37.656645838999964 ], [ 144.845447984000089, -37.654763827999943 ], [ 144.846187985000029, -37.650748827999962 ], [ 144.844433985000023, -37.649499817999981 ], [ 144.844989005000116, -37.647545837999985 ], [ 144.844166875000042, -37.645754517999933 ], [ 144.83392402700008, -37.643974887999946 ], [ 144.836369158000025, -37.62959180799993 ], [ 144.854089985000087, -37.631426818999955 ], [ 144.854896885000016, -37.629765868999982 ], [ 144.859108875000061, -37.627886848999935 ], [ 144.864009954000039, -37.630039819999979 ], [ 144.868287093000049, -37.627908809999951 ], [ 144.87120884400008, -37.619497859999967 ], [ 144.869371074000014, -37.617266849999965 ], [ 144.86978793500009, -37.611987819999968 ], [ 144.871592974, -37.610148839999965 ], [ 144.869119626000042, -37.60356687999996 ], [ 144.892087971000024, -37.606311830999971 ], [ 144.891062941000087, -37.610525840999969 ], [ 144.900296169000057, -37.611688881999953 ], [ 144.900552, -37.60914483199997 ] ] ] } },
{ "type": "Feature", "properties": { "suburb": "Gruyere" }, "geometry": { "type": "Polygon", "coordinates": [ [ [ 145.509279860000106, -37.745264874999975 ], [ 145.509283909000033, -37.747086244999934 ], [ 145.510133299000017, -37.746511924999936 ], [ 145.510374789000025, -37.747760384999935 ], [ 145.511695979000024, -37.747351034999951 ], [ 145.51190869900006, -37.749583074999975 ], [ 145.510596739000107, -37.749350144999937 ], [ 145.511010759000101, -37.750060464999933 ], [ 145.510191589000101, -37.750288774999945 ], [ 145.511374299000067, -37.750711224999975 ], [ 145.510901659000069, -37.752079634999973 ], [ 145.511615268000014, -37.752091064999945 ], [ 145.51208345800012, -37.753029694999952 ], [ 145.51121931900002, -37.752465044999951 ], [ 145.510591779000038, -37.752831984999943 ], [ 145.511228668000058, -37.753339034999954 ], [ 145.508142669000108, -37.753046924999978 ], [ 145.504841859000067, -37.754739914999959 ], [ 145.503236990000119, -37.754186874999959 ], [ 145.500006670000062, -37.755605893999984 ], [ 145.493563761000019, -37.756314743999951 ], [ 145.489724032000026, -37.754820833999929 ], [ 145.490995111000075, -37.757952323999973 ], [ 145.490966860000071, -37.76745888399995 ], [ 145.425439882000092, -37.767499878999956 ], [ 145.425283882000031, -37.764401858999975 ], [ 145.427373872000089, -37.761851858999933 ], [ 145.426425862000087, -37.760635878999949 ], [ 145.427665872000034, -37.759796858999948 ], [ 145.428691082000114, -37.75669561899997 ], [ 145.427284883000084, -37.753094788999931 ], [ 145.428300823000086, -37.749254858999961 ], [ 145.427033984000104, -37.746507888999929 ], [ 145.429304874000081, -37.743513848999953 ], [ 145.428951734000066, -37.742499918999954 ], [ 145.430103814000063, -37.741920918999938 ], [ 145.429772874000037, -37.738386808999962 ], [ 145.430860794000068, -37.736180838999985 ], [ 145.430339864000075, -37.734776928999963 ], [ 145.427390775000049, -37.733615828999973 ], [ 145.42897980500004, -37.731405878999965 ], [ 145.429132775000085, -37.729321828999957 ], [ 145.426872726000056, -37.727727938999976 ], [ 145.428236736000031, -37.723284818999957 ], [ 145.426115977000109, -37.716523938999956 ], [ 145.421922709000114, -37.711312838999959 ], [ 145.418616649000114, -37.710540297999955 ], [ 145.420993860000067, -37.696960867999962 ], [ 145.477014851000035, -37.696919881999975 ], [ 145.477003831000047, -37.690407881999931 ], [ 145.494575588000089, -37.690274623999983 ], [ 145.494682608000062, -37.690942623999945 ], [ 145.496370548000073, -37.690303633999974 ], [ 145.496419677000063, -37.695314633999942 ], [ 145.498946647000025, -37.695025633999933 ], [ 145.500079677000031, -37.696392633999949 ], [ 145.501494637000064, -37.695939623999948 ], [ 145.501996686000098, -37.698884653999983 ], [ 145.504158656000072, -37.698670643999947 ], [ 145.503244736000056, -37.701024663999931 ], [ 145.504630715000076, -37.701663673999974 ], [ 145.505171785000016, -37.704481703999932 ], [ 145.507223745000033, -37.703128684999967 ], [ 145.509259754000027, -37.704330684999945 ], [ 145.50742183400007, -37.706606724999972 ], [ 145.508466824000038, -37.707612714999982 ], [ 145.506971854000085, -37.709048724999946 ], [ 145.507743874000084, -37.710076734999973 ], [ 145.506365884000047, -37.713462714999935 ], [ 145.503449934000059, -37.718344673999979 ], [ 145.50160595400007, -37.719345673999953 ], [ 145.502207954000028, -37.720676673999947 ], [ 145.500529974000074, -37.722291673999962 ], [ 145.500580013000103, -37.724405683999976 ], [ 145.497969093000052, -37.729589773999976 ], [ 145.498362093000082, -37.730816803999971 ], [ 145.500044083000034, -37.730489773999977 ], [ 145.499712083000077, -37.731952793999938 ], [ 145.501966062000065, -37.733052843999928 ], [ 145.50218911200011, -37.734453843999972 ], [ 145.503981122000027, -37.735348873999953 ], [ 145.505710121000106, -37.734856874999934 ], [ 145.505660121000119, -37.736167894999937 ], [ 145.507734121000112, -37.73567286499997 ], [ 145.507579111000041, -37.737215914999979 ], [ 145.509068120000052, -37.738289914999939 ], [ 145.509742101000029, -37.736859884999944 ], [ 145.510609120000026, -37.737617884999963 ], [ 145.512886060000028, -37.737013874999946 ], [ 145.512978080000039, -37.738167884999939 ], [ 145.514611049000109, -37.738379864999956 ], [ 145.514128080000091, -37.739000884999939 ], [ 145.515121099000112, -37.740697894999983 ], [ 145.513920099000075, -37.74154290499996 ], [ 145.51621255900011, -37.742543584999964 ], [ 145.509279860000106, -37.745264874999975 ] ] ] } },
{ "type": "Feature", "properties": { "suburb": "Guys Hill" }, "geometry": { "type": "Polygon", "coordinates": [ [ [ 145.398341678000065, -38.018750718999968 ], [ 145.396508318000087, -38.027256318999946 ], [ 145.390954619000013, -38.026509507999947 ], [ 145.391124929000057, -38.02573844799997 ], [ 145.38430195, -38.021894737999958 ], [ 145.377758271000062, -38.028839396999956 ], [ 145.375963861000059, -38.028062366999961 ], [ 145.37762216100009, -38.025571246999959 ], [ 145.377503391000118, -38.022614646999955 ], [ 145.378762271000028, -38.022077796999952 ], [ 145.379867861000093, -38.019196087999944 ], [ 145.378720882000039, -38.017587326999944 ], [ 145.379414972000063, -38.016287466999984 ], [ 145.38128731200004, -38.01644289799998 ], [ 145.385412831000053, -38.013482867999983 ], [ 145.383764852000013, -38.011465867999959 ], [ 145.385245182000062, -38.008911957999942 ], [ 145.38332455200009, -38.007872297999938 ], [ 145.383510672000057, -38.006364597999948 ], [ 145.381719693000036, -38.004438787999959 ], [ 145.38269588300011, -38.004011327999933 ], [ 145.390483852000102, -38.000857877999977 ], [ 145.39170386100011, -38.002768867999976 ], [ 145.390249441000037, -38.003590437999947 ], [ 145.392428461, -38.005947427999956 ], [ 145.399294840000039, -38.003577868999969 ], [ 145.402613859000098, -38.006920858999933 ], [ 145.400736839000047, -38.007569878999959 ], [ 145.402085629000112, -38.009837698999945 ], [ 145.400383889000068, -38.009373758999971 ], [ 145.401407708000079, -38.011964868999939 ], [ 145.402772848000041, -38.01100785899996 ], [ 145.40630980800006, -38.011060678999968 ], [ 145.404379868000092, -38.013436878999983 ], [ 145.399800838000033, -38.014584868999975 ], [ 145.398115849000078, -38.016911858999947 ], [ 145.395128839000108, -38.018328868999959 ], [ 145.398341678000065, -38.018750718999968 ] ] ] } },
{ "type": "Feature", "properties": { "suburb": "Hadfield" }, "geometry": { "type": "Polygon", "coordinates": [ [ [ 144.948662150000018, -37.71524603599994 ], [ 144.937106842000048, -37.713885104999974 ], [ 144.939230223000095, -37.701988194999956 ], [ 144.960535709000055, -37.704517826999961 ], [ 144.962987597000051, -37.719202926999969 ], [ 144.951715999000044, -37.718054165999945 ], [ 144.952111509000019, -37.715645655999936 ], [ 144.949090950000027, -37.716054835999955 ], [ 144.948662150000018, -37.71524603599994 ] ] ] } },
{ "type": "Feature", "properties": { "suburb": "Hallam" }, "geometry": { "type": "Polygon", "coordinates": [ [ [ 145.276947843000016, -37.986256889999936 ], [ 145.275179132000062, -37.99719043999994 ], [ 145.289599689000056, -37.999541890999978 ], [ 145.287864299000034, -38.005103260999931 ], [ 145.284107210000116, -38.00479513099998 ], [ 145.282932779000021, -38.01089080099996 ], [ 145.283690849000095, -38.011190860999932 ], [ 145.284057598000118, -38.019259320999936 ], [ 145.287172508000026, -38.019611890999954 ], [ 145.286760717000107, -38.021621300999982 ], [ 145.257425383000054, -38.018933268999945 ], [ 145.2489944350001, -38.016997767999953 ], [ 145.253821846000051, -37.993339848999938 ], [ 145.25708786600012, -37.993237858999976 ], [ 145.256552456, -37.996072968999954 ], [ 145.259885195000038, -37.996314138999935 ], [ 145.260342395000066, -37.993967758999929 ], [ 145.268296874000043, -37.995762849999949 ], [ 145.270943783000121, -37.99412056999995 ], [ 145.27278389300011, -37.994343869999966 ], [ 145.274466873000051, -37.992758859999981 ], [ 145.27473116300007, -37.991801669999973 ], [ 145.271904163000045, -37.991479439999978 ], [ 145.274209613000039, -37.987094009999964 ], [ 145.276947843000016, -37.986256889999936 ] ] ] } },
{ "type": "Feature", "properties": { "suburb": "Hampton Park" }, "geometry": { "type": "Polygon", "coordinates": [ [ [ 145.262304808000067, -38.057508879999943 ], [ 145.265324859000089, -38.044766339999967 ], [ 145.259092880000026, -38.045420018999948 ], [ 145.255237860000079, -38.047067868999932 ], [ 145.249064872000076, -38.037941858999943 ], [ 145.246883853000099, -38.036145857999941 ], [ 145.246653034000019, -38.026540927999974 ], [ 145.2489944350001, -38.016997767999953 ], [ 145.257425383000054, -38.018933268999945 ], [ 145.286760717000107, -38.021621300999982 ], [ 145.285997507000047, -38.025322280999944 ], [ 145.288573307000092, -38.02474627099997 ], [ 145.27977279400011, -38.067569220999985 ], [ 145.266165846000035, -38.06593584999996 ], [ 145.262304808000067, -38.057508879999943 ] ] ] } },
{ "type": "Feature", "properties": { "suburb": "Harkaway" }, "geometry": { "type": "Polygon", "coordinates": [ [ [ 145.353550860000041, -37.982075854999948 ], [ 145.360449870000025, -37.975235875999942 ], [ 145.36099773, -37.972040935999985 ], [ 145.379217327000106, -37.975014666999982 ], [ 145.379304446000106, -37.976628516999938 ], [ 145.382006615000023, -37.980584736999958 ], [ 145.382465965000051, -37.984589826999979 ], [ 145.380974145000096, -37.985230276999971 ], [ 145.379998535000027, -37.987560556999938 ], [ 145.377928545000032, -37.987987056999941 ], [ 145.375911085000098, -37.990147056999945 ], [ 145.377479265000034, -37.995220906999975 ], [ 145.379837234000092, -37.996897966999938 ], [ 145.377871274000086, -38.001354576999972 ], [ 145.37899879400004, -38.001835546999985 ], [ 145.378747893000082, -38.002845416999946 ], [ 145.3802822130001, -38.002600536999978 ], [ 145.383503482000037, -38.006351907999942 ], [ 145.38336343200001, -38.007928537999931 ], [ 145.385137872000087, -38.00856628799994 ], [ 145.383764852000013, -38.011465867999959 ], [ 145.385455831000058, -38.013257867999982 ], [ 145.374730633000013, -38.011953116999962 ], [ 145.37490459300011, -38.011137726999948 ], [ 145.372805364000101, -38.01023235699995 ], [ 145.369691734000071, -38.009814846999973 ], [ 145.370385824000095, -38.00669238699993 ], [ 145.36703241500004, -38.005276246999983 ], [ 145.36134477600001, -38.004590895999968 ], [ 145.360966636000057, -38.006262905999961 ], [ 145.358158757000069, -38.005807325999967 ], [ 145.357933777000085, -38.006801195999969 ], [ 145.35360928800003, -38.005800015999966 ], [ 145.350174318000086, -38.008709304999968 ], [ 145.346943259000113, -38.007485624999958 ], [ 145.34641013800001, -38.008422654999947 ], [ 145.34398266900007, -38.008130844999982 ], [ 145.343948949000037, -38.011221424999974 ], [ 145.33833784, -38.007442874999981 ], [ 145.336115870000071, -38.007176853999965 ], [ 145.336076880000064, -38.008265033999976 ], [ 145.334167790000038, -38.009731913999929 ], [ 145.33557165000002, -38.010509913999954 ], [ 145.334071870000116, -38.012267853999958 ], [ 145.332612851000022, -38.010522363999939 ], [ 145.329266091000022, -38.010114493999936 ], [ 145.328996692000032, -38.007493673999932 ], [ 145.330665581000062, -38.006475003999981 ], [ 145.330009962000076, -38.005848073999971 ], [ 145.330933852000044, -38.003175863999957 ], [ 145.333169371000054, -38.003451163999955 ], [ 145.334016792000057, -37.999381823999954 ], [ 145.33184785200001, -37.998485853999966 ], [ 145.335282862000099, -37.993833863999953 ], [ 145.33507583200003, -37.992128863999937 ], [ 145.34185286100012, -37.990390864999938 ], [ 145.345708941000112, -37.988268524999967 ], [ 145.352228860000082, -37.988603854999951 ], [ 145.353550860000041, -37.982075854999948 ] ] ] } },
{ "type": "Feature", "properties": { "suburb": "Harkness" }, "geometry": { "type": "Polygon", "coordinates": [ [ [ 144.576137022000012, -37.643055809999964 ], [ 144.570284020000031, -37.672994799999969 ], [ 144.557074712000031, -37.670236598999963 ], [ 144.55245268300007, -37.67045941899994 ], [ 144.551517043000104, -37.675240808999945 ], [ 144.548290033000058, -37.674399798999957 ], [ 144.546026014000063, -37.672644797999965 ], [ 144.542941915000029, -37.672258887999931 ], [ 144.543411305000063, -37.669832927999948 ], [ 144.527944219200009, -37.667882025636864 ], [ 144.527944219200009, -37.636250849139159 ], [ 144.537664059000122, -37.637406817999931 ], [ 144.538846029000069, -37.638478817999953 ], [ 144.538017049000018, -37.640628807999974 ], [ 144.555129046000047, -37.642762808999976 ], [ 144.554864056000042, -37.641636798999969 ], [ 144.574717023000062, -37.63870081999994 ], [ 144.576137022000012, -37.643055809999964 ] ] ] } },
{ "type": "Feature", "properties": { "suburb": "Healesville" }, "geometry": { "type": "Polygon", "coordinates": [ [ [ 145.52279885400003, -37.59839887499993 ], [ 145.562603187000036, -37.593231247999938 ], [ 145.58390908380008, -37.611464560391184 ], [ 145.58390908380008, -37.709021424814182 ], [ 145.581213392000109, -37.705705449999982 ], [ 145.581649352000113, -37.703971419999959 ], [ 145.576756163000027, -37.700302868999984 ], [ 145.573466494000058, -37.69965721899996 ], [ 145.576460034000092, -37.696269998999981 ], [ 145.567406835000043, -37.694984878999946 ], [ 145.567538856000056, -37.690444888999934 ], [ 145.566973836000102, -37.691624868999952 ], [ 145.561773356000117, -37.693799747999947 ], [ 145.553158188000111, -37.692203767999956 ], [ 145.556173487000024, -37.696623477999935 ], [ 145.546320858000058, -37.703733876999934 ], [ 145.545148848000053, -37.708287876999975 ], [ 145.547841847000086, -37.708830866999961 ], [ 145.545888847000015, -37.712141866999957 ], [ 145.544261857000038, -37.711823876999972 ], [ 145.54298282700006, -37.715814876999957 ], [ 145.544260867000048, -37.716046886999948 ], [ 145.543720857000039, -37.717914866999934 ], [ 145.542375867000032, -37.72104887699993 ], [ 145.541487857000106, -37.720932886999947 ], [ 145.540847866000036, -37.730010866999976 ], [ 145.542514816000107, -37.73022687699995 ], [ 145.541220935000069, -37.736347356999943 ], [ 145.532666287000097, -37.735392796999975 ], [ 145.530026307000071, -37.738389405999953 ], [ 145.520910219000029, -37.736906415999954 ], [ 145.517069319000029, -37.739989064999975 ], [ 145.514982069000098, -37.739783884999952 ], [ 145.514508080000041, -37.738237874999982 ], [ 145.512696080000069, -37.737807894999946 ], [ 145.512886060000028, -37.737013874999946 ], [ 145.510609120000026, -37.737617884999963 ], [ 145.509742101000029, -37.736859884999944 ], [ 145.509068120000052, -37.738289914999939 ], [ 145.507579111000041, -37.737215914999979 ], [ 145.507734121000112, -37.73567286499997 ], [ 145.505660121000119, -37.736167894999937 ], [ 145.505710121000106, -37.734856874999934 ], [ 145.503981122000027, -37.735348873999953 ], [ 145.50218911200011, -37.734453843999972 ], [ 145.501966062000065, -37.733052843999928 ], [ 145.499712083000077, -37.731952793999938 ], [ 145.500044083000034, -37.730489773999977 ], [ 145.498362093000082, -37.730816803999971 ], [ 145.497969093000052, -37.729589773999976 ], [ 145.500580013000103, -37.724405683999976 ], [ 145.500529974000074, -37.722291673999962 ], [ 145.502207954000028, -37.720676673999947 ], [ 145.50160595400007, -37.719345673999953 ], [ 145.503449934000059, -37.718344673999979 ], [ 145.506365884000047, -37.713462714999935 ], [ 145.507743874000084, -37.710076734999973 ], [ 145.506971854000085, -37.709048724999946 ], [ 145.508466824000038, -37.707612714999982 ], [ 145.50742183400007, -37.706606724999972 ], [ 145.509259754000027, -37.704330684999945 ], [ 145.507223745000033, -37.703128684999967 ], [ 145.505171785000016, -37.704481703999932 ], [ 145.504630715000076, -37.701663673999974 ], [ 145.503244736000056, -37.701024663999931 ], [ 145.504158656000072, -37.698670643999947 ], [ 145.501996686000098, -37.698884653999983 ], [ 145.501494637000064, -37.695939623999948 ], [ 145.500079677000031, -37.696392633999949 ], [ 145.498946647000025, -37.695025633999933 ], [ 145.496419677000063, -37.695314633999942 ], [ 145.496425548000047, -37.690381633999948 ], [ 145.494469588000015, -37.690790643999946 ], [ 145.495760528000119, -37.688794623999968 ], [ 145.49451951900005, -37.688157633999936 ], [ 145.496872458000098, -37.686320603999945 ], [ 145.495500429000117, -37.685227623999936 ], [ 145.494862479000062, -37.687310633999971 ], [ 145.493279509000104, -37.685932652999952 ], [ 145.493201439000018, -37.684687642999961 ], [ 145.491917439000076, -37.683963662999929 ], [ 145.493440399000065, -37.682534652999948 ], [ 145.490970340000104, -37.680176672999949 ], [ 145.490244390000043, -37.680671702999973 ], [ 145.489565340000013, -37.67935270299995 ], [ 145.490319320000026, -37.678441712999984 ], [ 145.488914291000015, -37.677869722999958 ], [ 145.491224270000089, -37.676037712999971 ], [ 145.488939261000041, -37.675027752999938 ], [ 145.48879622100003, -37.673990772999957 ], [ 145.492773151000051, -37.672842722999974 ], [ 145.490581171000031, -37.672219752999979 ], [ 145.489857121000114, -37.669178792999958 ], [ 145.488579192000088, -37.669682812999952 ], [ 145.486764152000092, -37.668152862999932 ], [ 145.487402102000033, -37.666333862999977 ], [ 145.489313052000057, -37.665612852999971 ], [ 145.485055153000076, -37.665723922999973 ], [ 145.484317123000096, -37.665064952999955 ], [ 145.484938093000096, -37.66356293299998 ], [ 145.483725093000089, -37.663641992999942 ], [ 145.479836204000094, -37.664460041999973 ], [ 145.478576254000018, -37.666972041999941 ], [ 145.474840265000012, -37.663850111999977 ], [ 145.472863315000041, -37.664975111999979 ], [ 145.47229238500006, -37.669110071999967 ], [ 145.469536885000025, -37.667977871999938 ], [ 145.470854865000092, -37.666282881999962 ], [ 145.469054865000089, -37.666746881999984 ], [ 145.469327885000098, -37.665460871999983 ], [ 145.466306856000074, -37.662064880999935 ], [ 145.460327687000017, -37.661782090999964 ], [ 145.460918068000069, -37.659228510999981 ], [ 145.464178067000034, -37.659533630999931 ], [ 145.466231268000115, -37.649906880999936 ], [ 145.463987798000062, -37.647222850999981 ], [ 145.452603701000044, -37.642619269999955 ], [ 145.455190891000029, -37.635311969999975 ], [ 145.456827521000037, -37.635830950999946 ], [ 145.461100062000014, -37.616525310999975 ], [ 145.463202212000056, -37.613779310999973 ], [ 145.458808523000016, -37.613182550999966 ], [ 145.458913064000058, -37.608481900999948 ], [ 145.458009834000109, -37.606982869999968 ], [ 145.459448144000021, -37.604638510999962 ], [ 145.468260892000103, -37.605791870999951 ], [ 145.46800685200003, -37.606811870999934 ], [ 145.473231902000066, -37.604115871999966 ], [ 145.475353861000031, -37.609827871999983 ], [ 145.477387890000045, -37.611191881999957 ], [ 145.476230840000085, -37.614547871999946 ], [ 145.483805869000093, -37.61561887199997 ], [ 145.480722857000046, -37.629913881999983 ], [ 145.480743376000078, -37.638442321999946 ], [ 145.484956056000101, -37.638441672999932 ], [ 145.488020305000077, -37.64055687299998 ], [ 145.502796893000095, -37.639672873999984 ], [ 145.504608852000047, -37.638663883999982 ], [ 145.503863893000016, -37.636946873999932 ], [ 145.506242852000014, -37.636296883999933 ], [ 145.505499893000092, -37.634700863999967 ], [ 145.508144872000116, -37.634382873999982 ], [ 145.508538852000015, -37.632165863999944 ], [ 145.509400872000015, -37.63218586399995 ], [ 145.510354873000097, -37.626753873999974 ], [ 145.509151863000056, -37.626513873999954 ], [ 145.510818853000046, -37.625538873999972 ], [ 145.511359863000052, -37.622629873999983 ], [ 145.510581863000084, -37.620023873999969 ], [ 145.50910284400004, -37.618887883999946 ], [ 145.513302863000035, -37.617900863999978 ], [ 145.511247844000081, -37.615395873999944 ], [ 145.514416883000081, -37.613538883999979 ], [ 145.513114854000037, -37.61147187399996 ], [ 145.510864884000057, -37.611163873999942 ], [ 145.510589855000035, -37.609654883999951 ], [ 145.512402844000121, -37.608726863999948 ], [ 145.509387875000016, -37.606138883999961 ], [ 145.512405885000021, -37.605617863999953 ], [ 145.512812855000107, -37.604446873999962 ], [ 145.50769686600006, -37.599979883999936 ], [ 145.509136866000063, -37.598789873999976 ], [ 145.52279885400003, -37.59839887499993 ] ], [ [ 145.529117864000114, -37.673287875999961 ], [ 145.531335863000095, -37.676843865999956 ], [ 145.523192865000055, -37.680044865999946 ], [ 145.522831875000065, -37.679184874999976 ], [ 145.518878855000025, -37.678273884999953 ], [ 145.517280226000025, -37.679159624999954 ], [ 145.514383876000011, -37.678469864999954 ], [ 145.515172866000057, -37.681570874999977 ], [ 145.5181288550001, -37.685420874999977 ], [ 145.519482853000113, -37.698744874999932 ], [ 145.52246884200008, -37.702846875999967 ], [ 145.522192872000119, -37.705501885999979 ], [ 145.541505339000082, -37.703789966999977 ], [ 145.544454798000061, -37.702450626999962 ], [ 145.544627699000102, -37.700107326999955 ], [ 145.545706598000038, -37.699898436999945 ], [ 145.54888333800011, -37.701112636999937 ], [ 145.547219969000025, -37.696663106999949 ], [ 145.55041699800006, -37.695989297999972 ], [ 145.551983868000093, -37.69691090799995 ], [ 145.55067413800009, -37.693731727999932 ], [ 145.551206968000088, -37.692114047999951 ], [ 145.552740298000117, -37.69189653799998 ], [ 145.552131768000095, -37.691064947999962 ], [ 145.561815877000072, -37.686555867999971 ], [ 145.557778578000011, -37.683788217999961 ], [ 145.551777899000058, -37.683352187999958 ], [ 145.546755871000073, -37.676505486999929 ], [ 145.542628891000049, -37.678329916999985 ], [ 145.537269563000109, -37.670415325999954 ], [ 145.531197854000084, -37.67320987599993 ], [ 145.530674374000114, -37.67211909599996 ], [ 145.529117864000114, -37.673287875999961 ] ] ] } },
{ "type": "Feature", "properties": { "suburb": "Heatherton" }, "geometry": { "type": "Polygon", "coordinates": [ [ [ 145.084473819000095, -37.96135974699996 ], [ 145.075454271000012, -37.960256845999936 ], [ 145.079539163000049, -37.938738865999937 ], [ 145.088691911000069, -37.939951836999967 ], [ 145.093884910000043, -37.941953846999979 ], [ 145.099401918000012, -37.947005847999947 ], [ 145.103146227000025, -37.95632515799997 ], [ 145.112302835000037, -37.957455118999974 ], [ 145.110572924000053, -37.966300857999954 ], [ 145.112038874000064, -37.969616848999976 ], [ 145.111691903000064, -37.972258848999957 ], [ 145.09225291700011, -37.969870856999933 ], [ 145.093184138000083, -37.964835796999978 ], [ 145.084028919000048, -37.963693846999945 ], [ 145.084473819000095, -37.96135974699996 ] ] ] } },
{ "type": "Feature", "properties": { "suburb": "Heathmont" }, "geometry": { "type": "Polygon", "coordinates": [ [ [ 145.250541464000094, -37.837673916999961 ], [ 145.232033157000046, -37.840063315999942 ], [ 145.227369558000078, -37.839329815999974 ], [ 145.228924128000017, -37.838857325999982 ], [ 145.228873898000074, -37.832892865999952 ], [ 145.227357509000058, -37.832371205999948 ], [ 145.228129889000115, -37.831934865999983 ], [ 145.227843909000057, -37.830429845999959 ], [ 145.229446879000079, -37.830436855999949 ], [ 145.229445899000098, -37.82948784599995 ], [ 145.227776899000105, -37.829484845999957 ], [ 145.227699519000112, -37.827013845999943 ], [ 145.236834118000047, -37.826735435999979 ], [ 145.237433878000047, -37.822880865999934 ], [ 145.241544407000106, -37.822786096999948 ], [ 145.241124618000072, -37.817607686999963 ], [ 145.248486886000023, -37.82140084699995 ], [ 145.251697425000089, -37.825141866999957 ], [ 145.264253423000014, -37.828025367999942 ], [ 145.26402745300004, -37.83065569799993 ], [ 145.262208293000072, -37.831037537999975 ], [ 145.262201613000116, -37.832614887999966 ], [ 145.25955809300001, -37.832620707999979 ], [ 145.258547963000069, -37.836577527999964 ], [ 145.256516773000044, -37.83579048799993 ], [ 145.250541464000094, -37.837673916999961 ] ] ] } },
{ "type": "Feature", "properties": { "suburb": "Heidelberg Heights" }, "geometry": { "type": "Polygon", "coordinates": [ [ [ 145.060853239000039, -37.729708453999933 ], [ 145.056382027000041, -37.755043542999942 ], [ 145.046092049000094, -37.751124662999985 ], [ 145.049138090000042, -37.734449472999984 ], [ 145.057400809000114, -37.735292052999966 ], [ 145.058455629000036, -37.729228762999981 ], [ 145.060853239000039, -37.729708453999933 ] ] ] } },
{ "type": "Feature", "properties": { "suburb": "Heidelberg West" }, "geometry": { "type": "Polygon", "coordinates": [ [ [ 145.049102500000117, -37.734532112999943 ], [ 145.046092049000094, -37.751124662999985 ], [ 145.033294102000013, -37.748885791999953 ], [ 145.035609621000049, -37.747873071999948 ], [ 145.036097591000043, -37.746592071999942 ], [ 145.033387572000038, -37.745628091999947 ], [ 145.035098552000022, -37.743584061999968 ], [ 145.033034472000054, -37.741378071999975 ], [ 145.031996413000115, -37.737747071999934 ], [ 145.033798423000121, -37.73654204199994 ], [ 145.033971353000084, -37.735139021999942 ], [ 145.037607342000115, -37.734955961999958 ], [ 145.040276292000044, -37.732296921999932 ], [ 145.038240253000026, -37.730325931999971 ], [ 145.040524272000084, -37.730227911999975 ], [ 145.038348253000095, -37.727524901999971 ], [ 145.058455629000036, -37.729228762999981 ], [ 145.057400809000114, -37.735292052999966 ], [ 145.049102500000117, -37.734532112999943 ] ] ] } },
{ "type": "Feature", "properties": { "suburb": "Hillside (Melton - Vic.)" }, "geometry": { "type": "Polygon", "coordinates": [ [ [ 144.755802645000017, -37.700086362999969 ], [ 144.75650651400008, -37.706182392999949 ], [ 144.73260795900012, -37.703291080999975 ], [ 144.732579048000048, -37.706222220999962 ], [ 144.729723149000051, -37.706554920999963 ], [ 144.727130001000091, -37.692825810999977 ], [ 144.724734001000115, -37.690256809999937 ], [ 144.727693022000039, -37.675467820999984 ], [ 144.754439117000061, -37.678363721999972 ], [ 144.754860148000034, -37.67647703199998 ], [ 144.758357396000065, -37.680923972999949 ], [ 144.755802645000017, -37.700086362999969 ] ] ] } },
{ "type": "Feature", "properties": { "suburb": "Hoddles Creek" }, "geometry": { "type": "Polygon", "coordinates": [ [ [ 145.537053676000028, -37.824107666999964 ], [ 145.575774811000088, -37.809756879999952 ], [ 145.57561983100004, -37.810647879999976 ], [ 145.58390908380008, -37.811582473999543 ], [ 145.58390908380008, -37.879529691121782 ], [ 145.578892744000086, -37.870596930999966 ], [ 145.574143985000092, -37.867862899999977 ], [ 145.56771078700001, -37.858930839999971 ], [ 145.563352978000012, -37.857466828999975 ], [ 145.563753678000012, -37.856309148999969 ], [ 145.56228666800007, -37.852140878999933 ], [ 145.561004319000062, -37.851045198999941 ], [ 145.562848369000108, -37.849262228999976 ], [ 145.561271859000044, -37.846305928999982 ], [ 145.56160550900006, -37.845107268999982 ], [ 145.558824900000104, -37.843369848999941 ], [ 145.555831541000089, -37.837163818999954 ], [ 145.553183902000114, -37.838693858999932 ], [ 145.547942653000064, -37.836263387999963 ], [ 145.544435734000103, -37.833089877999953 ], [ 145.536514975000046, -37.829764906999969 ], [ 145.533405726000069, -37.826947466999968 ], [ 145.534485686000039, -37.825170946999947 ], [ 145.537053676000028, -37.824107666999964 ] ] ] } },
{ "type": "Feature", "properties": { "suburb": "Hoppers Crossing" }, "geometry": { "type": "Polygon", "coordinates": [ [ [ 144.669472074000055, -37.84636282799994 ], [ 144.71329696600003, -37.851399820999973 ], [ 144.711917996000011, -37.852906810999968 ], [ 144.714774955000053, -37.857541820999984 ], [ 144.717340985000078, -37.858159820999958 ], [ 144.721222973000067, -37.862872820999939 ], [ 144.717691964000096, -37.864922820999936 ], [ 144.716551964000018, -37.867088820999982 ], [ 144.717005984000025, -37.868200820999959 ], [ 144.721227973000055, -37.868725810999933 ], [ 144.731351792000055, -37.863271831999953 ], [ 144.734685341000045, -37.86755328199996 ], [ 144.734507400000098, -37.868896851999978 ], [ 144.736916250000036, -37.873448691999954 ], [ 144.712401323000108, -37.880098650999969 ], [ 144.712284923000084, -37.879456630999982 ], [ 144.680533467000032, -37.891546748999929 ], [ 144.682896779000089, -37.877580258999956 ], [ 144.664459382000018, -37.875585957999931 ], [ 144.669472074000055, -37.84636282799994 ] ] ] } },
{ "type": "Feature", "properties": { "suburb": "Humevale" }, "geometry": { "type": "Polygon", "coordinates": [ [ [ 145.205519125000023, -37.539202701999955 ], [ 145.179923939000105, -37.536425720999944 ], [ 145.175436699000102, -37.542841919999944 ], [ 145.17273651000005, -37.539142919999961 ], [ 145.166990792000092, -37.535762809999937 ], [ 145.163639032000106, -37.535994978999952 ], [ 145.158509763000097, -37.533948918999954 ], [ 145.150846075000118, -37.533068578999973 ], [ 145.161187729000062, -37.475966768999967 ], [ 145.166265939000027, -37.474181858999941 ], [ 145.169559959000026, -37.467682838999963 ], [ 145.173813918000064, -37.465264859999934 ], [ 145.177149948000078, -37.464568849999978 ], [ 145.182254906000026, -37.469558849999942 ], [ 145.190478945000109, -37.47207685099994 ], [ 145.193990934000112, -37.474186850999956 ], [ 145.200149943000042, -37.473177841999984 ], [ 145.207656931000088, -37.475776851999967 ], [ 145.211960941000029, -37.47391584199994 ], [ 145.218606930000078, -37.473174842999981 ], [ 145.221145869000111, -37.471767902999943 ], [ 145.225467948000073, -37.474297852999939 ], [ 145.236478426000076, -37.476168703999974 ], [ 145.228652937000106, -37.481210863999934 ], [ 145.226041947000112, -37.485774842999945 ], [ 145.226153927000041, -37.488331863999974 ], [ 145.220296957000073, -37.491260852999972 ], [ 145.221288947000062, -37.492939862999947 ], [ 145.219999957000027, -37.494403852999937 ], [ 145.221407937000095, -37.495344862999957 ], [ 145.221418927000059, -37.497473862999982 ], [ 145.220614906000037, -37.49995985299995 ], [ 145.217040937000093, -37.502069852999966 ], [ 145.20759294800007, -37.502633861999982 ], [ 145.205039959000032, -37.503884851999942 ], [ 145.202951939000059, -37.506734841999958 ], [ 145.19932993000009, -37.50382485199998 ], [ 145.190426931000047, -37.502208860999929 ], [ 145.198208939000097, -37.511655841999982 ], [ 145.197499308000033, -37.517750391999982 ], [ 145.21174660600002, -37.519368482999937 ], [ 145.210742715000038, -37.525219532999984 ], [ 145.196745988000089, -37.52370965199998 ], [ 145.196817018000047, -37.527011681999966 ], [ 145.194013448000078, -37.530450361999954 ], [ 145.206793925000056, -37.531905631999962 ], [ 145.205519125000023, -37.539202701999955 ] ] ] } },
{ "type": "Feature", "properties": { "suburb": "Huntingdale" }, "geometry": { "type": "Polygon", "coordinates": [ [ [ 145.105473732000064, -37.900807467999982 ], [ 145.113820730000043, -37.905959957999983 ], [ 145.112574730000119, -37.912666767999951 ], [ 145.103399802000013, -37.911582887999941 ], [ 145.105473732000064, -37.900807467999982 ] ] ] } },
{ "type": "Feature", "properties": { "suburb": "Hurstbridge" }, "geometry": { "type": "Polygon", "coordinates": [ [ [ 145.217593562000047, -37.640352813999982 ], [ 145.217205901000057, -37.642529863999982 ], [ 145.21589292200008, -37.642377843999952 ], [ 145.215225922000059, -37.64343284399996 ], [ 145.21582193100005, -37.645249863999936 ], [ 145.217688901000088, -37.645027863999985 ], [ 145.222163910000063, -37.649253853999937 ], [ 145.227329899000097, -37.649381854999945 ], [ 145.221852930000068, -37.651786853999965 ], [ 145.219416919000082, -37.657907853999973 ], [ 145.210445911000079, -37.656795862999957 ], [ 145.210997901000042, -37.655287852999948 ], [ 145.20729790200005, -37.65443884299998 ], [ 145.208120902000019, -37.653249852999977 ], [ 145.205628902000058, -37.652141852999932 ], [ 145.204985922000105, -37.655301852999969 ], [ 145.201708913000061, -37.653848842999935 ], [ 145.200152913000011, -37.656061852999983 ], [ 145.198702913000034, -37.655408852999983 ], [ 145.196641913000121, -37.658240832999979 ], [ 145.195277904000022, -37.654905861999964 ], [ 145.196381924000093, -37.651321851999967 ], [ 145.194219914000087, -37.651065851999931 ], [ 145.193983944000024, -37.652317861999961 ], [ 145.191762925000035, -37.652061851999974 ], [ 145.191040915000031, -37.655004851999934 ], [ 145.189026915000113, -37.654841851999947 ], [ 145.187216915000022, -37.656929851999962 ], [ 145.187822895000068, -37.654758861999937 ], [ 145.185380236000015, -37.653765421999935 ], [ 145.187481175000016, -37.653257401999952 ], [ 145.187051206000092, -37.65217740199995 ], [ 145.175493928000037, -37.650885840999933 ], [ 145.176405918000114, -37.64602985099998 ], [ 145.173172819000115, -37.645666830999971 ], [ 145.174408639000035, -37.639370170999939 ], [ 145.166081931000122, -37.637431849999984 ], [ 145.16895192100003, -37.62983184999996 ], [ 145.166569462000098, -37.624735519999945 ], [ 145.17041564200008, -37.621474299999932 ], [ 145.171485572000051, -37.618943540999965 ], [ 145.172479942000109, -37.620431850999978 ], [ 145.177642171000116, -37.617030050999972 ], [ 145.179340921000062, -37.61794084099995 ], [ 145.187215940000101, -37.615688861999956 ], [ 145.187285909000025, -37.61681785199994 ], [ 145.199037297000018, -37.618645731999948 ], [ 145.197750897000105, -37.620979851999948 ], [ 145.20176092600002, -37.621563842999933 ], [ 145.201286906000064, -37.624064862999944 ], [ 145.202806906000092, -37.624231862999977 ], [ 145.202189916000066, -37.627876862999983 ], [ 145.19225756700007, -37.626778381999941 ], [ 145.192726777000075, -37.62899803199997 ], [ 145.191394237000054, -37.632014621999929 ], [ 145.191654877000019, -37.633665321999956 ], [ 145.199460035000016, -37.634374652999952 ], [ 145.200481715000024, -37.633920862999958 ], [ 145.200788755000076, -37.632225342999959 ], [ 145.204099885000119, -37.632829882999943 ], [ 145.20645997500003, -37.630363392999982 ], [ 145.209852534000106, -37.629799342999945 ], [ 145.21030371400002, -37.628721372999962 ], [ 145.211963884000056, -37.629571852999959 ], [ 145.210090414000092, -37.63049287299998 ], [ 145.214945933000081, -37.631063853999933 ], [ 145.215318923000041, -37.629047853999964 ], [ 145.217344933000049, -37.629184853999959 ], [ 145.217747923000047, -37.627024863999964 ], [ 145.226092921000031, -37.628488863999962 ], [ 145.221564912000076, -37.630341853999937 ], [ 145.219806892000065, -37.630140853999933 ], [ 145.21923391200005, -37.632475853999949 ], [ 145.225462851000088, -37.631577603999972 ], [ 145.225208921000103, -37.632919853999965 ], [ 145.223129921, -37.636349863999953 ], [ 145.219938912000089, -37.636846843999933 ], [ 145.21921847100009, -37.640764223999952 ], [ 145.217593562000047, -37.640352813999982 ] ] ] } },
{ "type": "Feature", "properties": { "suburb": "Indented Head" }, "geometry": { "type": "Polygon", "coordinates": [ [ [ 144.705737677000116, -38.129707221999979 ], [ 144.711460696000017, -38.136755201999961 ], [ 144.711661765000031, -38.13852019199993 ], [ 144.714618894000068, -38.142954862999943 ], [ 144.720205793000105, -38.146618222999962 ], [ 144.717010153000047, -38.150210512999934 ], [ 144.706152055000075, -38.14884275199995 ], [ 144.706883086000062, -38.14508484199996 ], [ 144.700658957000087, -38.144301811999981 ], [ 144.700372947000119, -38.141056821999939 ], [ 144.703091757000038, -38.137102671999969 ], [ 144.689823530000012, -38.135261210999943 ], [ 144.692735941000024, -38.120256860999973 ], [ 144.699857709000071, -38.127835280999932 ], [ 144.705737677000116, -38.129707221999979 ] ] ] } },
{ "type": "Feature", "properties": { "suburb": "Ivanhoe East" }, "geometry": { "type": "Polygon", "coordinates": [ [ [ 145.051937926000051, -37.768319152999936 ], [ 145.063473644000055, -37.770344073999979 ], [ 145.066901684000072, -37.76628554399997 ], [ 145.07172691300002, -37.765417844999945 ], [ 145.071917363000011, -37.768982864999941 ], [ 145.075403372000096, -37.770672874999946 ], [ 145.07669536100002, -37.773392954999963 ], [ 145.075585321000062, -37.773831584999982 ], [ 145.071248393000019, -37.771073954999963 ], [ 145.069261413000049, -37.772389043999965 ], [ 145.069437372000039, -37.774932113999967 ], [ 145.066811532000088, -37.781469013999981 ], [ 145.067725452000104, -37.783153383999945 ], [ 145.066346522000117, -37.78369741399996 ], [ 145.064212582000096, -37.782858383999951 ], [ 145.064439573000072, -37.781575353999983 ], [ 145.063238613000067, -37.781453343999942 ], [ 145.062858283000082, -37.777164693999964 ], [ 145.061004454000113, -37.776770443999965 ], [ 145.056488924000064, -37.779005853999934 ], [ 145.049399316000063, -37.774073062999946 ], [ 145.050489166000034, -37.773148522999975 ], [ 145.049044246000108, -37.77168745299997 ], [ 145.049650906000011, -37.770157832999985 ], [ 145.051937926000051, -37.768319152999936 ] ] ] } },
{ "type": "Feature", "properties": { "suburb": "Jacana" }, "geometry": { "type": "Polygon", "coordinates": [ [ [ 144.915578958000083, -37.69078183299996 ], [ 144.916450768000118, -37.691225352999936 ], [ 144.916161318000036, -37.694533282999942 ], [ 144.909597819000055, -37.694006442999978 ], [ 144.905752980000102, -37.688857262999932 ], [ 144.905440141000099, -37.681192862999978 ], [ 144.91109326000003, -37.68198442299996 ], [ 144.913775969000085, -37.683927882999967 ], [ 144.917382099000065, -37.684904202999974 ], [ 144.915578958000083, -37.69078183299996 ] ] ] } },
{ "type": "Feature", "properties": { "suburb": "Junction Village" }, "geometry": { "type": "Polygon", "coordinates": [ [ [ 145.294286673000101, -38.137339621999956 ], [ 145.29352795300008, -38.141383141999938 ], [ 145.284099815000104, -38.140266851999968 ], [ 145.286187916000017, -38.128532771999971 ], [ 145.291251595000062, -38.129139711999983 ], [ 145.299922822000099, -38.136154862999945 ], [ 145.298542462000114, -38.137256162999961 ], [ 145.294286673000101, -38.137339621999956 ] ] ] } },
{ "type": "Feature", "properties": { "suburb": "Kalkallo" }, "geometry": { "type": "Polygon", "coordinates": [ [ [ 144.963217306000047, -37.539668045999974 ], [ 144.9602674570001, -37.539463825999974 ], [ 144.959872417000042, -37.541628784999943 ], [ 144.94543395900007, -37.540095844999939 ], [ 144.950013842000089, -37.511260554999978 ], [ 144.977211227000112, -37.513715476999948 ], [ 144.974428027000044, -37.516001995999943 ], [ 144.97623021600009, -37.51982925599998 ], [ 144.975172516000043, -37.52053531599995 ], [ 144.975695966000103, -37.521544305999953 ], [ 144.973953926000036, -37.524150965999979 ], [ 144.974266076000049, -37.525487275999978 ], [ 144.97282352600007, -37.52584494599995 ], [ 144.976168635000022, -37.527495546999944 ], [ 144.976352965000046, -37.530000966999978 ], [ 144.973512575000086, -37.531588935999935 ], [ 144.972558205000041, -37.535299085999952 ], [ 144.968784326000105, -37.53471310599997 ], [ 144.964645046000101, -37.537407795999968 ], [ 144.963217306000047, -37.539668045999974 ] ] ] } },
{ "type": "Feature", "properties": { "suburb": "Kallista" }, "geometry": { "type": "Polygon", "coordinates": [ [ [ 145.404089200000044, -37.906070458999977 ], [ 145.402227, -37.906532777999985 ], [ 145.401723850000053, -37.904751867999948 ], [ 145.398036871000045, -37.903491877999954 ], [ 145.398370851000095, -37.902615857999933 ], [ 145.396772732000045, -37.901237947999959 ], [ 145.386658913000019, -37.903342876999943 ], [ 145.386612853000088, -37.90674787699993 ], [ 145.384041683000078, -37.907812896999985 ], [ 145.376988575000041, -37.906436796999969 ], [ 145.37234602500007, -37.907751865999955 ], [ 145.37087576600004, -37.906739825999978 ], [ 145.372260685000015, -37.905496825999933 ], [ 145.372671826000101, -37.901564815999961 ], [ 145.370835807000049, -37.898398895999946 ], [ 145.370665897000094, -37.895831815999941 ], [ 145.371615957000017, -37.892312825999966 ], [ 145.373984737000114, -37.890956785999947 ], [ 145.370971918, -37.887373805999971 ], [ 145.371731848000081, -37.885716965999961 ], [ 145.368496848000063, -37.884415875999935 ], [ 145.366801749000047, -37.882123665999984 ], [ 145.370408979000103, -37.876296445999969 ], [ 145.373229838000043, -37.877917955999976 ], [ 145.386624206000079, -37.880411416999948 ], [ 145.386705705000054, -37.883436636999932 ], [ 145.385367945000098, -37.885819896999976 ], [ 145.386628035000058, -37.888590496999939 ], [ 145.388361864000103, -37.890897866999978 ], [ 145.39329056300005, -37.892831327999943 ], [ 145.394038563000095, -37.893802627999946 ], [ 145.393745682000031, -37.898860217999982 ], [ 145.39795975200002, -37.901023487999964 ], [ 145.399830961000021, -37.901207527999929 ], [ 145.403364491000048, -37.899590987999943 ], [ 145.404597860000081, -37.900690868999959 ], [ 145.408207860000061, -37.898279868999964 ], [ 145.408278850000102, -37.899258868999937 ], [ 145.411455879000073, -37.90123387899996 ], [ 145.414076869000041, -37.899480868999945 ], [ 145.417592838000019, -37.900437878999981 ], [ 145.418640868000011, -37.89887086899995 ], [ 145.421659858000112, -37.899145879999935 ], [ 145.425167907000059, -37.895904359999975 ], [ 145.432554916000072, -37.892805669999973 ], [ 145.434797006000053, -37.893185660999961 ], [ 145.436336026000049, -37.894597480999948 ], [ 145.440314925000052, -37.894817650999983 ], [ 145.443221354000116, -37.900991580999971 ], [ 145.441560493000111, -37.905977630999985 ], [ 145.44199754300007, -37.908504620999963 ], [ 145.439680043000067, -37.910020160999977 ], [ 145.438715603000105, -37.914564350999967 ], [ 145.42850674500005, -37.913478679999969 ], [ 145.42551396500005, -37.919924829999957 ], [ 145.417576856000096, -37.917619859999945 ], [ 145.417187876000071, -37.91637086999998 ], [ 145.407486688000063, -37.916360828999984 ], [ 145.407979909000119, -37.908724878999976 ], [ 145.404089200000044, -37.906070458999977 ] ] ] } },
{ "type": "Feature", "properties": { "suburb": "Kalorama" }, "geometry": { "type": "Polygon", "coordinates": [ [ [ 145.373389684000017, -37.827312475999975 ], [ 145.369562914000085, -37.831637025999953 ], [ 145.370700654000075, -37.833968725999966 ], [ 145.367870474000028, -37.832947115999957 ], [ 145.362105086000042, -37.822961264999947 ], [ 145.357256608000057, -37.81907920499998 ], [ 145.3576407380001, -37.816962394999962 ], [ 145.35939251800005, -37.815889224999978 ], [ 145.359781098000099, -37.814281854999933 ], [ 145.360575518000019, -37.813903694999965 ], [ 145.361881197000116, -37.815485464999938 ], [ 145.363416937000011, -37.815581794999957 ], [ 145.36369787700005, -37.814166864999947 ], [ 145.365668877000076, -37.814346864999948 ], [ 145.366593857000112, -37.813260854999953 ], [ 145.371571656000015, -37.813611155999979 ], [ 145.372475906000091, -37.80981913599993 ], [ 145.373189736000086, -37.810327315999984 ], [ 145.374020726000026, -37.808752685999934 ], [ 145.382040105000101, -37.806118215999959 ], [ 145.382927275000043, -37.801858445999983 ], [ 145.382100405000074, -37.801753455999972 ], [ 145.382426605000092, -37.800270995999938 ], [ 145.389106544000015, -37.80028288699998 ], [ 145.391580514000111, -37.801627836999955 ], [ 145.395463672000119, -37.809986766999941 ], [ 145.400242651000099, -37.810892677999959 ], [ 145.404980501000068, -37.807641537999984 ], [ 145.406905330000086, -37.814956567999957 ], [ 145.406300889000022, -37.817125217999944 ], [ 145.402207010000097, -37.819127657999957 ], [ 145.401999, -37.822252157999969 ], [ 145.402771629000085, -37.822850747999951 ], [ 145.4019828590001, -37.828478867999934 ], [ 145.397987030000081, -37.828301137999972 ], [ 145.397296880000113, -37.826951227999984 ], [ 145.39534067000011, -37.827599586999952 ], [ 145.393044931000077, -37.825889946999951 ], [ 145.388633861000017, -37.827585816999942 ], [ 145.382426383000052, -37.825235026999962 ], [ 145.376605873000017, -37.828588865999961 ], [ 145.373389684000017, -37.827312475999975 ] ] ] } },
{ "type": "Feature", "properties": { "suburb": "Kangaroo Ground" }, "geometry": { "type": "Polygon", "coordinates": [ [ [ 145.265253648000112, -37.689330126999948 ], [ 145.266496648000043, -37.690580117999957 ], [ 145.265483707000044, -37.693712107999943 ], [ 145.267891687000088, -37.695079077999935 ], [ 145.266884687000015, -37.695755087999942 ], [ 145.268034687000068, -37.696956067999963 ], [ 145.269294706000096, -37.696674057999985 ], [ 145.266929687000015, -37.698038097999984 ], [ 145.268702716000121, -37.698810067999943 ], [ 145.265715767000074, -37.70026908799997 ], [ 145.264216827000041, -37.702911126999936 ], [ 145.26214187700009, -37.70257814699994 ], [ 145.260356917000081, -37.704078176999928 ], [ 145.260902957000098, -37.705904186999931 ], [ 145.263753856000108, -37.705389126999933 ], [ 145.264703876000112, -37.706504107999933 ], [ 145.263328886000068, -37.707958146999943 ], [ 145.260527987000046, -37.707974186999934 ], [ 145.258495017000087, -37.709895246999963 ], [ 145.254810047000092, -37.710056306999945 ], [ 145.256494047000047, -37.712187326999981 ], [ 145.256014067000024, -37.714267346999975 ], [ 145.253852177000113, -37.717125436999936 ], [ 145.249767277000046, -37.71839549699996 ], [ 145.248673297000096, -37.720719536999979 ], [ 145.243238339000072, -37.718939545999945 ], [ 145.243719408000061, -37.723386595999955 ], [ 145.242089468000017, -37.725514625999949 ], [ 145.237492479000025, -37.72056456599995 ], [ 145.235628020000036, -37.720096405999982 ], [ 145.236171320000039, -37.717101235999962 ], [ 145.235086910000064, -37.716292855999939 ], [ 145.23262089100001, -37.715869854999937 ], [ 145.225815142000101, -37.716975934999937 ], [ 145.225311152000018, -37.715208574999963 ], [ 145.222765243000026, -37.713589084999967 ], [ 145.211644205000084, -37.712220993999949 ], [ 145.213595455000018, -37.702513963999934 ], [ 145.197511988000088, -37.700706732999947 ], [ 145.199030899000036, -37.692618852999942 ], [ 145.196685929000068, -37.692209852999952 ], [ 145.195823940000082, -37.69314486299993 ], [ 145.195192930000076, -37.69195584299996 ], [ 145.196486890000074, -37.690614852999943 ], [ 145.194879940000078, -37.691009852999969 ], [ 145.191697911000119, -37.689633851999929 ], [ 145.19962071000009, -37.68221054299994 ], [ 145.198408910000012, -37.682519852999974 ], [ 145.199899931000118, -37.676098852999985 ], [ 145.202264070000069, -37.676393722999933 ], [ 145.202431390000015, -37.675371712999947 ], [ 145.197784431000059, -37.674127712999962 ], [ 145.200035932000105, -37.666624852999973 ], [ 145.203330901000072, -37.667014852999955 ], [ 145.200862112000095, -37.664839972999971 ], [ 145.2012751420001, -37.663158252999949 ], [ 145.204322891000061, -37.663906852999958 ], [ 145.205341901000111, -37.66119686299993 ], [ 145.208482911000033, -37.66193586299994 ], [ 145.210445911000079, -37.656795862999957 ], [ 145.220147939000071, -37.657994863999932 ], [ 145.220053918000076, -37.666524863999939 ], [ 145.22397791800006, -37.667131863999941 ], [ 145.224895428000082, -37.663412554999979 ], [ 145.229628927000022, -37.663964854999961 ], [ 145.230622887000095, -37.661903854999935 ], [ 145.232708907000074, -37.662184854999964 ], [ 145.232312916000069, -37.664926854999976 ], [ 145.236514906000025, -37.665418854999984 ], [ 145.237811935000082, -37.664087854999934 ], [ 145.243291935000116, -37.662606855999968 ], [ 145.246818884000049, -37.664417865999951 ], [ 145.251429893000022, -37.664945855999974 ], [ 145.25077990300008, -37.668534855999951 ], [ 145.249050903000011, -37.668337865999945 ], [ 145.248550883000121, -37.67110585599994 ], [ 145.251244623000048, -37.670061265999948 ], [ 145.256012542000121, -37.670259236999982 ], [ 145.257949601000064, -37.673238236999964 ], [ 145.263441530000023, -37.676335206999966 ], [ 145.263815550000118, -37.677699196999981 ], [ 145.26525656900003, -37.678433206999955 ], [ 145.265585579000117, -37.680892186999984 ], [ 145.264594639000052, -37.683640176999972 ], [ 145.265948568000113, -37.684339156999954 ], [ 145.26647661800007, -37.686374127999954 ], [ 145.265253648000112, -37.689330126999948 ] ] ] } },
{ "type": "Feature", "properties": { "suburb": "Kealba" }, "geometry": { "type": "Polygon", "coordinates": [ [ [ 144.832449888000042, -37.736421887999938 ], [ 144.837338297000088, -37.735242747999962 ], [ 144.834989017000112, -37.741603977999944 ], [ 144.83701837600006, -37.741302077999933 ], [ 144.838137396000093, -37.742224097999951 ], [ 144.839292435000061, -37.746616168999935 ], [ 144.833508576000099, -37.750651567999967 ], [ 144.830632517000026, -37.747893257999976 ], [ 144.827753547000043, -37.747548267999946 ], [ 144.829099997000071, -37.746081697999955 ], [ 144.815254051000011, -37.729654086999972 ], [ 144.822684980000076, -37.726855826999952 ], [ 144.824729520000119, -37.72743924699995 ], [ 144.826978869000072, -37.729930527999954 ], [ 144.826196279000101, -37.731023197999946 ], [ 144.82971972900009, -37.732406687999969 ], [ 144.827560319000099, -37.734243177999929 ], [ 144.832449888000042, -37.736421887999938 ] ] ] } },
{ "type": "Feature", "properties": { "suburb": "Keilor Downs" }, "geometry": { "type": "Polygon", "coordinates": [ [ [ 144.781802499000037, -37.711285803999942 ], [ 144.821234102000062, -37.715340416999936 ], [ 144.822284791000016, -37.717709986999978 ], [ 144.821097411000096, -37.719156206999969 ], [ 144.821163621000096, -37.720884066999929 ], [ 144.826531050000085, -37.724650357999963 ], [ 144.815254051000011, -37.729654086999972 ], [ 144.79298230500001, -37.727940654999941 ], [ 144.790463036000119, -37.722403324999959 ], [ 144.781802499000037, -37.711285803999942 ] ] ] } },
{ "type": "Feature", "properties": { "suburb": "Keilor East" }, "geometry": { "type": "Polygon", "coordinates": [ [ [ 144.876649600000064, -37.735564650999947 ], [ 144.876380040000072, -37.737039840999955 ], [ 144.880547979000085, -37.73861784099995 ], [ 144.882353408000085, -37.743273420999969 ], [ 144.880376978000072, -37.746593840999935 ], [ 144.881506718000082, -37.747869150999975 ], [ 144.879712968000035, -37.75283183099998 ], [ 144.847688204000065, -37.749748138999962 ], [ 144.844663404000016, -37.746516138999937 ], [ 144.840120435000017, -37.747388188999935 ], [ 144.838137396000093, -37.742224097999951 ], [ 144.83701837600006, -37.741302077999933 ], [ 144.834989017000112, -37.741603977999944 ], [ 144.837338297000088, -37.735242747999962 ], [ 144.83455557700006, -37.735315697999965 ], [ 144.832424958000047, -37.736540337999941 ], [ 144.827560319000099, -37.734243177999929 ], [ 144.82971972900009, -37.732406687999969 ], [ 144.83042140900011, -37.724583717999963 ], [ 144.833815979000065, -37.725620827999933 ], [ 144.836729958000092, -37.727792817999955 ], [ 144.841523167000105, -37.728769958999976 ], [ 144.841068636000045, -37.73367430899998 ], [ 144.849960545000044, -37.734473488999981 ], [ 144.850973965000094, -37.731257708999976 ], [ 144.849577146000115, -37.726322108999966 ], [ 144.854354965000084, -37.726470828999936 ], [ 144.874498071000062, -37.730234550999967 ], [ 144.874817371000063, -37.730994970999973 ], [ 144.872471481000048, -37.730810140999949 ], [ 144.874419991000082, -37.731587840999964 ], [ 144.873517971000069, -37.732308840999963 ], [ 144.87435331100005, -37.734596070999942 ], [ 144.875620880000042, -37.734474930999966 ], [ 144.876649600000064, -37.735564650999947 ] ] ] } },
{ "type": "Feature", "properties": { "suburb": "Keilor Lodge" }, "geometry": { "type": "Polygon", "coordinates": [ [ [ 144.806110076000095, -37.701972055999931 ], [ 144.790954079000016, -37.69946267499995 ], [ 144.791075289000105, -37.698633814999937 ], [ 144.797505678000107, -37.692943164999974 ], [ 144.810017145000074, -37.701093025999967 ], [ 144.806110076000095, -37.701972055999931 ] ] ] } },
{ "type": "Feature", "properties": { "suburb": "Keilor North" }, "geometry": { "type": "Polygon", "coordinates": [ [ [ 144.775853484000095, -37.676045893999969 ], [ 144.778622443000017, -37.676701863999938 ], [ 144.782075343000088, -37.674973833999957 ], [ 144.790842821000069, -37.675605834999942 ], [ 144.793805971000097, -37.674724824999942 ], [ 144.797819981000089, -37.671654824999962 ], [ 144.798593960000062, -37.672299864999957 ], [ 144.79827393000005, -37.673537814999975 ], [ 144.801237810000089, -37.674151795999933 ], [ 144.80114097000012, -37.675528805999932 ], [ 144.802300900000091, -37.673855795999941 ], [ 144.801695040000027, -37.671356845999981 ], [ 144.804756080000061, -37.669503835999933 ], [ 144.803363999000112, -37.675866835999955 ], [ 144.804289899000082, -37.677524825999967 ], [ 144.805636999000058, -37.677604835999944 ], [ 144.805252878000033, -37.680254795999929 ], [ 144.806227058000104, -37.68299482599997 ], [ 144.810012837000045, -37.681496785999968 ], [ 144.819839036000076, -37.682814846999975 ], [ 144.820457855000086, -37.684538786999951 ], [ 144.818797915000118, -37.687373866999963 ], [ 144.820890935000079, -37.690656806999982 ], [ 144.820732884000108, -37.692167816999984 ], [ 144.810512856000059, -37.69609685599994 ], [ 144.809495126000115, -37.697555845999943 ], [ 144.811513535000017, -37.699362735999955 ], [ 144.80710608600009, -37.698962695999967 ], [ 144.762675707000085, -37.670849612999973 ], [ 144.74651778000009, -37.66304194199995 ], [ 144.757329698000035, -37.664115982999931 ], [ 144.757529539000075, -37.662897012999963 ], [ 144.758549608000067, -37.662903952999955 ], [ 144.762550547000046, -37.664826932999972 ], [ 144.763572517000057, -37.664351952999937 ], [ 144.764721967000014, -37.665751822999937 ], [ 144.767757127000095, -37.663970812999935 ], [ 144.772052376000033, -37.663988922999977 ], [ 144.772050116000059, -37.664826803999972 ], [ 144.76840551600003, -37.666920912999956 ], [ 144.768293856000014, -37.667963852999947 ], [ 144.769985856000062, -37.669779872999982 ], [ 144.774255445000108, -37.670698913999956 ], [ 144.775853484000095, -37.676045893999969 ] ] ] } },
{ "type": "Feature", "properties": { "suburb": "Keilor Park" }, "geometry": { "type": "Polygon", "coordinates": [ [ [ 144.85943141600012, -37.712406299999941 ], [ 144.859369955000034, -37.716603839999948 ], [ 144.860641975000021, -37.716987819999929 ], [ 144.860348955000063, -37.71886582999997 ], [ 144.86478695400001, -37.722739829999966 ], [ 144.865822423000054, -37.722938479999982 ], [ 144.870090773000015, -37.719713669999976 ], [ 144.871640853000031, -37.720425220999971 ], [ 144.863771993000114, -37.728279039999961 ], [ 144.84900406600002, -37.72620005899995 ], [ 144.842981017000056, -37.723154278999971 ], [ 144.837475469000083, -37.717484787999979 ], [ 144.838333479000084, -37.717201417999945 ], [ 144.837746039000081, -37.715850907999936 ], [ 144.841594199000042, -37.713069388999941 ], [ 144.838045160000092, -37.709311927999977 ], [ 144.85943141600012, -37.712406299999941 ] ] ] } },
{ "type": "Feature", "properties": { "suburb": "Keysborough" }, "geometry": { "type": "Polygon", "coordinates": [ [ [ 145.17628586100011, -37.983147842999983 ], [ 145.182962880000105, -37.984429863999935 ], [ 145.184329260000027, -37.981820493999976 ], [ 145.190591889000075, -37.982357863999937 ], [ 145.191855889000067, -37.980191863999949 ], [ 145.192598878000013, -37.983012853999981 ], [ 145.194083878000015, -37.983191853999983 ], [ 145.192104887000028, -37.994798853999953 ], [ 145.19469988600008, -37.998343853999984 ], [ 145.192057876000035, -38.004381853999973 ], [ 145.190561885000079, -38.011344863999966 ], [ 145.183627904000105, -38.031728843999929 ], [ 145.182104874000061, -38.032682853999972 ], [ 145.178383875, -38.032787863999943 ], [ 145.137321714000109, -38.021307680999939 ], [ 145.139304794000054, -38.018769630999941 ], [ 145.146243016000085, -37.98209456099994 ], [ 145.155473895000114, -37.983629841999971 ], [ 145.15601708500003, -37.980858581999939 ], [ 145.1617727040001, -37.981545651999966 ], [ 145.16478887300002, -37.981054851999943 ], [ 145.165019883000014, -37.979893861999983 ], [ 145.16875485200012, -37.982939852999948 ], [ 145.170545542000013, -37.981972432999953 ], [ 145.170349282000075, -37.983684752999977 ], [ 145.176071901000114, -37.984234852999975 ], [ 145.17628586100011, -37.983147842999983 ] ] ] } },
{ "type": "Feature", "properties": { "suburb": "Kilsyth" }, "geometry": { "type": "Polygon", "coordinates": [ [ [ 145.311065868000014, -37.795641860999979 ], [ 145.313522398000032, -37.795943241999964 ], [ 145.314328098000033, -37.791718471999957 ], [ 145.32030230700002, -37.794652561999953 ], [ 145.32294902600006, -37.794952351999939 ], [ 145.328832865000095, -37.800234892999981 ], [ 145.33908202300006, -37.801398602999939 ], [ 145.339857873000028, -37.802652862999935 ], [ 145.339255182000102, -37.805028482999944 ], [ 145.332858853000062, -37.806226862999949 ], [ 145.330984213000079, -37.809484452999982 ], [ 145.328333834000091, -37.809867252999936 ], [ 145.328808994000042, -37.810987822999948 ], [ 145.322917634000078, -37.814909331999957 ], [ 145.326861932000043, -37.823966602999974 ], [ 145.326054592000105, -37.826907792999975 ], [ 145.327790162000042, -37.827556802999936 ], [ 145.32753287200012, -37.828361872999949 ], [ 145.328839902000027, -37.828749872999936 ], [ 145.329932381000049, -37.831294102999948 ], [ 145.333699810000098, -37.831500822999942 ], [ 145.326022250000051, -37.84662259299995 ], [ 145.317764422000096, -37.844942661999937 ], [ 145.318732652000108, -37.840267431999962 ], [ 145.3187290730001, -37.83170826199995 ], [ 145.316813525000043, -37.818145611999967 ], [ 145.304293437000069, -37.821524840999984 ], [ 145.305533167000021, -37.814863120999973 ], [ 145.301686978000021, -37.814386670999966 ], [ 145.301532838000071, -37.815206150999984 ], [ 145.296469298000034, -37.817525719999935 ], [ 145.297829439000111, -37.810344 ], [ 145.30618873700007, -37.811395810999954 ], [ 145.306536838000056, -37.809556230999931 ], [ 145.302198888000021, -37.808138850999967 ], [ 145.3031058790001, -37.80354885099996 ], [ 145.302169799000012, -37.803427790999933 ], [ 145.302624479000087, -37.801152090999949 ], [ 145.3041253990001, -37.800756760999946 ], [ 145.302966599000115, -37.80064073099993 ], [ 145.304213950000076, -37.794126950999953 ], [ 145.308669499000075, -37.794889710999939 ], [ 145.308931899000072, -37.793538860999945 ], [ 145.310852709000073, -37.793774880999933 ], [ 145.311065868000014, -37.795641860999979 ] ] ] } },
{ "type": "Feature", "properties": { "suburb": "Kilsyth South" }, "geometry": { "type": "Polygon", "coordinates": [ [ [ 145.304293437000069, -37.821524840999984 ], [ 145.316813525000043, -37.818145611999967 ], [ 145.3187290730001, -37.83170826199995 ], [ 145.31797933200005, -37.843905661999941 ], [ 145.308671684000046, -37.842663460999972 ], [ 145.308863274000032, -37.841735170999982 ], [ 145.301249665000114, -37.837904130999959 ], [ 145.304293437000069, -37.821524840999984 ] ] ] } },
{ "type": "Feature", "properties": { "suburb": "Kinglake" }, "geometry": { "type": "Polygon", "coordinates": [ [ [ 145.337603913000066, -37.527283861999933 ], [ 145.341177226000013, -37.50170792199998 ], [ 145.336752556000079, -37.501160990999949 ], [ 145.337752397000031, -37.495044910999979 ], [ 145.34008690600001, -37.49531486099994 ], [ 145.34370087800005, -37.475210341999968 ], [ 145.338306979000095, -37.474667900999975 ], [ 145.338915879000069, -37.469880230999934 ], [ 145.333590890000096, -37.469073870999978 ], [ 145.333996521000017, -37.465699560999951 ], [ 145.332535931000052, -37.465300870999954 ], [ 145.330588952000085, -37.460784150999984 ], [ 145.332571121000115, -37.462448170999949 ], [ 145.335036401000025, -37.461104990999956 ], [ 145.338932920000047, -37.461562870999956 ], [ 145.34428623000008, -37.459720341999969 ], [ 145.344638890000056, -37.457556861999933 ], [ 145.347031577783611, -37.454098379399944 ], [ 145.407067452797691, -37.454098379399944 ], [ 145.404253900000072, -37.456773875999943 ], [ 145.401474900000039, -37.45658085599996 ], [ 145.400910900000099, -37.457486855999946 ], [ 145.395585911000012, -37.457450854999934 ], [ 145.393480922000094, -37.455445864999945 ], [ 145.386983923000116, -37.456520864999959 ], [ 145.390867961000026, -37.466540874999964 ], [ 145.392936931, -37.465783864999935 ], [ 145.394773970000074, -37.466327644999978 ], [ 145.39528289000009, -37.467987864999941 ], [ 145.397013940000079, -37.466020914999945 ], [ 145.417499926000119, -37.467898866999974 ], [ 145.418933896000112, -37.46601785699994 ], [ 145.418344897000111, -37.46325186699994 ], [ 145.419156917, -37.460788866999962 ], [ 145.420162897000068, -37.460581876999981 ], [ 145.422205436000013, -37.462535346999971 ], [ 145.418335915000057, -37.479040856999973 ], [ 145.419267914000102, -37.48241087699995 ], [ 145.41727490400001, -37.488086856999985 ], [ 145.41997389200003, -37.499232866999932 ], [ 145.421874882000111, -37.501233866999939 ], [ 145.420775902000059, -37.502178866999941 ], [ 145.417808892000039, -37.501473866999959 ], [ 145.415984913000102, -37.502825866999956 ], [ 145.412932891000082, -37.519729866999967 ], [ 145.411100882000028, -37.52021986699998 ], [ 145.407605902000114, -37.518588865999959 ], [ 145.407182872000021, -37.521340865999946 ], [ 145.399247913000067, -37.523537875999978 ], [ 145.399677883000095, -37.521645855999964 ], [ 145.398306874000014, -37.521425855999951 ], [ 145.397706883000069, -37.523944875999973 ], [ 145.393388904000062, -37.525125854999942 ], [ 145.394449884000096, -37.525668864999943 ], [ 145.393493914000032, -37.528171864999933 ], [ 145.394819913000106, -37.533917875999975 ], [ 145.39261991300009, -37.536400864999962 ], [ 145.39164190300005, -37.539335874999949 ], [ 145.38912843300011, -37.539993104999951 ], [ 145.386613473000011, -37.543381154999963 ], [ 145.383456524000053, -37.54195014499993 ], [ 145.379903064000018, -37.542858604999935 ], [ 145.375828315000035, -37.540528033999976 ], [ 145.368436476000056, -37.545325483999932 ], [ 145.366417666000075, -37.545112813999935 ], [ 145.364411655000026, -37.56278647399995 ], [ 145.355821642000024, -37.599577292999982 ], [ 145.354975672000023, -37.600691082999958 ], [ 145.346679924000114, -37.599676862999956 ], [ 145.345817903000011, -37.604155852999952 ], [ 145.343772914000056, -37.603890861999957 ], [ 145.342737883000041, -37.609355851999965 ], [ 145.340452914000025, -37.610428851999984 ], [ 145.335702875000038, -37.609730871999943 ], [ 145.333636905000049, -37.607930851999981 ], [ 145.32644490600012, -37.609109860999979 ], [ 145.32657689600012, -37.607985850999967 ], [ 145.321655927000052, -37.607610860999955 ], [ 145.324750868000024, -37.593147850999969 ], [ 145.318924889000073, -37.593125860999976 ], [ 145.317747909000104, -37.594574850999948 ], [ 145.318671910000035, -37.589422860999946 ], [ 145.311892911000086, -37.588635849999946 ], [ 145.31206588100008, -37.587330859999952 ], [ 145.305442892000087, -37.58680886999997 ], [ 145.304981892000114, -37.590535859999932 ], [ 145.297354894000023, -37.58839484899994 ], [ 145.295285884, -37.588779858999942 ], [ 145.296463924000022, -37.58441986899993 ], [ 145.299031374000037, -37.584088368999971 ], [ 145.303647933000093, -37.585294859999976 ], [ 145.30501489300002, -37.58203586999997 ], [ 145.307564922000097, -37.583321859999955 ], [ 145.31281191100004, -37.583954849999941 ], [ 145.314520912000035, -37.574955859999932 ], [ 145.309758903000102, -37.574382859999957 ], [ 145.310896903000071, -37.568502859999967 ], [ 145.305208194000102, -37.567820238999957 ], [ 145.312383914000065, -37.563717869999948 ], [ 145.310106894000114, -37.562978869999938 ], [ 145.31301488400004, -37.561044859999981 ], [ 145.313237904000061, -37.559962869999936 ], [ 145.316435924000075, -37.559168869999951 ], [ 145.323244923000061, -37.554161860999955 ], [ 145.325611913000103, -37.548845870999969 ], [ 145.330844912000089, -37.549416850999933 ], [ 145.332673163000095, -37.539163870999971 ], [ 145.316512906000071, -37.537350859999947 ], [ 145.31608588600011, -37.54042284999997 ], [ 145.321016925000094, -37.540990859999965 ], [ 145.320866915000011, -37.541801859999964 ], [ 145.319706905000089, -37.541669859999956 ], [ 145.318517924000048, -37.548440859999971 ], [ 145.309517896000102, -37.547430859999963 ], [ 145.307140906000086, -37.550281859999984 ], [ 145.304974886000082, -37.550220858999978 ], [ 145.306940927000028, -37.541866848999973 ], [ 145.309166917000084, -37.542237849999935 ], [ 145.310050907000118, -37.53719585999994 ], [ 145.307370898000045, -37.536886858999935 ], [ 145.308650918000012, -37.52964985999995 ], [ 145.299727940000025, -37.528618858999948 ], [ 145.297637919000067, -37.536762848999956 ], [ 145.290096911000091, -37.53555285799996 ], [ 145.292976900000099, -37.534271857999954 ], [ 145.295860920000109, -37.53076485899993 ], [ 145.286331932000053, -37.52967986799996 ], [ 145.286966892, -37.52640785799997 ], [ 145.282735923000018, -37.525937847999955 ], [ 145.28397089300006, -37.519520847999956 ], [ 145.279253934000053, -37.518938856999966 ], [ 145.281915914000024, -37.513596847999963 ], [ 145.281674905000045, -37.512511867999933 ], [ 145.284488904000114, -37.510872857999971 ], [ 145.285109914000031, -37.50951486799994 ], [ 145.279183925000098, -37.508287856999971 ], [ 145.277902925000035, -37.511555856999962 ], [ 145.276608925000119, -37.512296856999967 ], [ 145.279471946000058, -37.507197846999929 ], [ 145.280541906000053, -37.500766866999982 ], [ 145.283999226000105, -37.497371337999937 ], [ 145.294394824000051, -37.498568617999979 ], [ 145.292846853000015, -37.506866687999945 ], [ 145.293865863000065, -37.507848677999959 ], [ 145.298009852000064, -37.508315658999948 ], [ 145.297068882000076, -37.51368169899996 ], [ 145.313836799000114, -37.51554656999997 ], [ 145.309090889000117, -37.519740648999971 ], [ 145.304778960000021, -37.521934688999977 ], [ 145.314636808000046, -37.522981609999931 ], [ 145.31242085800011, -37.524626649999959 ], [ 145.32105174600008, -37.525200559999973 ], [ 145.320578786000056, -37.528152579999983 ], [ 145.328509645000054, -37.529119500999968 ], [ 145.329520915000103, -37.52379887099994 ], [ 145.334985004000032, -37.525137600999983 ], [ 145.336372734000065, -37.527201110999954 ], [ 145.337603913000066, -37.527283861999933 ] ] ] } },
{ "type": "Feature", "properties": { "suburb": "Kinglake Central" }, "geometry": { "type": "Polygon", "coordinates": [ [ [ 145.347035920000053, -37.454231431999972 ], [ 145.344638890000056, -37.457556861999933 ], [ 145.34428623000008, -37.459720341999969 ], [ 145.338932920000047, -37.461562870999956 ], [ 145.335036401000025, -37.461104990999956 ], [ 145.332571121000115, -37.462448170999949 ], [ 145.330588952000085, -37.460784150999984 ], [ 145.332535931000052, -37.465300870999954 ], [ 145.333996521000017, -37.465699560999951 ], [ 145.333590890000096, -37.469073870999978 ], [ 145.338915879000069, -37.469880230999934 ], [ 145.338306979000095, -37.474667900999975 ], [ 145.34370087800005, -37.475210341999968 ], [ 145.34008690600001, -37.49531486099994 ], [ 145.337752397000031, -37.495044910999979 ], [ 145.336752556000079, -37.501160990999949 ], [ 145.341177226000013, -37.50170792199998 ], [ 145.337603913000066, -37.527283861999933 ], [ 145.336372734000065, -37.527201110999954 ], [ 145.334985004000032, -37.525137600999983 ], [ 145.329520915000103, -37.52379887099994 ], [ 145.328509645000054, -37.529119500999968 ], [ 145.322833976000084, -37.528540909999947 ], [ 145.320578786000056, -37.528152579999983 ], [ 145.32105174600008, -37.525200559999973 ], [ 145.31242085800011, -37.524626649999959 ], [ 145.314636808000046, -37.522981609999931 ], [ 145.304778960000021, -37.521934688999977 ], [ 145.309090889000117, -37.519740648999971 ], [ 145.313836799000114, -37.51554656999997 ], [ 145.297068882000076, -37.51368169899996 ], [ 145.298009852000064, -37.508315658999948 ], [ 145.293865863000065, -37.507848677999959 ], [ 145.292846853000015, -37.506866687999945 ], [ 145.294394824000051, -37.498568617999979 ], [ 145.297140933000037, -37.498884858999929 ], [ 145.29838690400004, -37.49143584899997 ], [ 145.312089912000033, -37.493162869999935 ], [ 145.312327932000017, -37.492430859999956 ], [ 145.312234893000095, -37.483186848999935 ], [ 145.308325924000087, -37.478948848999948 ], [ 145.307501904000105, -37.475594858999955 ], [ 145.311624904000041, -37.474705858999982 ], [ 145.312712934000047, -37.470664868999961 ], [ 145.314709924000113, -37.468772849999937 ], [ 145.312236935000101, -37.465504868999972 ], [ 145.312851925000018, -37.46042585899994 ], [ 145.310054895000121, -37.459991868999964 ], [ 145.309622393895211, -37.454098379399944 ], [ 145.347035920000053, -37.454231431999972 ] ] ] } },
{ "type": "Feature", "properties": { "suburb": "Kinglake West" }, "geometry": { "type": "Polygon", "coordinates": [ [ [ 145.276608925000119, -37.512317856999971 ], [ 145.264701928000022, -37.510836855999969 ], [ 145.263640907000081, -37.516252855999937 ], [ 145.25832691800008, -37.515596845999937 ], [ 145.257021928000086, -37.52231786599998 ], [ 145.253794888000016, -37.521915855999964 ], [ 145.251789908000092, -37.532217855999932 ], [ 145.249708938000026, -37.531962854999961 ], [ 145.248432937000075, -37.538496854999948 ], [ 145.238933919000033, -37.537354844999982 ], [ 145.22697491100007, -37.539321853999979 ], [ 145.225941311000042, -37.54491070399996 ], [ 145.22147692100009, -37.544425863999948 ], [ 145.221373922000112, -37.541512853999961 ], [ 145.223090912000089, -37.540846853999938 ], [ 145.22341193200009, -37.539724863999936 ], [ 145.22245293200001, -37.538078863999942 ], [ 145.223372912000059, -37.537386853999976 ], [ 145.223386932000039, -37.535587853999971 ], [ 145.216409923000015, -37.534764842999948 ], [ 145.215275933000044, -37.540590842999961 ], [ 145.206011945000114, -37.539475851999953 ], [ 145.206793925000056, -37.531905631999962 ], [ 145.194013448000078, -37.530450361999954 ], [ 145.196817018000047, -37.527011681999966 ], [ 145.196745988000089, -37.52370965199998 ], [ 145.210742715000038, -37.525219532999984 ], [ 145.21174660600002, -37.519368482999937 ], [ 145.197499308000033, -37.517750391999982 ], [ 145.198208939000097, -37.511655841999982 ], [ 145.190426931000047, -37.502208860999929 ], [ 145.19932993000009, -37.50382485199998 ], [ 145.202951939000059, -37.506734841999958 ], [ 145.205039959000032, -37.503884851999942 ], [ 145.207571958000017, -37.502641851999954 ], [ 145.215576917000021, -37.501559862999954 ], [ 145.217009907000033, -37.502080852999939 ], [ 145.220645926000088, -37.499921852999933 ], [ 145.221407937000095, -37.495344862999957 ], [ 145.219999957000027, -37.494403852999937 ], [ 145.221288947000062, -37.492939862999947 ], [ 145.220296957000073, -37.491260852999972 ], [ 145.226153927000041, -37.488331863999974 ], [ 145.226041947000112, -37.485774842999945 ], [ 145.228652937000106, -37.481210863999934 ], [ 145.236478426000076, -37.476168703999974 ], [ 145.225467948000073, -37.474297852999939 ], [ 145.222278289000087, -37.472586192999984 ], [ 145.224769920000085, -37.458144852999965 ], [ 145.2293587690001, -37.458647373999952 ], [ 145.227965946284257, -37.454098379399944 ], [ 145.267020771590865, -37.454098379399944 ], [ 145.269619942000077, -37.459967845999984 ], [ 145.274499881000111, -37.46340592699994 ], [ 145.273748931000114, -37.46876885699993 ], [ 145.27859193900008, -37.479133846999957 ], [ 145.278831048000029, -37.481494576999978 ], [ 145.277315928000121, -37.490056856999956 ], [ 145.273948918000087, -37.492989846999933 ], [ 145.271611928000084, -37.496885856999938 ], [ 145.267458918000102, -37.499983845999964 ], [ 145.275488927000083, -37.500972786999967 ], [ 145.27631086700012, -37.496475716999953 ], [ 145.283999226000105, -37.497371337999937 ], [ 145.280541906000053, -37.500766866999982 ], [ 145.279471946000058, -37.507197846999929 ], [ 145.276608925000119, -37.512317856999971 ] ] ] } },
{ "type": "Feature", "properties": { "suburb": "Kings Park" }, "geometry": { "type": "Polygon", "coordinates": [ [ [ 144.764050291000103, -37.725544732999936 ], [ 144.78201346700007, -37.727555534999965 ], [ 144.779451136000034, -37.741940693999936 ], [ 144.76272821900011, -37.740096262999941 ], [ 144.764050291000103, -37.725544732999936 ] ] ] } },
{ "type": "Feature", "properties": { "suburb": "Kingsbury" }, "geometry": { "type": "Polygon", "coordinates": [ [ [ 145.042278683000063, -37.717749681999976 ], [ 145.031657225000117, -37.721960341999932 ], [ 145.025131277000014, -37.715973590999965 ], [ 145.022090317000107, -37.715163730999961 ], [ 145.026651027000071, -37.71356382099998 ], [ 145.027565937000077, -37.712201700999969 ], [ 145.045134153000049, -37.713469711999949 ], [ 145.042278683000063, -37.717749681999976 ] ] ] } },
{ "type": "Feature", "properties": { "suburb": "Knoxfield" }, "geometry": { "type": "Polygon", "coordinates": [ [ [ 145.248409897000101, -37.904722207999953 ], [ 145.23723545900009, -37.905635106999966 ], [ 145.233081360000028, -37.899051266999948 ], [ 145.239870359000065, -37.897979346999932 ], [ 145.239871891000121, -37.882867856999951 ], [ 145.241099901000098, -37.882865866999964 ], [ 145.241097961000037, -37.881853286999956 ], [ 145.24788288000002, -37.881877846999942 ], [ 145.246218880000015, -37.879786846999934 ], [ 145.247887550000087, -37.877525426999966 ], [ 145.247836961000075, -37.873184716999958 ], [ 145.24941719100002, -37.87014157699997 ], [ 145.251642960000027, -37.870864767999933 ], [ 145.252021870000021, -37.870133367999983 ], [ 145.249797191000084, -37.869409947999941 ], [ 145.250375321000092, -37.868295857999954 ], [ 145.254345890000081, -37.869447427999944 ], [ 145.258219789, -37.868599417999974 ], [ 145.256471619000081, -37.87278972799993 ], [ 145.25906296900007, -37.873642447999941 ], [ 145.256942609000021, -37.876877447999959 ], [ 145.256946878000122, -37.882530867999947 ], [ 145.255655878000084, -37.882529867999949 ], [ 145.257058788000109, -37.884570447999977 ], [ 145.256710877000046, -37.889986867999937 ], [ 145.257341887000052, -37.891753857999959 ], [ 145.258460097000011, -37.891392457999984 ], [ 145.260075876000087, -37.900273857999935 ], [ 145.263018875000057, -37.90034486899998 ], [ 145.263183855000079, -37.902249408999978 ], [ 145.257677826000076, -37.904240227999935 ], [ 145.250786997000091, -37.90487186799993 ], [ 145.250796157000082, -37.903997057999959 ], [ 145.248205787000074, -37.903870247999976 ], [ 145.248409897000101, -37.904722207999953 ] ] ] } },
{ "type": "Feature", "properties": { "suburb": "Koo Wee Rup" }, "geometry": { "type": "MultiPolygon", "coordinates": [ [ [ [ 145.435661801000037, -38.204329872999949 ], [ 145.437171555206561, -38.204685381599937 ], [ 145.435584021897995, -38.204685381599937 ], [ 145.435661801000037, -38.204329872999949 ] ] ], [ [ [ 145.440556850000121, -38.204389832999937 ], [ 145.441097820000095, -38.200841882999953 ], [ 145.442676080000069, -38.199092522999933 ], [ 145.439183832000026, -38.192214862999947 ], [ 145.443968511000094, -38.192861902999937 ], [ 145.445419421000111, -38.185918612999956 ], [ 145.450131240000019, -38.186539662999962 ], [ 145.451581821000104, -38.179517873999941 ], [ 145.457951840000078, -38.180338863999964 ], [ 145.459417350000081, -38.173116173999972 ], [ 145.45257481200008, -38.172244873999944 ], [ 145.454085802, -38.164912883999932 ], [ 145.445047814000077, -38.163748882999982 ], [ 145.448143305000031, -38.149023512999975 ], [ 145.527755090000028, -38.159300448999943 ], [ 145.526937819000068, -38.163164878999964 ], [ 145.557489805000046, -38.156394880999983 ], [ 145.559173804000011, -38.161121890999937 ], [ 145.541742797000097, -38.164987889999963 ], [ 145.544161796000026, -38.166050879999943 ], [ 145.536245786000109, -38.177220879999936 ], [ 145.555807703000028, -38.177683750999961 ], [ 145.555740802000059, -38.182532880999929 ], [ 145.544907814000112, -38.186082879999958 ], [ 145.549148783000078, -38.188219869999955 ], [ 145.553976791000082, -38.192542880999952 ], [ 145.546397203000083, -38.194356539999944 ], [ 145.546146193000027, -38.192580789999965 ], [ 145.544102773000077, -38.193130879999956 ], [ 145.544173803000035, -38.191773869999963 ], [ 145.543350803000067, -38.191487879999954 ], [ 145.54262678300006, -38.193049869999982 ], [ 145.540448794000099, -38.193262879999963 ], [ 145.541563793000023, -38.193757879999964 ], [ 145.541197263000072, -38.194522009999957 ], [ 145.529440035000107, -38.194527058999938 ], [ 145.527727125000069, -38.197373028999948 ], [ 145.528723605000096, -38.199108248999949 ], [ 145.52462042600007, -38.198376278999945 ], [ 145.524933016000091, -38.200592668999946 ], [ 145.522490686000083, -38.200904918999981 ], [ 145.521904496000047, -38.202967718999957 ], [ 145.515667214544777, -38.204685381599937 ], [ 145.511474878000058, -38.204637937999962 ], [ 145.511420058000112, -38.202713347999975 ], [ 145.51051226800007, -38.204355477999968 ], [ 145.507581718000097, -38.203096347999974 ], [ 145.506973640640126, -38.204685381599937 ], [ 145.440556850000121, -38.204389832999937 ] ] ], [ [ [ 145.508105708000016, -38.204637957999978 ], [ 145.5083416640542, -38.204685381599937 ], [ 145.507877714791704, -38.204685381599937 ], [ 145.508105708000016, -38.204637957999978 ] ] ] ] } },
{ "type": "Feature", "properties": { "suburb": "Koo Wee Rup North" }, "geometry": { "type": "Polygon", "coordinates": [ [ [ 145.534991833000049, -38.123224208999943 ], [ 145.549789261000114, -38.118665899999939 ], [ 145.54118956800005, -38.154970189999972 ], [ 145.542862577000051, -38.159593789999974 ], [ 145.526937819000068, -38.163164878999964 ], [ 145.534991833000049, -38.123224208999943 ] ] ] } },
{ "type": "Feature", "properties": { "suburb": "Kooyong" }, "geometry": { "type": "Polygon", "coordinates": [ [ [ 145.04029993000006, -37.844800842999973 ], [ 145.031065002000105, -37.84371631199997 ], [ 145.032691912000018, -37.837342841999941 ], [ 145.038729921000026, -37.838826842999936 ], [ 145.04008991000012, -37.84033758299995 ], [ 145.04029993000006, -37.844800842999973 ] ] ] } },
{ "type": "Feature", "properties": { "suburb": "Kurunjang" }, "geometry": { "type": "Polygon", "coordinates": [ [ [ 144.575750772000106, -37.64513938999994 ], [ 144.583648790000098, -37.64605758099998 ], [ 144.58379957000011, -37.645248190999951 ], [ 144.608501996000086, -37.648290811999971 ], [ 144.608972006000045, -37.650131821999935 ], [ 144.608245006000061, -37.650599811999939 ], [ 144.613280034000013, -37.654269812999985 ], [ 144.611272024000073, -37.65686081299998 ], [ 144.613431034000087, -37.66086482299994 ], [ 144.612343004000081, -37.661554812999952 ], [ 144.612701433000097, -37.663886982999941 ], [ 144.609659044000068, -37.664753502999929 ], [ 144.609336574000054, -37.666598822999958 ], [ 144.606922354000062, -37.668108811999957 ], [ 144.606890994000082, -37.670009811999932 ], [ 144.60552502400003, -37.670657811999945 ], [ 144.606253014000117, -37.672997821999957 ], [ 144.604567004000046, -37.673566811999933 ], [ 144.605557034000071, -37.674969811999972 ], [ 144.60513100300011, -37.676407811999979 ], [ 144.601921994, -37.67681681199997 ], [ 144.602103004000014, -37.678066821999948 ], [ 144.600625004000108, -37.677922821999971 ], [ 144.599673014000018, -37.67895882199997 ], [ 144.599217024000041, -37.677596811999933 ], [ 144.598216044000083, -37.677920821999976 ], [ 144.59783750500003, -37.676322791999951 ], [ 144.570390020000104, -37.672908819999975 ], [ 144.575750772000106, -37.64513938999994 ] ] ] } },
{ "type": "Feature", "properties": { "suburb": "Lalor" }, "geometry": { "type": "Polygon", "coordinates": [ [ [ 144.999311957000032, -37.657481838999956 ], [ 145.036453151000046, -37.661424530999966 ], [ 145.03574694100007, -37.662059840999973 ], [ 145.036554940000087, -37.663638851999963 ], [ 145.035543930000017, -37.665422840999952 ], [ 145.036063950000084, -37.667012840999973 ], [ 145.037379950000059, -37.666372831999979 ], [ 145.038823929000046, -37.667077851999977 ], [ 145.036918919000072, -37.670013841999946 ], [ 145.040617939000072, -37.670045841999979 ], [ 145.043416938000064, -37.67209485199993 ], [ 145.044971948000011, -37.671484851999935 ], [ 145.044740938000018, -37.67522784199997 ], [ 145.042626938000012, -37.676006841999936 ], [ 145.042032568000081, -37.677234831999954 ], [ 145.039141988000097, -37.675823761999936 ], [ 145.030791960000101, -37.67495483099998 ], [ 145.029821940000033, -37.676444840999977 ], [ 145.015205223000066, -37.674804869999946 ], [ 145.015513933000079, -37.672940829999959 ], [ 145.00229196500004, -37.671571828999959 ], [ 145.001739975000078, -37.672532828999977 ], [ 144.99703347600007, -37.671228078999945 ], [ 144.981467689000056, -37.669970897999974 ], [ 144.982255249000104, -37.665157617999967 ], [ 144.988260229000048, -37.657547197999975 ], [ 144.995365948000085, -37.659029848999978 ], [ 144.999311957000032, -37.657481838999956 ] ] ] } },
{ "type": "Feature", "properties": { "suburb": "Langwarrin" }, "geometry": { "type": "Polygon", "coordinates": [ [ [ 145.187203804000092, -38.123545774999968 ], [ 145.214552878000063, -38.126989866999963 ], [ 145.213476858000035, -38.132679856999971 ], [ 145.219781867000052, -38.133442846999969 ], [ 145.221165877000089, -38.126246846999948 ], [ 145.229709206000052, -38.126946597999961 ], [ 145.218743731000018, -38.184913976999951 ], [ 145.208595493000075, -38.183745306999981 ], [ 145.204179864000025, -38.182187845999977 ], [ 145.161273872000038, -38.176885862999939 ], [ 145.166387883000084, -38.159201853999946 ], [ 145.172561863000055, -38.148186843999952 ], [ 145.173159874000021, -38.139481853999939 ], [ 145.176925403000041, -38.140508083999975 ], [ 145.178228884000077, -38.131697003999932 ], [ 145.183087654000019, -38.125253873999952 ], [ 145.187203804000092, -38.123545774999968 ] ] ] } },
{ "type": "Feature", "properties": { "suburb": "Langwarrin South" }, "geometry": { "type": "Polygon", "coordinates": [ [ [ 145.161273872000038, -38.176885862999939 ], [ 145.204179864000025, -38.182187845999977 ], [ 145.208595493000075, -38.183745306999981 ], [ 145.218743731000018, -38.184913976999951 ], [ 145.215772670000092, -38.200639046999981 ], [ 145.181822416000045, -38.199051204999932 ], [ 145.159291302000042, -38.181727682999963 ], [ 145.161273872000038, -38.176885862999939 ] ] ] } },
{ "type": "Feature", "properties": { "suburb": "Launching Place" }, "geometry": { "type": "Polygon", "coordinates": [ [ [ 145.55964356700008, -37.782847368999967 ], [ 145.554566598000065, -37.78022995799995 ], [ 145.548564580000061, -37.772933277999982 ], [ 145.541367361000084, -37.772973806999971 ], [ 145.538590841000087, -37.774004866999974 ], [ 145.536424862000104, -37.769799876999969 ], [ 145.532617843000025, -37.767260876999956 ], [ 145.533176843000092, -37.763487876999932 ], [ 145.538479013000028, -37.759323246999941 ], [ 145.538379844000019, -37.750820876999967 ], [ 145.540988865000031, -37.737451886999963 ], [ 145.575340829000083, -37.740206869999952 ], [ 145.575745839000092, -37.738079869999979 ], [ 145.58390908380008, -37.738987332490993 ], [ 145.582511366000062, -37.751243029999955 ], [ 145.577854147000039, -37.751049809999984 ], [ 145.576192337000066, -37.756922439999983 ], [ 145.580220036000014, -37.759397259999957 ], [ 145.58390908380008, -37.759823183408905 ], [ 145.58390908380008, -37.811582473999543 ], [ 145.57561983100004, -37.810647879999976 ], [ 145.5764098410001, -37.806227899999953 ], [ 145.563995244000012, -37.80472556899997 ], [ 145.563800115000049, -37.79387965899997 ], [ 145.558756876000075, -37.794089638999935 ], [ 145.557089077000114, -37.787953598999934 ], [ 145.559193197000013, -37.785293298999932 ], [ 145.55964356700008, -37.782847368999967 ] ] ] } },
{ "type": "Feature", "properties": { "suburb": "Laverton" }, "geometry": { "type": "Polygon", "coordinates": [ [ [ 144.771521974000052, -37.867725814999972 ], [ 144.751306157000045, -37.869814672999951 ], [ 144.750548088000073, -37.866941892999932 ], [ 144.757833487000084, -37.865051933999951 ], [ 144.755451788000073, -37.858259333999968 ], [ 144.752544389000036, -37.854432932999941 ], [ 144.761303137000027, -37.85516677399994 ], [ 144.776549006000096, -37.846563424999943 ], [ 144.780859915000065, -37.845849424999983 ], [ 144.776726944000075, -37.863258824999946 ], [ 144.774602974000118, -37.866291824999962 ], [ 144.771521974000052, -37.867725814999972 ] ] ] } },
{ "type": "Feature", "properties": { "suburb": "Laverton North" }, "geometry": { "type": "Polygon", "coordinates": [ [ [ 144.811478811000029, -37.832460476999984 ], [ 144.785637584000028, -37.84453889599996 ], [ 144.781919875000085, -37.844158404999973 ], [ 144.780859915000065, -37.845849424999983 ], [ 144.776549006000096, -37.846563424999943 ], [ 144.761303137000027, -37.85516677399994 ], [ 144.746549950000031, -37.853995822999934 ], [ 144.761145979000048, -37.843900833999953 ], [ 144.765645988000074, -37.838693823999961 ], [ 144.769143491000023, -37.812003573999959 ], [ 144.8267661000001, -37.816886837999959 ], [ 144.825197950000074, -37.819008867999969 ], [ 144.827420399000061, -37.822818407999932 ], [ 144.824012470000071, -37.823970437999947 ], [ 144.82002857000009, -37.827443417999973 ], [ 144.816793610000104, -37.828616447999934 ], [ 144.811478811000029, -37.832460476999984 ] ] ] } },
{ "type": "Feature", "properties": { "suburb": "Little River" }, "geometry": { "type": "Polygon", "coordinates": [ [ [ 144.527944219200009, -37.91931516326953 ], [ 144.591078119000031, -37.926080782999975 ], [ 144.581636041000024, -37.92977689199995 ], [ 144.582210660000101, -37.930723671999942 ], [ 144.580323501000066, -37.931354301999932 ], [ 144.578842, -37.939827811999976 ], [ 144.597326987000088, -37.941898822999974 ], [ 144.600216986000078, -37.945397613999944 ], [ 144.550528441000097, -37.973215210999967 ], [ 144.527944219200009, -37.984834141841375 ], [ 144.527944219200009, -37.91931516326953 ] ] ] } },
{ "type": "Feature", "properties": { "suburb": "Lower Plenty" }, "geometry": { "type": "Polygon", "coordinates": [ [ [ 145.134229505000121, -37.737772868999969 ], [ 145.13567691500009, -37.740900408999948 ], [ 145.133601595000073, -37.742702768999948 ], [ 145.125409647000083, -37.740168857999947 ], [ 145.122146687000054, -37.740897887999949 ], [ 145.11992675700003, -37.744905947999939 ], [ 145.120272777000082, -37.748091967999983 ], [ 145.123157776000085, -37.747551917999942 ], [ 145.126064745000122, -37.75106485799995 ], [ 145.122608776000106, -37.749185927999974 ], [ 145.121425856000087, -37.752157967999949 ], [ 145.11508488700008, -37.753117096999972 ], [ 145.112900917000047, -37.755237146999946 ], [ 145.10932394800011, -37.75538815699997 ], [ 145.104169929000022, -37.753695136999966 ], [ 145.098183820000031, -37.748876125999971 ], [ 145.098559960000102, -37.747165855999981 ], [ 145.101479920000088, -37.747050815999955 ], [ 145.10093092000011, -37.744968845999949 ], [ 145.10205593000012, -37.745650866999938 ], [ 145.102922800000101, -37.743863846999943 ], [ 145.102238830000033, -37.740809866999939 ], [ 145.105846560000032, -37.738968136999972 ], [ 145.106541740000011, -37.737529996999967 ], [ 145.107675250000057, -37.738065576999929 ], [ 145.106856630000038, -37.736034926999935 ], [ 145.108809890000089, -37.734173806999934 ], [ 145.104399881000063, -37.733579806999956 ], [ 145.10400061100006, -37.73236587699995 ], [ 145.105793781000102, -37.731880876999981 ], [ 145.107724811000026, -37.728923836999968 ], [ 145.106605941000112, -37.726260836999984 ], [ 145.109690811000064, -37.725859886999956 ], [ 145.106770852000068, -37.723378846999935 ], [ 145.109229421, -37.721674616999962 ], [ 145.113517980000097, -37.724287666999942 ], [ 145.117548900000088, -37.72308974699996 ], [ 145.120273919000056, -37.723570847999952 ], [ 145.123182199000098, -37.72492744799996 ], [ 145.126671708000117, -37.728477877999978 ], [ 145.137736355000015, -37.733166608999966 ], [ 145.135077286000069, -37.73429503899996 ], [ 145.134229505000121, -37.737772868999969 ] ] ] } },
{ "type": "Feature", "properties": { "suburb": "Lynbrook" }, "geometry": { "type": "Polygon", "coordinates": [ [ [ 145.247230863000027, -38.03639686799994 ], [ 145.255237860000079, -38.047067868999932 ], [ 145.259092880000026, -38.045420018999948 ], [ 145.265324859000089, -38.044766339999967 ], [ 145.262304808000067, -38.057508879999943 ], [ 145.266165846000035, -38.06593584999996 ], [ 145.265026466000108, -38.06580127999996 ], [ 145.264640876000044, -38.067665859999977 ], [ 145.263022836000118, -38.067430859999945 ], [ 145.262720866000109, -38.068893849999938 ], [ 145.264288876000023, -38.069376849999969 ], [ 145.262486065000076, -38.077645149999967 ], [ 145.253786948000084, -38.066232518999982 ], [ 145.245176862000108, -38.049096857999984 ], [ 145.247230863000027, -38.03639686799994 ] ] ] } },
{ "type": "Feature", "properties": { "suburb": "Lyndhurst" }, "geometry": { "type": "Polygon", "coordinates": [ [ [ 145.2424533410001, -38.062876027999948 ], [ 145.245176862000108, -38.049096857999984 ], [ 145.253786948000084, -38.066232518999982 ], [ 145.264833485000054, -38.080719089999945 ], [ 145.194733498000119, -38.072131274999947 ], [ 145.206043387000022, -38.058355455999958 ], [ 145.2424533410001, -38.062876027999948 ] ] ] } },
{ "type": "Feature", "properties": { "suburb": "Lysterfield" }, "geometry": { "type": "Polygon", "coordinates": [ [ [ 145.27962672700005, -37.947583189999932 ], [ 145.265717970000082, -37.945893198999954 ], [ 145.269028561000027, -37.929282748999981 ], [ 145.265274862000069, -37.928300868999941 ], [ 145.270061871000053, -37.923360868999964 ], [ 145.272422292000101, -37.913282918999982 ], [ 145.287582681000117, -37.900990329999956 ], [ 145.295031479000045, -37.900309290999985 ], [ 145.303831527000057, -37.904603251999959 ], [ 145.307179847000043, -37.908021831999974 ], [ 145.324029012000096, -37.919200592999971 ], [ 145.327897172000121, -37.918566182999939 ], [ 145.331680871000117, -37.920023853999965 ], [ 145.331842861000041, -37.91916187399994 ], [ 145.333840211000052, -37.918628333999948 ], [ 145.334233900000072, -37.919860633999974 ], [ 145.334862870000052, -37.919614863999982 ], [ 145.335138590000042, -37.920483993999937 ], [ 145.33190943000011, -37.923398203999966 ], [ 145.32889883900009, -37.938981862999981 ], [ 145.329572999000106, -37.942937823999955 ], [ 145.328608878000068, -37.947610892999933 ], [ 145.327493078000089, -37.948980092999932 ], [ 145.328349838, -37.949760872999946 ], [ 145.332670857000039, -37.949268863999976 ], [ 145.336520877000112, -37.950431863999938 ], [ 145.333993877000012, -37.955785853999942 ], [ 145.330585867000082, -37.95819787399995 ], [ 145.327437087000021, -37.965301293999971 ], [ 145.318938868000032, -37.966358862999982 ], [ 145.317004878000034, -37.967830852999953 ], [ 145.29116280300002, -37.964602010999954 ], [ 145.289041864000069, -37.962926210999967 ], [ 145.288618794000058, -37.96107103099996 ], [ 145.288619744000016, -37.959152040999982 ], [ 145.289905714000042, -37.957587720999982 ], [ 145.283563545000106, -37.955129579999948 ], [ 145.283765865000078, -37.95410886999997 ], [ 145.282318746000101, -37.953650139999979 ], [ 145.282096726000077, -37.950576139999953 ], [ 145.27962672700005, -37.947583189999932 ] ] ] } },
{ "type": "Feature", "properties": { "suburb": "Lysterfield South" }, "geometry": { "type": "Polygon", "coordinates": [ [ [ 145.289047744000072, -37.958275070999946 ], [ 145.289034314000105, -37.96282262099993 ], [ 145.282017885000073, -37.961929849999933 ], [ 145.277359646000036, -37.959877979999931 ], [ 145.263457559000017, -37.958147188999931 ], [ 145.258819649000088, -37.958517638999979 ], [ 145.245358853000084, -37.948635857999932 ], [ 145.243905944000062, -37.943259367999929 ], [ 145.27962672700005, -37.947583189999932 ], [ 145.282096726000077, -37.950576139999953 ], [ 145.282318746000101, -37.953650139999979 ], [ 145.283765865000078, -37.95410886999997 ], [ 145.283563545000106, -37.955129579999948 ], [ 145.289905714000042, -37.957587720999982 ], [ 145.289047744000072, -37.958275070999946 ] ] ] } },
{ "type": "Feature", "properties": { "suburb": "Macclesfield" }, "geometry": { "type": "Polygon", "coordinates": [ [ [ 145.470517799000049, -37.901121252999985 ], [ 145.469112908000056, -37.91018231299995 ], [ 145.466677048000065, -37.912008352999976 ], [ 145.464749079000057, -37.91080537299996 ], [ 145.463340069000083, -37.907976392999956 ], [ 145.461286840000071, -37.901156862999983 ], [ 145.456886842000017, -37.897809881999933 ], [ 145.454183872000044, -37.896985871999959 ], [ 145.455806842000015, -37.89261288199998 ], [ 145.45373484300012, -37.888251871999955 ], [ 145.454635853000013, -37.884663871999976 ], [ 145.451102834000039, -37.885796871999958 ], [ 145.453220854000051, -37.881688871999984 ], [ 145.456694854000034, -37.880620861999944 ], [ 145.457260854000083, -37.87875386199994 ], [ 145.458739874000116, -37.877898871999946 ], [ 145.456975864000015, -37.87611887199995 ], [ 145.457850844000063, -37.873935871999947 ], [ 145.458873824000079, -37.87415587199996 ], [ 145.458548864000022, -37.872894871999961 ], [ 145.456416865000051, -37.871334861999969 ], [ 145.457715865000068, -37.870022881999944 ], [ 145.457100845000014, -37.869478871999945 ], [ 145.458432835000053, -37.868932881999967 ], [ 145.457333855000115, -37.868922871999985 ], [ 145.458473865000087, -37.868270871999982 ], [ 145.457106825000096, -37.867378881999969 ], [ 145.458060865000107, -37.866809871999976 ], [ 145.457288855000115, -37.865006861999973 ], [ 145.458328845000096, -37.864316871999961 ], [ 145.457364846000019, -37.861595871999953 ], [ 145.458235846000093, -37.860868881999977 ], [ 145.458389836000038, -37.857252871999947 ], [ 145.457063286000107, -37.856989591999934 ], [ 145.457413826000106, -37.856417871999952 ], [ 145.46196786500002, -37.856288871999936 ], [ 145.467962835000094, -37.853221862999931 ], [ 145.468907864000016, -37.85602387299997 ], [ 145.469583874000023, -37.855784872999948 ], [ 145.470425854000041, -37.857390882999937 ], [ 145.473110833000078, -37.85698787299998 ], [ 145.473173834000022, -37.855429882999942 ], [ 145.474766843000111, -37.854111862999957 ], [ 145.474044874000015, -37.853160872999979 ], [ 145.475514393000026, -37.853134952999937 ], [ 145.475515854000037, -37.851683872999956 ], [ 145.48122985200007, -37.857183883999937 ], [ 145.503188838000028, -37.859669874999952 ], [ 145.503918798000086, -37.85646754499993 ], [ 145.506923008000058, -37.855187844999932 ], [ 145.512634817000048, -37.857078875999946 ], [ 145.51305525600003, -37.85947695599998 ], [ 145.514138836000029, -37.859595875999958 ], [ 145.514559206000058, -37.856800175999979 ], [ 145.516717636000067, -37.857203935999962 ], [ 145.516499546000091, -37.858290115999978 ], [ 145.519544045000089, -37.858232025999939 ], [ 145.525029414000073, -37.86037039699994 ], [ 145.526772433000019, -37.863609356999973 ], [ 145.526302493000117, -37.868458356999952 ], [ 145.528291522000018, -37.870855306999943 ], [ 145.528932572000031, -37.875370326999985 ], [ 145.528625612000042, -37.876972146999947 ], [ 145.526515612000026, -37.879145656999981 ], [ 145.52682199100002, -37.882040156999949 ], [ 145.525547601000085, -37.883020966999936 ], [ 145.526871311000036, -37.885257026999966 ], [ 145.525632901000108, -37.887335576999931 ], [ 145.522406221000097, -37.887068086999932 ], [ 145.520925931000079, -37.889829816999963 ], [ 145.507713263000028, -37.899823775999948 ], [ 145.505705283000111, -37.899621795999963 ], [ 145.503220333000058, -37.900789824999947 ], [ 145.50029332400004, -37.899548864999929 ], [ 145.497822384000074, -37.900351914999931 ], [ 145.494790365000085, -37.899980954999933 ], [ 145.489935426000102, -37.898279004999949 ], [ 145.489720446000092, -37.89937899499995 ], [ 145.481597547000092, -37.898413093999977 ], [ 145.479667617000018, -37.900657123999963 ], [ 145.473830718000045, -37.899970202999953 ], [ 145.471993789000066, -37.901298242999985 ], [ 145.470517799000049, -37.901121252999985 ] ] ] } },
{ "type": "Feature", "properties": { "suburb": "Macedon" }, "geometry": { "type": "Polygon", "coordinates": [ [ [ 144.580447035338921, -37.454098379399944 ], [ 144.579138391000015, -37.459771908999983 ], [ 144.576535732000025, -37.455425568999942 ], [ 144.567842053000049, -37.460720808999952 ], [ 144.564676073000101, -37.45943381799998 ], [ 144.56505805300003, -37.457081797999933 ], [ 144.562619304, -37.456927637999968 ], [ 144.562199984000017, -37.458930577999979 ], [ 144.560063024000101, -37.460549807999939 ], [ 144.56045740400009, -37.462863347999985 ], [ 144.558209594000118, -37.465154997999946 ], [ 144.555985064000083, -37.46464779799993 ], [ 144.555121075000102, -37.462791807999963 ], [ 144.552142235000019, -37.46134604699995 ], [ 144.549552046000031, -37.463029806999941 ], [ 144.549056046000032, -37.460300796999945 ], [ 144.547940066000024, -37.45956980699998 ], [ 144.549519056, -37.457261806999952 ], [ 144.547073257000079, -37.454544546999955 ], [ 144.544684447, -37.457006856999953 ], [ 144.542459447000056, -37.457109646999982 ], [ 144.540900897000029, -37.458904396999969 ], [ 144.533641369000065, -37.45971521599995 ], [ 144.532954769000071, -37.459692795999956 ], [ 144.532193049000057, -37.456397795999976 ], [ 144.533091029000047, -37.455439815999966 ], [ 144.52995821491524, -37.454098379399944 ], [ 144.580447035338921, -37.454098379399944 ] ] ] } },
{ "type": "Feature", "properties": { "suburb": "Macleod" }, "geometry": { "type": "Polygon", "coordinates": [ [ [ 145.06541771000002, -37.709235373999945 ], [ 145.069584440000085, -37.708196173999966 ], [ 145.074954609000088, -37.708775983999942 ], [ 145.074513618000083, -37.71619418399996 ], [ 145.091797385000064, -37.718166675999953 ], [ 145.092003535000117, -37.717273845999955 ], [ 145.095769094000048, -37.719994845999963 ], [ 145.095589444000098, -37.721100625999952 ], [ 145.081203996000113, -37.719453224999938 ], [ 145.078764985000021, -37.73342904499998 ], [ 145.0762313460001, -37.733154104999983 ], [ 145.076493416000062, -37.731840374999933 ], [ 145.075327016000074, -37.731725084999937 ], [ 145.07525763600006, -37.732620784999938 ], [ 145.071927007000113, -37.733227893999981 ], [ 145.072250907000011, -37.731020583999964 ], [ 145.069563047000088, -37.730236133999938 ], [ 145.055620310000108, -37.728815072999964 ], [ 145.057845900000075, -37.723455642999966 ], [ 145.056334910000032, -37.722372812999936 ], [ 145.056293661000041, -37.720738872999959 ], [ 145.058985790000065, -37.718356742999958 ], [ 145.059365281000055, -37.716357242999948 ], [ 145.056804701000033, -37.714519042999939 ], [ 145.060024691000081, -37.714815212999952 ], [ 145.06098208100002, -37.713650422999933 ], [ 145.063022620000083, -37.71368399399995 ], [ 145.065119210000034, -37.711139113999934 ], [ 145.06454025000005, -37.710385923999979 ], [ 145.06541771000002, -37.709235373999945 ] ] ] } },
{ "type": "Feature", "properties": { "suburb": "Mambourin" }, "geometry": { "type": "Polygon", "coordinates": [ [ [ 144.592977142000109, -37.897546802999955 ], [ 144.587757350000061, -37.925714242999959 ], [ 144.527944219200009, -37.91931516326953 ], [ 144.527944219200009, -37.875375742474773 ], [ 144.597283083000093, -37.882571792999954 ], [ 144.600532022000039, -37.885367812999959 ], [ 144.606766001000096, -37.886636823999936 ], [ 144.605050970000093, -37.898951293999971 ], [ 144.592977142000109, -37.897546802999955 ] ] ] } },
{ "type": "Feature", "properties": { "suburb": "Mannerim" }, "geometry": { "type": "Polygon", "coordinates": [ [ [ 144.555911656000035, -38.202691151999943 ], [ 144.564814954000099, -38.20370982299994 ], [ 144.565161774000103, -38.201886072999969 ], [ 144.574365463000049, -38.202882553999984 ], [ 144.575543033000031, -38.197823263999965 ], [ 144.584423991000108, -38.199082823999959 ], [ 144.58485199200004, -38.196760813999958 ], [ 144.608350937000068, -38.199554815999932 ], [ 144.613847987000099, -38.192879815999959 ], [ 144.64090795200002, -38.19631181799997 ], [ 144.639282673904404, -38.204685381599937 ], [ 144.555527817370631, -38.204685381599937 ], [ 144.555911656000035, -38.202691151999943 ] ] ] } },
{ "type": "Feature", "properties": { "suburb": "Manor Lakes" }, "geometry": { "type": "Polygon", "coordinates": [ [ [ 144.574726671000121, -37.845617600999958 ], [ 144.608997972000111, -37.868552813999941 ], [ 144.618343940000045, -37.878351073999966 ], [ 144.614920650000045, -37.885834573999944 ], [ 144.611222030000022, -37.88378787399995 ], [ 144.607051321000085, -37.884339543999943 ], [ 144.606668981000098, -37.886615803999973 ], [ 144.600532022000039, -37.885367812999959 ], [ 144.597283083000093, -37.882571792999954 ], [ 144.553183171000114, -37.878270139999984 ], [ 144.560086084000091, -37.84113678999995 ], [ 144.574726671000121, -37.845617600999958 ] ] ] } },
{ "type": "Feature", "properties": { "suburb": "Meadow Heights" }, "geometry": { "type": "Polygon", "coordinates": [ [ [ 144.927150740000116, -37.657737003999955 ], [ 144.922086950000107, -37.663776833999975 ], [ 144.906743483000014, -37.662735942999973 ], [ 144.910687385000074, -37.638270402999979 ], [ 144.92876276100003, -37.640700693999975 ], [ 144.928746961000115, -37.643070833999957 ], [ 144.93136496000011, -37.647780823999938 ], [ 144.931475, -37.649903203999941 ], [ 144.927150740000116, -37.657737003999955 ] ] ] } },
{ "type": "Feature", "properties": { "suburb": "Melbourne Airport" }, "geometry": { "type": "Polygon", "coordinates": [ [ [ 144.86782375700011, -37.686578 ], [ 144.874276185000099, -37.692865840999957 ], [ 144.868665186000044, -37.692235379999943 ], [ 144.869448365000039, -37.697640669999942 ], [ 144.871240045000036, -37.697841639999979 ], [ 144.869626494000045, -37.70703095999994 ], [ 144.861361026000054, -37.706007389999968 ], [ 144.85824776700008, -37.703942249999955 ], [ 144.85178901800009, -37.701794808999978 ], [ 144.851209538000035, -37.705098448999934 ], [ 144.848032988000114, -37.704748828999982 ], [ 144.847521038000082, -37.710367688999952 ], [ 144.842606169000078, -37.709821698999974 ], [ 144.841655999000068, -37.70879982799994 ], [ 144.842113419000043, -37.70409228799997 ], [ 144.844741999000121, -37.700434858999984 ], [ 144.842450970000073, -37.699313807999943 ], [ 144.838538060000019, -37.701321877999931 ], [ 144.8375989110001, -37.700040987999955 ], [ 144.839968970000086, -37.698595827999952 ], [ 144.840418981000084, -37.696016697999937 ], [ 144.837669391000077, -37.693939647999969 ], [ 144.837979171000029, -37.692181577999975 ], [ 144.834557622000034, -37.691796207999971 ], [ 144.835131072000081, -37.688443897999946 ], [ 144.826235844000053, -37.687430756999959 ], [ 144.826664974000096, -37.68489879699996 ], [ 144.820454465000012, -37.684248036999975 ], [ 144.818694946000051, -37.682396866999966 ], [ 144.810012837000045, -37.681496785999968 ], [ 144.806227058000104, -37.68299482599997 ], [ 144.805252878000033, -37.680254795999929 ], [ 144.805636999000058, -37.677604835999944 ], [ 144.804289899000082, -37.677524825999967 ], [ 144.803329039000118, -37.675523845999976 ], [ 144.804917010000054, -37.669695805999936 ], [ 144.802748030000089, -37.668303865999974 ], [ 144.802433030000088, -37.66627985599996 ], [ 144.808896819000097, -37.665047845999936 ], [ 144.804414111000028, -37.661756805999971 ], [ 144.799999071000116, -37.66117883499993 ], [ 144.800496961000022, -37.66007084499995 ], [ 144.805494801, -37.660100815999954 ], [ 144.806210891000092, -37.658888795999985 ], [ 144.803938921000054, -37.657493775999967 ], [ 144.799163872, -37.657603854999934 ], [ 144.79765007200001, -37.654736814999978 ], [ 144.800328082000078, -37.653488784999979 ], [ 144.803712101000087, -37.655606855999963 ], [ 144.805754021000098, -37.652828815999953 ], [ 144.813374970000041, -37.655081825999957 ], [ 144.81604199100002, -37.640996835999943 ], [ 144.843004276000102, -37.645025077999946 ], [ 144.844864275000077, -37.646814917999961 ], [ 144.844433985000023, -37.649499817999981 ], [ 144.846146965000116, -37.650594837999961 ], [ 144.845334984000033, -37.65439282799997 ], [ 144.846763994000071, -37.656337828999938 ], [ 144.848706963000041, -37.656165838999982 ], [ 144.851822963000018, -37.658979828999975 ], [ 144.855560962000027, -37.659048838999979 ], [ 144.858368001000031, -37.662352828999929 ], [ 144.856783131000043, -37.663861758999928 ], [ 144.860636000000113, -37.665854819999936 ], [ 144.860101970000073, -37.667106828999977 ], [ 144.862816980000048, -37.67047182999994 ], [ 144.864717969000026, -37.670993829999929 ], [ 144.866465959000038, -37.670123829999966 ], [ 144.867582059000028, -37.671027289999984 ], [ 144.86634170800005, -37.677908829999978 ], [ 144.871522817000027, -37.681710079999959 ], [ 144.870815986000025, -37.686220829999968 ], [ 144.869883997000102, -37.685390689999963 ], [ 144.86782375700011, -37.686578 ] ] ] } },
{ "type": "Feature", "properties": { "suburb": "Melton South" }, "geometry": { "type": "Polygon", "coordinates": [ [ [ 144.567054029000019, -37.690199799999959 ], [ 144.582472756000016, -37.693275760999938 ], [ 144.580886175000046, -37.698010780999937 ], [ 144.579291636000107, -37.698009500999945 ], [ 144.579030326000066, -37.699367740999946 ], [ 144.580502775000014, -37.699542400999974 ], [ 144.580643155000075, -37.700486320999971 ], [ 144.577885035, -37.702940810999962 ], [ 144.577859665000119, -37.704079970999942 ], [ 144.58124582500011, -37.70509145099993 ], [ 144.580718524000076, -37.709333450999964 ], [ 144.581484974000091, -37.710982200999979 ], [ 144.580631284000106, -37.713462670999945 ], [ 144.578830014000118, -37.715010820999964 ], [ 144.578415853000024, -37.720185250999975 ], [ 144.561772037000082, -37.718396819999953 ], [ 144.562075567000079, -37.716773939999939 ], [ 144.54963702900011, -37.715234818999932 ], [ 144.564423028000078, -37.704572809999945 ], [ 144.567054029000019, -37.690199799999959 ] ] ] } },
{ "type": "Feature", "properties": { "suburb": "Melton West" }, "geometry": { "type": "Polygon", "coordinates": [ [ [ 144.556975722000061, -37.670224978999954 ], [ 144.570284020000031, -37.672994799999969 ], [ 144.567054029000019, -37.690199799999959 ], [ 144.527944219200009, -37.686821515166564 ], [ 144.527944219200009, -37.667882025636864 ], [ 144.543411305000063, -37.669832927999948 ], [ 144.542941915000029, -37.672258887999931 ], [ 144.546026014000063, -37.672644797999965 ], [ 144.548290033000058, -37.674399798999957 ], [ 144.551517043000104, -37.675240808999945 ], [ 144.55245268300007, -37.67045941899994 ], [ 144.556975722000061, -37.670224978999954 ] ] ] } },
{ "type": "Feature", "properties": { "suburb": "Mentone" }, "geometry": { "type": "Polygon", "coordinates": [ [ [ 145.079608918000076, -37.982953405999979 ], [ 145.078832638000108, -37.986967075999985 ], [ 145.074876619000065, -37.982920655999976 ], [ 145.071356919000095, -37.982160625999938 ], [ 145.068704978000028, -37.994902995999951 ], [ 145.057795091000116, -37.988648184999931 ], [ 145.051697042000114, -37.986806694999984 ], [ 145.054173973000047, -37.973475094999969 ], [ 145.065108271000099, -37.974781864999954 ], [ 145.064300052000021, -37.973791794999954 ], [ 145.091488896000101, -37.976974846999951 ], [ 145.090803356000038, -37.980594076999978 ], [ 145.093449896000038, -37.980915856999957 ], [ 145.093288785000027, -37.984204876999968 ], [ 145.095332495000093, -37.984452807999958 ], [ 145.079608918000076, -37.982953405999979 ] ] ] } },
{ "type": "Feature", "properties": { "suburb": "Menzies Creek" }, "geometry": { "type": "Polygon", "coordinates": [ [ [ 145.40906085600011, -37.929170878999969 ], [ 145.411755836000111, -37.931571878999932 ], [ 145.412502845000063, -37.933530858999973 ], [ 145.406493846000103, -37.935145878999947 ], [ 145.400325567000095, -37.939837327999953 ], [ 145.393838828000071, -37.939604877999955 ], [ 145.388447369000119, -37.936961107999934 ], [ 145.383689970000091, -37.938086466999948 ], [ 145.3856714100001, -37.936039426999969 ], [ 145.38407979100009, -37.929592286999934 ], [ 145.387876700000106, -37.925793257999942 ], [ 145.391773580000063, -37.923473187999946 ], [ 145.391805850000083, -37.921932857999934 ], [ 145.389519861000053, -37.92135585799997 ], [ 145.391500861000054, -37.919121877999942 ], [ 145.390679861000081, -37.91922786799995 ], [ 145.391341861000114, -37.917628867999952 ], [ 145.39296911100007, -37.916738967999947 ], [ 145.392157861000101, -37.915982867999958 ], [ 145.393258841000033, -37.912472867999952 ], [ 145.392553841000108, -37.912331877999975 ], [ 145.392744701000083, -37.911166747999971 ], [ 145.395451871000091, -37.911352877999946 ], [ 145.393370022000113, -37.907053917999974 ], [ 145.391153852000116, -37.905130897999982 ], [ 145.395753952000064, -37.90334583799995 ], [ 145.396772732000045, -37.901237947999959 ], [ 145.398370851000095, -37.902615857999933 ], [ 145.398036871000045, -37.903491877999954 ], [ 145.401723850000053, -37.904751867999948 ], [ 145.402227, -37.906532777999985 ], [ 145.403357300000039, -37.906814637999958 ], [ 145.404312720000121, -37.905843558999948 ], [ 145.407883769000023, -37.908466838999971 ], [ 145.407486688000063, -37.916360828999984 ], [ 145.417187876000071, -37.91637086999998 ], [ 145.417576856000096, -37.917619859999945 ], [ 145.422924035000051, -37.919173859999944 ], [ 145.419689035000033, -37.926364609999951 ], [ 145.41705034600011, -37.922887549999984 ], [ 145.415992095000092, -37.928270828999985 ], [ 145.411257206000073, -37.927665118999982 ], [ 145.40906085600011, -37.929170878999969 ] ] ] } },
{ "type": "Feature", "properties": { "suburb": "Mickleham" }, "geometry": { "type": "Polygon", "coordinates": [ [ [ 144.949946612000076, -37.511209864999955 ], [ 144.940509967000025, -37.569680833999939 ], [ 144.89504696500012, -37.564215820999948 ], [ 144.892644374000042, -37.576370370999939 ], [ 144.894865134000042, -37.576626820999934 ], [ 144.894203954000091, -37.580369560999941 ], [ 144.891920004000099, -37.580074630999945 ], [ 144.890234873000054, -37.591122670999937 ], [ 144.879532785000038, -37.589827829999933 ], [ 144.874355988000048, -37.574145829999964 ], [ 144.875805008000043, -37.566634829999941 ], [ 144.866340010000044, -37.565550838999968 ], [ 144.86723897100012, -37.560893828999951 ], [ 144.857733972000119, -37.561690828999929 ], [ 144.852504143000033, -37.558003797999959 ], [ 144.851547984000035, -37.554294827999968 ], [ 144.850229974000058, -37.553770827999983 ], [ 144.850502994000067, -37.55198983799994 ], [ 144.849437155000032, -37.551290277999954 ], [ 144.849834935000104, -37.549115787999938 ], [ 144.848335915000121, -37.548184827999933 ], [ 144.853328014000112, -37.548227837999946 ], [ 144.853433865000056, -37.545498867999981 ], [ 144.856569834000084, -37.54513985799997 ], [ 144.854537995000101, -37.543760797999937 ], [ 144.854567885000051, -37.541364807999969 ], [ 144.856857134000052, -37.541904797999962 ], [ 144.858074984000041, -37.541243848999954 ], [ 144.854424955000013, -37.539555797999981 ], [ 144.853256035000072, -37.537862807999943 ], [ 144.851812066000093, -37.537910877999934 ], [ 144.850498066000114, -37.535650797999949 ], [ 144.852149036000014, -37.534544877999963 ], [ 144.851673836000032, -37.532541837999929 ], [ 144.853502966000065, -37.533114787999978 ], [ 144.853314006000119, -37.534980847999975 ], [ 144.854156026000055, -37.535357857999941 ], [ 144.855557836000116, -37.531024807999984 ], [ 144.858900105000089, -37.531635808999965 ], [ 144.859418155000071, -37.528798828999982 ], [ 144.856393076000018, -37.529336847999957 ], [ 144.8560680060001, -37.52694185799993 ], [ 144.858959126000059, -37.524831798999969 ], [ 144.860439095000061, -37.527758798999969 ], [ 144.861533835000046, -37.527922858999943 ], [ 144.862368015000015, -37.52712779899997 ], [ 144.862105905000021, -37.525713808999967 ], [ 144.863847935000081, -37.525850868999953 ], [ 144.866619935000017, -37.524010828999963 ], [ 144.867369135000104, -37.522559848999947 ], [ 144.866807145000053, -37.521343868999963 ], [ 144.868233815000053, -37.520325868999976 ], [ 144.867964885000106, -37.51733381899993 ], [ 144.870179995000058, -37.51608183899998 ], [ 144.87159083500012, -37.513901848999978 ], [ 144.871009055000059, -37.512813828999981 ], [ 144.866631796000092, -37.511522548999949 ], [ 144.868994876000102, -37.50954080899993 ], [ 144.866335886000115, -37.506847818999972 ], [ 144.867792716000054, -37.505762518999973 ], [ 144.869735026000058, -37.50658483899997 ], [ 144.870987126000045, -37.505733808999935 ], [ 144.86819768600003, -37.504719528999942 ], [ 144.867661057000078, -37.503467798999964 ], [ 144.869102886000064, -37.503166818999944 ], [ 144.870834806000062, -37.504603858999928 ], [ 144.872823836000066, -37.504603858999928 ], [ 144.875339895000025, -37.502105828999959 ], [ 144.877705055000092, -37.505410799999936 ], [ 144.883190014000093, -37.505001839999977 ], [ 144.883945274000098, -37.504383339999947 ], [ 144.883464024000091, -37.503434239999933 ], [ 144.884684984000046, -37.502825829999949 ], [ 144.886608973000079, -37.504730829999971 ], [ 144.890036983000073, -37.503907839999954 ], [ 144.949946612000076, -37.511209864999955 ] ] ] } },
{ "type": "Feature", "properties": { "suburb": "Mill Park" }, "geometry": { "type": "Polygon", "coordinates": [ [ [ 145.083899891000101, -37.669127544999981 ], [ 145.084131921000107, -37.670095554999932 ], [ 145.086590891000014, -37.670711564999976 ], [ 145.086392951000107, -37.672258574999944 ], [ 145.088493890000109, -37.67301357499997 ], [ 145.08907489000012, -37.674213604999977 ], [ 145.085705941000015, -37.674293614999954 ], [ 145.087114950000114, -37.676821654999969 ], [ 145.086595960000068, -37.677579674999947 ], [ 145.08349897100004, -37.676780674999975 ], [ 145.084622990000071, -37.677610684999934 ], [ 145.084744830000091, -37.679141884999979 ], [ 145.069661353000015, -37.678830233999975 ], [ 145.042241568, -37.676453831999936 ], [ 145.044740938000018, -37.67522784199997 ], [ 145.04420592800011, -37.674393841999972 ], [ 145.045036918000051, -37.671553831999972 ], [ 145.043416938000064, -37.67209485199993 ], [ 145.040617939000072, -37.670045841999979 ], [ 145.037041929000111, -37.670152851999944 ], [ 145.036804930000017, -37.669281851999983 ], [ 145.038818929000058, -37.667033841999967 ], [ 145.037379950000059, -37.666372831999979 ], [ 145.036072930000046, -37.667031840999982 ], [ 145.035543930000017, -37.665422840999952 ], [ 145.036554940000087, -37.663638851999963 ], [ 145.03576195100004, -37.66192184099998 ], [ 145.037062550000087, -37.66103880199995 ], [ 145.037180521000096, -37.659580781999978 ], [ 145.04220642100006, -37.651768401999959 ], [ 145.06773389600005, -37.64901499399997 ], [ 145.088138713000035, -37.651221894999935 ], [ 145.083666323000102, -37.654067654999949 ], [ 145.085172833000115, -37.656025344999932 ], [ 145.094887480000011, -37.661854155999947 ], [ 145.093299810000076, -37.664223414999981 ], [ 145.090855801000089, -37.663147414999969 ], [ 145.089213851000068, -37.664176424999937 ], [ 145.091888821000111, -37.665309434999983 ], [ 145.092017850000047, -37.667339464999941 ], [ 145.090903841000113, -37.667015474999971 ], [ 145.088948861000063, -37.668600494999964 ], [ 145.087314861000095, -37.667695514999934 ], [ 145.083899891000101, -37.669127544999981 ] ] ] } },
{ "type": "Feature", "properties": { "suburb": "Mitcham" }, "geometry": { "type": "Polygon", "coordinates": [ [ [ 145.194855985000117, -37.830599642999971 ], [ 145.194911795000053, -37.83125825299993 ], [ 145.18880066600002, -37.830883172999961 ], [ 145.187677566000048, -37.827813592999973 ], [ 145.185777116000054, -37.827787402999945 ], [ 145.185477277000018, -37.819007192999948 ], [ 145.187111927000046, -37.818197852999958 ], [ 145.186075907000031, -37.818039862999967 ], [ 145.18447611900001, -37.809510192999937 ], [ 145.185106469000061, -37.806440932999976 ], [ 145.186241919000054, -37.805870852999931 ], [ 145.187371259000088, -37.802614452999933 ], [ 145.190292278000015, -37.805541922999964 ], [ 145.20543098600001, -37.805597533999958 ], [ 145.205485695000107, -37.807161913999948 ], [ 145.207232765000072, -37.806361103999961 ], [ 145.208625245000121, -37.808710643999973 ], [ 145.210815864000097, -37.808476193999979 ], [ 145.213536133000048, -37.811752954999974 ], [ 145.213352941000039, -37.830907464999939 ], [ 145.212232902000096, -37.830259854999952 ], [ 145.200509064000016, -37.831102193999982 ], [ 145.194855985000117, -37.830599642999971 ] ] ] } },
{ "type": "Feature", "properties": { "suburb": "Monbulk" }, "geometry": { "type": "Polygon", "coordinates": [ [ [ 145.456000846000052, -37.857395151999981 ], [ 145.458389836000038, -37.857252871999947 ], [ 145.458235846000093, -37.860868881999977 ], [ 145.457364846000019, -37.861595871999953 ], [ 145.458326835000094, -37.864338871999962 ], [ 145.457218845000057, -37.865270881999948 ], [ 145.458060865000107, -37.866809871999976 ], [ 145.457105845000115, -37.867360881999957 ], [ 145.458473865000087, -37.868270871999982 ], [ 145.457333855000115, -37.868922871999985 ], [ 145.45843082500005, -37.868949881999981 ], [ 145.457100845000014, -37.869478871999945 ], [ 145.457715865000068, -37.870022881999944 ], [ 145.456416865000051, -37.871334861999969 ], [ 145.458548864000022, -37.872894871999961 ], [ 145.458873824000079, -37.87415587199996 ], [ 145.457850844000063, -37.873935871999947 ], [ 145.456975864000015, -37.87611887199995 ], [ 145.458732864000012, -37.877917871999955 ], [ 145.457260854000083, -37.87875386199994 ], [ 145.456694854000034, -37.880620861999944 ], [ 145.453220854000051, -37.881688871999984 ], [ 145.451888864000011, -37.883861881999962 ], [ 145.45116185400002, -37.88203587199996 ], [ 145.449939835, -37.882433861999971 ], [ 145.448026835000064, -37.884602880999978 ], [ 145.44787386400003, -37.887768870999935 ], [ 145.445944834000102, -37.891303870999934 ], [ 145.441526835000104, -37.892758880999963 ], [ 145.440260325000054, -37.89478361099998 ], [ 145.437079055000027, -37.894780450999974 ], [ 145.434797006000053, -37.893185660999961 ], [ 145.432117546000086, -37.89283949999998 ], [ 145.426385257000106, -37.895871339999985 ], [ 145.424936677000119, -37.896069789999956 ], [ 145.423348998000051, -37.89460269999995 ], [ 145.423944827000014, -37.896497029999978 ], [ 145.421102608000069, -37.897314579999943 ], [ 145.418723718000024, -37.896204148999971 ], [ 145.411322841000015, -37.888952858999971 ], [ 145.406264521000026, -37.88949114899998 ], [ 145.406303982000054, -37.884186718999956 ], [ 145.407950902000039, -37.883155768999984 ], [ 145.405693012000029, -37.881203647999939 ], [ 145.403119033000053, -37.883093677999966 ], [ 145.391884185000094, -37.882073847999948 ], [ 145.386696255000061, -37.883433946999958 ], [ 145.386624206000079, -37.880411416999948 ], [ 145.390540145000045, -37.879779846999952 ], [ 145.390935145000071, -37.878101826999966 ], [ 145.392748175000065, -37.877743777999967 ], [ 145.394404145000067, -37.875979707999932 ], [ 145.393196145000047, -37.872802707999938 ], [ 145.393620236000061, -37.870462177999968 ], [ 145.392034966000097, -37.867037126999946 ], [ 145.399619265000069, -37.865804857999933 ], [ 145.402168865000021, -37.864441867999972 ], [ 145.404621554000073, -37.865533347999929 ], [ 145.40453285500007, -37.863319867999962 ], [ 145.414721243000031, -37.861842158999934 ], [ 145.417522003000045, -37.85569991899996 ], [ 145.421223683000107, -37.854076988999964 ], [ 145.423439383000073, -37.851197149999962 ], [ 145.43014585100002, -37.855210869999951 ], [ 145.437084870000035, -37.854397870999946 ], [ 145.437953460000017, -37.853552160999982 ], [ 145.443578758000058, -37.857503980999979 ], [ 145.445553928000095, -37.856747850999966 ], [ 145.448148778000018, -37.853245670999968 ], [ 145.450905228000011, -37.853345610999952 ], [ 145.453451207000057, -37.854565781999952 ], [ 145.454027067000084, -37.856148551999979 ], [ 145.456000846000052, -37.857395151999981 ] ] ] } },
{ "type": "Feature", "properties": { "suburb": "Monomeith" }, "geometry": { "type": "MultiPolygon", "coordinates": [ [ [ [ 145.58390908380008, -38.203401733173671 ], [ 145.58390908380008, -38.204685381599937 ], [ 145.515645517000053, -38.204641527999968 ], [ 145.521904496000047, -38.202967718999957 ], [ 145.522490686000083, -38.200904918999981 ], [ 145.524933016000091, -38.200592668999946 ], [ 145.52462042600007, -38.198376278999945 ], [ 145.528723605000096, -38.199108248999949 ], [ 145.527727125000069, -38.197373028999948 ], [ 145.529440035000107, -38.194527058999938 ], [ 145.541197263000072, -38.194522009999957 ], [ 145.541563793000023, -38.193757879999964 ], [ 145.540448794000099, -38.193262879999963 ], [ 145.54262678300006, -38.193049869999982 ], [ 145.543350803000067, -38.191487879999954 ], [ 145.544173803000035, -38.191773869999963 ], [ 145.544102773000077, -38.193130879999956 ], [ 145.546146193000027, -38.192580789999965 ], [ 145.546397203000083, -38.194356539999944 ], [ 145.554732811000122, -38.192415880999931 ], [ 145.58390908380008, -38.203401733173671 ] ] ], [ [ [ 145.513203994488691, -38.204685381599937 ], [ 145.506973640640126, -38.204685381599937 ], [ 145.507581718000097, -38.203096347999974 ], [ 145.51051226800007, -38.204355477999968 ], [ 145.511420058000112, -38.202713347999975 ], [ 145.511474878000058, -38.204637937999962 ], [ 145.513203994488691, -38.204685381599937 ] ] ] ] } },
{ "type": "Feature", "properties": { "suburb": "Mont Albert North" }, "geometry": { "type": "Polygon", "coordinates": [ [ [ 145.109696463000091, -37.794776716999934 ], [ 145.118772552000109, -37.796388597999965 ], [ 145.115807180000047, -37.812606387999949 ], [ 145.103070983000066, -37.810763766999969 ], [ 145.102811613000085, -37.811954946999947 ], [ 145.101614783000059, -37.811873806999984 ], [ 145.103560013000106, -37.809274216999938 ], [ 145.10488624300001, -37.80315924699994 ], [ 145.104070823000029, -37.802124966999941 ], [ 145.104020934000118, -37.796372836999979 ], [ 145.108246214000019, -37.794203546999938 ], [ 145.108517474000109, -37.792927716999941 ], [ 145.109696463000091, -37.794776716999934 ] ] ] } },
{ "type": "Feature", "properties": { "suburb": "Montmorency" }, "geometry": { "type": "Polygon", "coordinates": [ [ [ 145.120213401000115, -37.709430427999962 ], [ 145.128928829000074, -37.710627837999937 ], [ 145.130061759000114, -37.709047157999976 ], [ 145.132566129000111, -37.709683537999979 ], [ 145.13362612800006, -37.713319518999981 ], [ 145.137794237000094, -37.717951398999958 ], [ 145.135037177000072, -37.724862278999979 ], [ 145.13603825600012, -37.725577468999973 ], [ 145.134891396000057, -37.732084638999936 ], [ 145.126671708000117, -37.728477877999978 ], [ 145.123182199000098, -37.72492744799996 ], [ 145.120273919000056, -37.723570847999952 ], [ 145.117548900000088, -37.72308974699996 ], [ 145.113517980000097, -37.724287666999942 ], [ 145.110556121000059, -37.722522986999934 ], [ 145.112044371000025, -37.721916556999929 ], [ 145.110337411000046, -37.720963596999979 ], [ 145.112162891000025, -37.718451526999957 ], [ 145.110882432000039, -37.71657575699993 ], [ 145.113137551000023, -37.716438646999961 ], [ 145.111578852000093, -37.715402726999969 ], [ 145.112273192000089, -37.713930916999971 ], [ 145.11133992200007, -37.713463076999972 ], [ 145.114125752000064, -37.712172496999983 ], [ 145.113994462000051, -37.711115306999943 ], [ 145.115322651000042, -37.712252066999952 ], [ 145.118960611000034, -37.710962386999938 ], [ 145.120213401000115, -37.709430427999962 ] ] ] } },
{ "type": "Feature", "properties": { "suburb": "Montrose" }, "geometry": { "type": "Polygon", "coordinates": [ [ [ 145.347868409000057, -37.818965723999952 ], [ 145.343334450000043, -37.820957843999963 ], [ 145.344763500000113, -37.82223877399997 ], [ 145.343722490000118, -37.822978483999975 ], [ 145.34309549000011, -37.822437373999946 ], [ 145.343531660000053, -37.82388651399998 ], [ 145.342347639000081, -37.826959793999947 ], [ 145.340802630000098, -37.828147823999984 ], [ 145.341062149000095, -37.829520783999953 ], [ 145.338028890000032, -37.830871892999937 ], [ 145.338587889000109, -37.834842862999949 ], [ 145.334262710000075, -37.834358142999974 ], [ 145.333611470000051, -37.835731442999929 ], [ 145.334092069000121, -37.841065842999967 ], [ 145.332834609000088, -37.847421722999968 ], [ 145.326022250000051, -37.84662259299995 ], [ 145.333699810000098, -37.831500822999942 ], [ 145.329932381000049, -37.831294102999948 ], [ 145.328839902000027, -37.828749872999936 ], [ 145.32753287200012, -37.828361872999949 ], [ 145.327790162000042, -37.827556802999936 ], [ 145.326054592000105, -37.826907792999975 ], [ 145.326861932000043, -37.823966602999974 ], [ 145.322917634000078, -37.814909331999957 ], [ 145.328808994000042, -37.810987822999948 ], [ 145.328333834000091, -37.809867252999936 ], [ 145.330984213000079, -37.809484452999982 ], [ 145.332858853000062, -37.806226862999949 ], [ 145.339255182000102, -37.805028482999944 ], [ 145.339927623000108, -37.802917282999942 ], [ 145.33908202300006, -37.801398602999939 ], [ 145.344652692000068, -37.802734603999966 ], [ 145.346260152000013, -37.794505553999954 ], [ 145.348934832000054, -37.793234973999972 ], [ 145.345874713000057, -37.790770393999935 ], [ 145.353507952000086, -37.786958023999944 ], [ 145.353204131000098, -37.794230743999947 ], [ 145.355742481000107, -37.79455661399993 ], [ 145.358861660000116, -37.796895574999951 ], [ 145.369014908000054, -37.797048064999956 ], [ 145.368228878000082, -37.800945874999968 ], [ 145.37413307700001, -37.801824565999937 ], [ 145.374431506000064, -37.808772575999967 ], [ 145.373189736000086, -37.810327315999984 ], [ 145.372475906000091, -37.80981913599993 ], [ 145.371571656000015, -37.813611155999979 ], [ 145.366593857000112, -37.813260854999953 ], [ 145.365668877000076, -37.814346864999948 ], [ 145.36369787700005, -37.814166864999947 ], [ 145.363416937000011, -37.815581794999957 ], [ 145.361881197000116, -37.815485464999938 ], [ 145.360575518000019, -37.813903694999965 ], [ 145.3576407380001, -37.816962394999962 ], [ 145.357548938000036, -37.819297534999976 ], [ 145.352716998000119, -37.81920370399996 ], [ 145.351791098000035, -37.820680223999943 ], [ 145.349457769000082, -37.820977573999983 ], [ 145.347868409000057, -37.818965723999952 ] ] ] } },
{ "type": "Feature", "properties": { "suburb": "Moorabbin" }, "geometry": { "type": "Polygon", "coordinates": [ [ [ 145.034379371000114, -37.932993042999954 ], [ 145.079539163000049, -37.938738865999937 ], [ 145.077356502000043, -37.949827195999944 ], [ 145.039310079000074, -37.94472583299995 ], [ 145.036882540000079, -37.940313102999937 ], [ 145.036532651000016, -37.935580482999967 ], [ 145.034379371000114, -37.932993042999954 ] ] ] } },
{ "type": "Feature", "properties": { "suburb": "Moorabbin Airport" }, "geometry": { "type": "Polygon", "coordinates": [ [ [ 145.109255922000102, -37.986601398999937 ], [ 145.093288785000027, -37.984204876999968 ], [ 145.093449896000038, -37.980915856999957 ], [ 145.090803356000038, -37.980594076999978 ], [ 145.091488896000101, -37.976974846999951 ], [ 145.086250057000029, -37.976238716999944 ], [ 145.087070938000011, -37.969244056999969 ], [ 145.111691903000064, -37.972258848999957 ], [ 145.109255922000102, -37.986601398999937 ] ] ] } },
{ "type": "Feature", "properties": { "suburb": "Moorooduc" }, "geometry": { "type": "Polygon", "coordinates": [ [ [ 145.143580532000101, -38.204025061999971 ], [ 145.14398148061224, -38.204685381599937 ], [ 145.141867928021014, -38.204685381599937 ], [ 145.143580532000101, -38.204025061999971 ] ] ] } },
{ "type": "Feature", "properties": { "suburb": "Mooroolbark" }, "geometry": { "type": "Polygon", "coordinates": [ [ [ 145.316058122000072, -37.758427000999973 ], [ 145.334315748000108, -37.761124732999974 ], [ 145.332355697000025, -37.771371302999967 ], [ 145.329073877000042, -37.775130861999969 ], [ 145.344408945000055, -37.77640874399998 ], [ 145.343582954000112, -37.780816293999976 ], [ 145.34581886400008, -37.781088853999961 ], [ 145.345107884000072, -37.784697853999944 ], [ 145.349681883000017, -37.784672733999969 ], [ 145.353471962000071, -37.786429183999985 ], [ 145.345874713000057, -37.790770393999935 ], [ 145.348934832000054, -37.793234973999972 ], [ 145.346260152000013, -37.794505553999954 ], [ 145.344652692000068, -37.802734603999966 ], [ 145.328832865000095, -37.800234892999981 ], [ 145.32294902600006, -37.794952351999939 ], [ 145.32030230700002, -37.794652561999953 ], [ 145.314328098000033, -37.791718471999957 ], [ 145.313522398000032, -37.795943241999964 ], [ 145.31050489800009, -37.795573470999955 ], [ 145.310852709000073, -37.793774880999933 ], [ 145.307911429000114, -37.793929060999972 ], [ 145.307008569000118, -37.792343610999978 ], [ 145.308621359000085, -37.78955272099995 ], [ 145.305693510000083, -37.789217550999979 ], [ 145.306334270000093, -37.785624760999951 ], [ 145.305271571000048, -37.784339290999981 ], [ 145.305471341000043, -37.783122210999977 ], [ 145.307419300000106, -37.783671210999955 ], [ 145.305955181000058, -37.779897790999939 ], [ 145.307879421000052, -37.777526550999937 ], [ 145.303463982000039, -37.775735550999968 ], [ 145.298166963000085, -37.770779159999961 ], [ 145.304234862000044, -37.77164486099997 ], [ 145.304924712000116, -37.768222440999978 ], [ 145.308299612000042, -37.768581360999974 ], [ 145.30894073200011, -37.764906130999975 ], [ 145.314759341000013, -37.765550960999974 ], [ 145.316058122000072, -37.758427000999973 ] ] ] } },
{ "type": "Feature", "properties": { "suburb": "Mordialloc" }, "geometry": { "type": "Polygon", "coordinates": [ [ [ 145.091530214000045, -37.999220826999931 ], [ 145.094269835000091, -37.984771876999957 ], [ 145.109255922000102, -37.986601398999937 ], [ 145.10747786200011, -37.989464667999982 ], [ 145.10339599100007, -38.01185894799994 ], [ 145.097754012000109, -38.010260997999978 ], [ 145.09122693300003, -38.010920996999971 ], [ 145.088344823000057, -38.009197026999971 ], [ 145.08430803400006, -38.011183996999932 ], [ 145.08095671500007, -38.005631606999941 ], [ 145.08194702600008, -38.000323426999955 ], [ 145.082680935000099, -38.000096836999944 ], [ 145.081658896000022, -37.998301856999944 ], [ 145.091530214000045, -37.999220826999931 ] ] ] } },
{ "type": "Feature", "properties": { "suburb": "Mornington" }, "geometry": { "type": "Polygon", "coordinates": [ [ [ 145.056065888000035, -38.204582825999978 ], [ 145.061243777000072, -38.201422846999947 ], [ 145.06220587700011, -38.203051846999983 ], [ 145.062078614588927, -38.204685381599937 ], [ 145.056065888000035, -38.204582825999978 ] ] ] } },
{ "type": "Feature", "properties": { "suburb": "Mount Burnett" }, "geometry": { "type": "Polygon", "coordinates": [ [ [ 145.530934289000015, -37.982267787999945 ], [ 145.522490821000019, -37.98049687699995 ], [ 145.522088811000117, -37.982621876999929 ], [ 145.518523821000031, -37.982173886999931 ], [ 145.517660811000042, -37.986744876999978 ], [ 145.512375832000089, -37.986079876999952 ], [ 145.511380842000108, -37.991169876999948 ], [ 145.495072825000079, -37.98915487499994 ], [ 145.493302835, -37.987000884999929 ], [ 145.494436816000075, -37.982225884999934 ], [ 145.493311856000105, -37.980353864999984 ], [ 145.494562816000098, -37.978117884999961 ], [ 145.494044476000113, -37.976473434999946 ], [ 145.493609836000019, -37.977108854999983 ], [ 145.48256526800003, -37.975785813999948 ], [ 145.481635829000084, -37.973828883999943 ], [ 145.481648829000051, -37.972006873999931 ], [ 145.486701808000021, -37.968746874999965 ], [ 145.483861820000016, -37.960796873999982 ], [ 145.49603482800012, -37.962287874999959 ], [ 145.495634827000117, -37.963635884999974 ], [ 145.497327837000057, -37.966806874999975 ], [ 145.496270027000037, -37.969462514999975 ], [ 145.499024836000103, -37.968811865999953 ], [ 145.50068882700009, -37.960249885999929 ], [ 145.518799834000106, -37.962915876999944 ], [ 145.522637813000074, -37.962036876999946 ], [ 145.529052832000048, -37.962804877999929 ], [ 145.527073691000055, -37.973295567999969 ], [ 145.536018819000105, -37.974334877999979 ], [ 145.53731583900003, -37.973431877999928 ], [ 145.540504808000037, -37.975377868999942 ], [ 145.539416199000016, -37.97544126799994 ], [ 145.538309518000119, -37.980991417999974 ], [ 145.533637009000017, -37.980421687999979 ], [ 145.533907879000026, -37.979075887999954 ], [ 145.535663229000079, -37.979293967999979 ], [ 145.536102839000023, -37.97734941799996 ], [ 145.533987769000078, -37.977296947999946 ], [ 145.531704850000096, -37.978360177999946 ], [ 145.530934289000015, -37.982267787999945 ] ] ] } },
{ "type": "Feature", "properties": { "suburb": "Mount Cottrell" }, "geometry": { "type": "Polygon", "coordinates": [ [ [ 144.654021959000033, -37.829813256999955 ], [ 144.617834045000109, -37.825904803999947 ], [ 144.614676464000013, -37.842084713999952 ], [ 144.609012466000081, -37.839142163999952 ], [ 144.61048728600008, -37.835513143999947 ], [ 144.608117306000054, -37.835500173999947 ], [ 144.60313936700004, -37.832442182999955 ], [ 144.602833278000048, -37.830371182999954 ], [ 144.604421167000055, -37.828632202999984 ], [ 144.603820158000076, -37.82754719299993 ], [ 144.596719309000036, -37.824252122999951 ], [ 144.59168851000004, -37.825508121999974 ], [ 144.588770561000047, -37.824778131999949 ], [ 144.590429480000012, -37.824076111999943 ], [ 144.591488390000109, -37.822256101999983 ], [ 144.588294272000098, -37.816077101999952 ], [ 144.586921292000056, -37.816214091999939 ], [ 144.585963452000101, -37.819224131999931 ], [ 144.58464442200011, -37.818872131999967 ], [ 144.582834532000106, -37.820549161999963 ], [ 144.572687674000122, -37.818519210999966 ], [ 144.57331660400007, -37.816791200999944 ], [ 144.578189463000058, -37.815841170999931 ], [ 144.57667738400005, -37.811651160999929 ], [ 144.577566344000047, -37.806136120999952 ], [ 144.582332104000102, -37.801612081999963 ], [ 144.578192175000027, -37.799386100999982 ], [ 144.584378005000076, -37.79471700199997 ], [ 144.588293914000019, -37.794259991999979 ], [ 144.590864024000098, -37.789187811999966 ], [ 144.587860035000062, -37.786848821999968 ], [ 144.590490005000106, -37.784456801999966 ], [ 144.589143005000096, -37.781605811999952 ], [ 144.58397001600008, -37.778936811999984 ], [ 144.583015427000078, -37.775626070999976 ], [ 144.579558438000049, -37.773212120999972 ], [ 144.578173518000085, -37.770113400999946 ], [ 144.579986988000087, -37.764678810999953 ], [ 144.579230019000079, -37.761447820999933 ], [ 144.582324009000104, -37.758134820999942 ], [ 144.576245010000093, -37.753538810999942 ], [ 144.576895001000025, -37.750242810999964 ], [ 144.575230021000039, -37.748205810999934 ], [ 144.612265024000067, -37.751666812999929 ], [ 144.613281995000079, -37.746173812999984 ], [ 144.659758017000058, -37.744386085999963 ], [ 144.6592227860001, -37.750296965999951 ], [ 144.657734717000039, -37.750105825999981 ], [ 144.65465692500004, -37.771294395999973 ], [ 144.681906070000082, -37.774695417999965 ], [ 144.677722657000118, -37.803004117999933 ], [ 144.659460871000078, -37.800932526999929 ], [ 144.654021959000033, -37.829813256999955 ] ] ] } },
{ "type": "Feature", "properties": { "suburb": "Mount Dandenong" }, "geometry": { "type": "Polygon", "coordinates": [ [ [ 145.360780864000048, -37.847470874999942 ], [ 145.357794584000089, -37.84753395499996 ], [ 145.355457855000054, -37.84587386499993 ], [ 145.354144875000088, -37.846823874999984 ], [ 145.352915885000016, -37.846230854999931 ], [ 145.348320715000114, -37.853523813999971 ], [ 145.344788756000071, -37.851617793999935 ], [ 145.339555787000108, -37.851137833999985 ], [ 145.338485247000108, -37.852344953999932 ], [ 145.336157238000055, -37.85103552299995 ], [ 145.332129249000104, -37.85100853299997 ], [ 145.334092069000121, -37.841065842999967 ], [ 145.333611470000051, -37.835731442999929 ], [ 145.334262710000075, -37.834358142999974 ], [ 145.338587889000109, -37.834842862999949 ], [ 145.338028890000032, -37.830871892999937 ], [ 145.341062149000095, -37.829520783999953 ], [ 145.340802630000098, -37.828147823999984 ], [ 145.342347639000081, -37.826959793999947 ], [ 145.343531660000053, -37.82388651399998 ], [ 145.34309549000011, -37.822437373999946 ], [ 145.343722490000118, -37.822978483999975 ], [ 145.344763500000113, -37.82223877399997 ], [ 145.343334450000043, -37.820957843999963 ], [ 145.345615190000103, -37.819362803999979 ], [ 145.347868409000057, -37.818965723999952 ], [ 145.349457769000082, -37.820977573999983 ], [ 145.351791098000035, -37.820680223999943 ], [ 145.352716998000119, -37.81920370399996 ], [ 145.357548938000036, -37.819297534999976 ], [ 145.362105086000042, -37.822961264999947 ], [ 145.367870474000028, -37.832947115999957 ], [ 145.370006494000108, -37.833874335999951 ], [ 145.367188874000021, -37.83541087499998 ], [ 145.36944487400001, -37.83727186599998 ], [ 145.367866864000121, -37.838466865999976 ], [ 145.3681801030001, -37.841763425999943 ], [ 145.367168873000082, -37.842435855999952 ], [ 145.360447875000091, -37.842603854999936 ], [ 145.360373855000034, -37.84162487499998 ], [ 145.358472855000059, -37.841156864999959 ], [ 145.360902624000119, -37.845106854999983 ], [ 145.360780864000048, -37.847470874999942 ] ] ] } },
{ "type": "Feature", "properties": { "suburb": "Mount Eliza" }, "geometry": { "type": "Polygon", "coordinates": [ [ [ 145.087556117000076, -38.164224457999978 ], [ 145.091204976000085, -38.162607367999954 ], [ 145.093468965000056, -38.164203368999949 ], [ 145.097910835000107, -38.162391268999954 ], [ 145.099927894000075, -38.164403128999936 ], [ 145.100400934000049, -38.166596578999929 ], [ 145.102078694000056, -38.165912008999953 ], [ 145.128757845000109, -38.200074030999929 ], [ 145.11881025321307, -38.204685381599937 ], [ 145.062078614588927, -38.204685381599937 ], [ 145.061243777000072, -38.201422846999947 ], [ 145.065149057000099, -38.197533846999931 ], [ 145.071284887000047, -38.188739876999932 ], [ 145.073962927000025, -38.180267796999942 ], [ 145.078379757000107, -38.175536867999938 ], [ 145.078298037000081, -38.173868797999944 ], [ 145.081207927000037, -38.172555887999977 ], [ 145.081617967000057, -38.171318837999934 ], [ 145.082400967000012, -38.171916887999942 ], [ 145.084033896000051, -38.171015807999936 ], [ 145.087556117000076, -38.164224457999978 ] ] ] } },
{ "type": "Feature", "properties": { "suburb": "Mount Evelyn" }, "geometry": { "type": "Polygon", "coordinates": [ [ [ 145.375020101000018, -37.764089465999973 ], [ 145.402340096000103, -37.766912827999931 ], [ 145.403298805000077, -37.769540307999932 ], [ 145.405260565000049, -37.770198207999954 ], [ 145.402252345000079, -37.770659227999943 ], [ 145.404327485000067, -37.773140797999929 ], [ 145.406382394000047, -37.772384337999938 ], [ 145.407394244000102, -37.77304881799995 ], [ 145.406210704000046, -37.776362077999977 ], [ 145.408963053000093, -37.777091657999961 ], [ 145.408077523000088, -37.778007037999942 ], [ 145.409044773000119, -37.778792307999936 ], [ 145.407125313000051, -37.780199747999973 ], [ 145.410886023000103, -37.781428447999929 ], [ 145.409387073000062, -37.782573467999953 ], [ 145.4083330630001, -37.786052527999971 ], [ 145.410571172000118, -37.788937747999967 ], [ 145.41054168200003, -37.79059131799994 ], [ 145.412747001000071, -37.794745447999958 ], [ 145.413314361000062, -37.794425237999974 ], [ 145.418650659000036, -37.800357758999951 ], [ 145.400242651000099, -37.810892677999959 ], [ 145.395371692000026, -37.809935766999956 ], [ 145.391679534000104, -37.80172383699994 ], [ 145.38922754400005, -37.800313896999967 ], [ 145.382426605000092, -37.800270995999938 ], [ 145.382100405000074, -37.801753455999972 ], [ 145.382927275000043, -37.801858445999983 ], [ 145.382040105000101, -37.806118215999959 ], [ 145.374431506000064, -37.808772575999967 ], [ 145.37413307700001, -37.801824565999937 ], [ 145.368228878000082, -37.800945874999968 ], [ 145.369014908000054, -37.797048064999956 ], [ 145.35941635000006, -37.796939624999936 ], [ 145.36207545100001, -37.78489355499994 ], [ 145.364111061000017, -37.779983414999947 ], [ 145.363056242000084, -37.773536494999973 ], [ 145.364223332000051, -37.774000894999972 ], [ 145.365962161000084, -37.772438664999981 ], [ 145.367833801000074, -37.773117984999942 ], [ 145.369617891000075, -37.772250874999941 ], [ 145.372104120000017, -37.773108814999944 ], [ 145.374993860000018, -37.77255086599996 ], [ 145.377169879000121, -37.77428787599996 ], [ 145.377954809000016, -37.772825815999965 ], [ 145.377371870000047, -37.771379855999953 ], [ 145.37422813000012, -37.769412305999936 ], [ 145.375881210000102, -37.767603785999938 ], [ 145.375020101000018, -37.764089465999973 ] ] ] } },
{ "type": "Feature", "properties": { "suburb": "Mount Toolebewong" }, "geometry": { "type": "Polygon", "coordinates": [ [ [ 145.553081868000049, -37.692359877999934 ], [ 145.563124396000035, -37.693625677999933 ], [ 145.566973836000102, -37.691624868999952 ], [ 145.567538856000056, -37.690444888999934 ], [ 145.567406835000043, -37.694984878999946 ], [ 145.576460034000092, -37.696269998999981 ], [ 145.572148254000012, -37.701296298999978 ], [ 145.575637833000087, -37.705218878999972 ], [ 145.573754843000074, -37.707619878999935 ], [ 145.57323584300002, -37.710416878999979 ], [ 145.582012851000059, -37.711459889999958 ], [ 145.579564830000095, -37.724327879999976 ], [ 145.574812861000055, -37.723746878999975 ], [ 145.573285850000048, -37.731600878999984 ], [ 145.578378839000038, -37.732176869999932 ], [ 145.577284859000088, -37.738250889999961 ], [ 145.575745839000092, -37.738079869999979 ], [ 145.575340829000083, -37.740206869999952 ], [ 145.540988865000031, -37.737451886999963 ], [ 145.542514816000107, -37.73022687699995 ], [ 145.540847866000036, -37.730010866999976 ], [ 145.541487857000106, -37.720932886999947 ], [ 145.542375867000032, -37.72104887699993 ], [ 145.543720857000039, -37.717914866999934 ], [ 145.544260867000048, -37.716046886999948 ], [ 145.54298282700006, -37.715814876999957 ], [ 145.544261857000038, -37.711823876999972 ], [ 145.545888847000015, -37.712141866999957 ], [ 145.547841847000086, -37.708830866999961 ], [ 145.545148848000053, -37.708287876999975 ], [ 145.546320858000058, -37.703733876999934 ], [ 145.556173487000024, -37.696623477999935 ], [ 145.553081868000049, -37.692359877999934 ] ] ] } },
{ "type": "Feature", "properties": { "suburb": "Mount Waverley" }, "geometry": { "type": "Polygon", "coordinates": [ [ [ 145.113993856000093, -37.85550055799996 ], [ 145.150759969000092, -37.859756450999953 ], [ 145.142937216000064, -37.90124273999993 ], [ 145.106153983000013, -37.897001167999974 ], [ 145.113993856000093, -37.85550055799996 ] ] ] } },
{ "type": "Feature", "properties": { "suburb": "Mulgrave" }, "geometry": { "type": "Polygon", "coordinates": [ [ [ 145.172600469000031, -37.920276041999955 ], [ 145.205652892000103, -37.924387854999964 ], [ 145.204828862000113, -37.926026854999975 ], [ 145.2054288920001, -37.92778485499997 ], [ 145.206816872000104, -37.928022864999946 ], [ 145.206198892000089, -37.928704864999929 ], [ 145.206974882000054, -37.929567854999959 ], [ 145.206117902000074, -37.929870864999941 ], [ 145.206763871000021, -37.931562854999981 ], [ 145.210444861000042, -37.933528854999963 ], [ 145.209458891000054, -37.933982854999954 ], [ 145.210714890000077, -37.934226854999963 ], [ 145.211224870000024, -37.935712844999955 ], [ 145.214062890000037, -37.935612854999931 ], [ 145.215706889000103, -37.937164855999981 ], [ 145.218327879000071, -37.936751865999952 ], [ 145.220098888000052, -37.939582865999967 ], [ 145.21916386800001, -37.940134845999978 ], [ 145.192500623000115, -37.937587023999981 ], [ 145.156733850000023, -37.933132520999948 ], [ 145.14754399200001, -37.927169670999945 ], [ 145.149079283000106, -37.918993690999969 ], [ 145.150386463000018, -37.917553300999941 ], [ 145.149321943000018, -37.917421520999937 ], [ 145.150674994000042, -37.909760930999937 ], [ 145.151622903000089, -37.909871820999967 ], [ 145.152929094000115, -37.90494929099998 ], [ 145.152822804000039, -37.902602650999938 ], [ 145.16141063200007, -37.903524291999929 ], [ 145.160689902000058, -37.909616851999942 ], [ 145.165482891000011, -37.911832861999983 ], [ 145.165870631000075, -37.913258601999985 ], [ 145.172600469000031, -37.920276041999955 ] ] ] } },
{ "type": "Feature", "properties": { "suburb": "Murrindindi" }, "geometry": { "type": "Polygon", "coordinates": [ [ [ 145.58390908380008, -37.461184562230997 ], [ 145.572983041000043, -37.460554927999965 ], [ 145.512951901000065, -37.457061862999979 ], [ 145.513530360417576, -37.454098379399944 ], [ 145.58390908380008, -37.454098379399944 ], [ 145.58390908380008, -37.461184562230997 ] ] ] } },
{ "type": "Feature", "properties": { "suburb": "Nangana" }, "geometry": { "type": "Polygon", "coordinates": [ [ [ 145.525029414000073, -37.86037039699994 ], [ 145.519039145000079, -37.857783335999954 ], [ 145.522554825000043, -37.857894876999978 ], [ 145.528126983000107, -37.861571086999959 ], [ 145.530745273000093, -37.864361536999979 ], [ 145.530701002000114, -37.866466996999975 ], [ 145.534705992000113, -37.866126336999969 ], [ 145.5370859410001, -37.866967577999958 ], [ 145.539543301000094, -37.868953977999979 ], [ 145.540072520000081, -37.871106507999968 ], [ 145.547070219000034, -37.871765307999965 ], [ 145.545351839000091, -37.87488888799993 ], [ 145.545274819000042, -37.87570188799998 ], [ 145.547868838000113, -37.877045877999933 ], [ 145.545385818000113, -37.880067887999985 ], [ 145.545960838000042, -37.883252887999959 ], [ 145.547028827000076, -37.886254877999932 ], [ 145.550377816000037, -37.888117888999943 ], [ 145.550514866000071, -37.889649978999955 ], [ 145.537052839000012, -37.887876917999961 ], [ 145.536839709000105, -37.888959427999964 ], [ 145.535835669000107, -37.888834797999948 ], [ 145.536049849000051, -37.887745887999984 ], [ 145.534995769000034, -37.887606817999938 ], [ 145.535758980000082, -37.883758877999981 ], [ 145.533735790000037, -37.883504887999948 ], [ 145.531950900000083, -37.883363866999957 ], [ 145.531498780000106, -37.887181836999957 ], [ 145.528872890000116, -37.89023491699993 ], [ 145.525518431000023, -37.887389926999958 ], [ 145.526871311000036, -37.885257026999966 ], [ 145.525547601000085, -37.883020966999936 ], [ 145.52682199100002, -37.882040156999949 ], [ 145.526515612000026, -37.879145656999981 ], [ 145.52892961200007, -37.875847336999982 ], [ 145.528291522000018, -37.870855306999943 ], [ 145.526302493000117, -37.868458356999952 ], [ 145.526772433000019, -37.863609356999973 ], [ 145.525029414000073, -37.86037039699994 ] ] ] } },
{ "type": "Feature", "properties": { "suburb": "Nar Nar Goon" }, "geometry": { "type": "Polygon", "coordinates": [ [ [ 145.542862577000051, -38.159593789999974 ], [ 145.54118956800005, -38.154970189999972 ], [ 145.549789261000114, -38.118665899999939 ], [ 145.548412631000019, -38.118618289999972 ], [ 145.543863811000051, -38.121498879999933 ], [ 145.539550132000045, -38.122075008999957 ], [ 145.54479927400007, -38.096421229999976 ], [ 145.53406579600005, -38.095026878999931 ], [ 145.535980987000016, -38.085772918999965 ], [ 145.528512548000094, -38.084778467999968 ], [ 145.530569209000078, -38.075116347999938 ], [ 145.519959681000046, -38.073772917999975 ], [ 145.521847131000072, -38.065161057999944 ], [ 145.528085751000049, -38.06410436799996 ], [ 145.58390908380008, -38.070068019108966 ], [ 145.58390908380008, -38.145517718643646 ], [ 145.581289772000105, -38.14610189299998 ], [ 145.580251821000047, -38.151344881999933 ], [ 145.542862577000051, -38.159593789999974 ] ] ] } },
{ "type": "Feature", "properties": { "suburb": "Nar Nar Goon North" }, "geometry": { "type": "Polygon", "coordinates": [ [ [ 145.526704813000038, -38.048099867999952 ], [ 145.528772833000062, -38.038568877999978 ], [ 145.536120822000044, -38.039121878999936 ], [ 145.535549822000121, -38.037306878999971 ], [ 145.536644822000085, -38.033579868999936 ], [ 145.533079833000102, -38.031595877999962 ], [ 145.535102803000086, -38.027149878999978 ], [ 145.531080324000072, -38.026766097999939 ], [ 145.541207433000068, -38.019860588999961 ], [ 145.531019915000115, -38.017480057999933 ], [ 145.533990326000094, -38.009269467999957 ], [ 145.538069125000106, -38.010235158999933 ], [ 145.537289815, -38.012455888999966 ], [ 145.544476803000066, -38.01410188899996 ], [ 145.545061793000059, -38.015129158999969 ], [ 145.545713323000086, -38.013326568999958 ], [ 145.547865212000033, -38.016359388999945 ], [ 145.549604363000071, -38.007646568999974 ], [ 145.544414464000056, -38.006944218999934 ], [ 145.54482126400012, -38.004626188999964 ], [ 145.546515774000113, -38.003083938999964 ], [ 145.544167875000085, -37.997291808999933 ], [ 145.542279106000024, -37.997047388999931 ], [ 145.542942826000058, -37.993135878999965 ], [ 145.539897957000107, -37.991784448999965 ], [ 145.540704647000098, -37.991575548999947 ], [ 145.541376067000101, -37.988172878999933 ], [ 145.547028746000024, -37.988868718999981 ], [ 145.5464008350001, -37.992412878999971 ], [ 145.552838814000097, -37.99321606999996 ], [ 145.553839824000079, -37.99716387999996 ], [ 145.555900873000041, -37.998972329999958 ], [ 145.555401803000109, -38.00180617999996 ], [ 145.559150793000072, -37.998332879999964 ], [ 145.562474812000119, -37.998450889999958 ], [ 145.565758792000111, -37.996935889999975 ], [ 145.567492832000084, -37.994154870999978 ], [ 145.569775831000015, -37.992637870999943 ], [ 145.57686982000007, -37.992949880999959 ], [ 145.577293810000015, -37.995267890999969 ], [ 145.580103839000117, -37.999732881999932 ], [ 145.579536988000086, -38.004997211999978 ], [ 145.583603818000029, -38.004845881999984 ], [ 145.581910837, -38.013316341999939 ], [ 145.58390908380008, -38.013556181224459 ], [ 145.58390908380008, -38.070068019108966 ], [ 145.527329911000038, -38.064121817999933 ], [ 145.530553812000107, -38.048640887999966 ], [ 145.526704813000038, -38.048099867999952 ] ] ] } },
{ "type": "Feature", "properties": { "suburb": "Narbethong" }, "geometry": { "type": "Polygon", "coordinates": [ [ [ 145.58340070700001, -37.568913688999942 ], [ 145.581660457000112, -37.571236678999981 ], [ 145.578903947000072, -37.570363938999947 ], [ 145.579598757000099, -37.569440898999972 ], [ 145.578070908000086, -37.567863828999975 ], [ 145.578374768000117, -37.565606908999939 ], [ 145.576261899000087, -37.560217868999985 ], [ 145.573528769000063, -37.559680857999979 ], [ 145.574037839000084, -37.558862837999982 ], [ 145.572707960000116, -37.555876907999959 ], [ 145.570796750000113, -37.556474857999945 ], [ 145.569457890000081, -37.555811927999969 ], [ 145.565787712000088, -37.550886957999978 ], [ 145.566273012000011, -37.549169927999969 ], [ 145.563983732000111, -37.547867897999936 ], [ 145.562423873000057, -37.547828826999933 ], [ 145.561913023000102, -37.547337896999977 ], [ 145.564757722000081, -37.54709289799996 ], [ 145.570088981000026, -37.54888983799998 ], [ 145.570989691000023, -37.54720595799995 ], [ 145.57406375100004, -37.546107867999979 ], [ 145.573177791000035, -37.54534790799994 ], [ 145.575081811000018, -37.544996807999951 ], [ 145.57133206200001, -37.542636827999956 ], [ 145.569452862000048, -37.538001927999971 ], [ 145.560365015000116, -37.529860866999968 ], [ 145.562168995000093, -37.527179866999973 ], [ 145.562725915000101, -37.524107906999973 ], [ 145.559992867000119, -37.516206866999937 ], [ 145.561070307000023, -37.514672966999967 ], [ 145.56488602100012, -37.466033446999973 ], [ 145.56811102100005, -37.466127406999931 ], [ 145.569871301000035, -37.460373816999947 ], [ 145.58390908380008, -37.461184562230997 ], [ 145.58340070700001, -37.568913688999942 ] ] ] } },
{ "type": "Feature", "properties": { "suburb": "Narre Warren" }, "geometry": { "type": "Polygon", "coordinates": [ [ [ 145.315978123000036, -38.019087672999945 ], [ 145.312975743000038, -38.021716752999964 ], [ 145.317045132000089, -38.025234502999979 ], [ 145.317893862000119, -38.024651862999974 ], [ 145.322915350000017, -38.027838533999955 ], [ 145.3229948500001, -38.029616863999934 ], [ 145.331616288000077, -38.038909423999939 ], [ 145.331123798000021, -38.03967122399996 ], [ 145.322667879000051, -38.038609853999958 ], [ 145.322150859000089, -38.043051853999941 ], [ 145.319577859000105, -38.045571872999972 ], [ 145.308204861000036, -38.045994872999984 ], [ 145.301946832000112, -38.043062861999942 ], [ 145.298390854000104, -38.038031861999968 ], [ 145.298276864000059, -38.034864861999949 ], [ 145.29980183400005, -38.032231871999954 ], [ 145.299230834000014, -38.030718861999958 ], [ 145.293566836000082, -38.027408861999959 ], [ 145.29133588600007, -38.024968860999934 ], [ 145.285997507000047, -38.025322280999944 ], [ 145.287172508000026, -38.019611890999954 ], [ 145.284057598000118, -38.019259320999936 ], [ 145.283690849000095, -38.011190860999932 ], [ 145.282932779000021, -38.01089080099996 ], [ 145.284107210000116, -38.00479513099998 ], [ 145.287864299000034, -38.005103260999931 ], [ 145.289599689000056, -37.999541890999978 ], [ 145.286384410000096, -37.998961880999957 ], [ 145.288479730000063, -37.996276270999942 ], [ 145.292302519000032, -37.994778900999961 ], [ 145.296480709000093, -37.996135481999943 ], [ 145.302841528000044, -37.995410341999957 ], [ 145.315965685000037, -37.997150132999934 ], [ 145.3203555340001, -37.999320132999969 ], [ 145.322195863000047, -38.001794042999961 ], [ 145.322680873000081, -38.004847612999981 ], [ 145.321920503000115, -38.008120062999978 ], [ 145.319561223000051, -38.008549852999977 ], [ 145.318772203000094, -38.012029502999951 ], [ 145.321264862000021, -38.012541852999959 ], [ 145.321168062000083, -38.014279562999945 ], [ 145.318815853000046, -38.014459862999956 ], [ 145.318258862000107, -38.017232862999947 ], [ 145.315976123000041, -38.017911152999943 ], [ 145.315978123000036, -38.019087672999945 ] ] ] } },
{ "type": "Feature", "properties": { "suburb": "Narre Warren East" }, "geometry": { "type": "Polygon", "coordinates": [ [ [ 145.347580884000081, -37.953773464999983 ], [ 145.352647563000119, -37.95746094499998 ], [ 145.356506853000042, -37.952920874999961 ], [ 145.360179882000011, -37.954877865999947 ], [ 145.361606852000023, -37.953261865999934 ], [ 145.365572861000032, -37.95536786599996 ], [ 145.363489841000046, -37.957844875999967 ], [ 145.361643861000061, -37.957854865999934 ], [ 145.362426601000038, -37.960913335999976 ], [ 145.375605839000059, -37.959057866999956 ], [ 145.375555869000095, -37.955253876999961 ], [ 145.37649186900012, -37.955243866999979 ], [ 145.375016870000081, -37.953849876999982 ], [ 145.374732870000116, -37.951619866999977 ], [ 145.385154818000046, -37.951610506999941 ], [ 145.38442795800006, -37.954392756999937 ], [ 145.38227912800005, -37.95592753699998 ], [ 145.38812606700003, -37.957290377999982 ], [ 145.387966045000098, -37.971259117999978 ], [ 145.38426706600012, -37.970628577999946 ], [ 145.383518956000103, -37.974659577999944 ], [ 145.379876477000039, -37.973750136999968 ], [ 145.379217327000106, -37.975014666999982 ], [ 145.366818499000033, -37.973453745999961 ], [ 145.357968521000089, -37.971280815999933 ], [ 145.319246848000034, -37.966320862999964 ], [ 145.327437087000021, -37.965301293999971 ], [ 145.330585867000082, -37.95819787399995 ], [ 145.333993877000012, -37.955785853999942 ], [ 145.336520877000112, -37.950431863999938 ], [ 145.347580884000081, -37.953773464999983 ] ] ] } },
{ "type": "Feature", "properties": { "suburb": "Narre Warren North" }, "geometry": { "type": "Polygon", "coordinates": [ [ [ 145.335136862000013, -37.992243863999931 ], [ 145.335222862000023, -37.993951853999931 ], [ 145.33184785200001, -37.998485853999966 ], [ 145.334016792000057, -37.999381823999954 ], [ 145.333169371000054, -38.003451163999955 ], [ 145.330933852000044, -38.003175863999957 ], [ 145.330009962000076, -38.005848073999971 ], [ 145.322680873000081, -38.004847612999981 ], [ 145.322352083000055, -38.002204352999968 ], [ 145.320785354, -37.999728532999939 ], [ 145.315147055000011, -37.996995692999974 ], [ 145.302841528000044, -37.995410341999957 ], [ 145.296480709000093, -37.996135481999943 ], [ 145.292302519000032, -37.994778900999961 ], [ 145.288479730000063, -37.996276270999942 ], [ 145.286384410000096, -37.998961880999957 ], [ 145.275179132000062, -37.99719043999994 ], [ 145.280924884000115, -37.967527899999936 ], [ 145.282399674000089, -37.96640747999993 ], [ 145.281578855000021, -37.964431869999942 ], [ 145.282104455000081, -37.961940689999949 ], [ 145.289034314000105, -37.96282262099993 ], [ 145.29116280300002, -37.964602010999954 ], [ 145.317004878000034, -37.967830852999953 ], [ 145.319246848000034, -37.966320862999964 ], [ 145.36099773, -37.972040935999985 ], [ 145.360449870000025, -37.975235875999942 ], [ 145.353858840000044, -37.980953864999947 ], [ 145.352228860000082, -37.988603854999951 ], [ 145.345708941000112, -37.988268524999967 ], [ 145.34185286100012, -37.990390864999938 ], [ 145.337861732000079, -37.990813903999936 ], [ 145.335136862000013, -37.992243863999931 ] ] ] } },
{ "type": "Feature", "properties": { "suburb": "Narre Warren South" }, "geometry": { "type": "Polygon", "coordinates": [ [ [ 145.330544825000061, -38.068119853999974 ], [ 145.331839844000115, -38.069739863999985 ], [ 145.336158853000029, -38.07031985499998 ], [ 145.335350273000017, -38.074498024999968 ], [ 145.298209050000082, -38.069887421999965 ], [ 145.297839700000054, -38.071786501999952 ], [ 145.295258500000045, -38.071472501999949 ], [ 145.290440242000045, -38.068759991999968 ], [ 145.279818564000038, -38.067342460999953 ], [ 145.288573307000092, -38.02474627099997 ], [ 145.291752856000016, -38.025174860999982 ], [ 145.293566836000082, -38.027408861999959 ], [ 145.299320874000045, -38.03081186199995 ], [ 145.29980183400005, -38.032231871999954 ], [ 145.298276864000059, -38.034864861999949 ], [ 145.298210834000088, -38.037489861999973 ], [ 145.301946832000112, -38.043062861999942 ], [ 145.308204861000036, -38.045994872999984 ], [ 145.319577859000105, -38.045571872999972 ], [ 145.318121839000014, -38.049200862999953 ], [ 145.320641838000029, -38.052677863999975 ], [ 145.321168858000078, -38.056721853999932 ], [ 145.322637837000116, -38.058001203999936 ], [ 145.329870306000089, -38.058813983999983 ], [ 145.327880735000122, -38.067786203999958 ], [ 145.330544825000061, -38.068119853999974 ] ] ] } },
{ "type": "Feature", "properties": { "suburb": "New Gisborne" }, "geometry": { "type": "Polygon", "coordinates": [ [ [ 144.639010871000096, -37.454099952999968 ], [ 144.63853994100009, -37.45660393299994 ], [ 144.63970955100001, -37.458398002999957 ], [ 144.641389570000115, -37.459379652999985 ], [ 144.644184270000096, -37.458893473999979 ], [ 144.64711765900006, -37.461939223999934 ], [ 144.645602328000109, -37.468290013999933 ], [ 144.652350517000059, -37.468339683999943 ], [ 144.651901757000019, -37.468766143999972 ], [ 144.637537549000058, -37.476097422999942 ], [ 144.619601412000065, -37.473962571999948 ], [ 144.604268344000047, -37.482170150999934 ], [ 144.598239136000075, -37.476219550999929 ], [ 144.583162189000063, -37.467387949999932 ], [ 144.580778230000078, -37.464183598999966 ], [ 144.579138391000015, -37.459771908999983 ], [ 144.580447035338921, -37.454098379399944 ], [ 144.639010871000096, -37.454099952999968 ] ] ] } },
{ "type": "Feature", "properties": { "suburb": "Niddrie" }, "geometry": { "type": "Polygon", "coordinates": [ [ [ 144.892805257000077, -37.735554481999941 ], [ 144.89043713600006, -37.748877181999944 ], [ 144.880491988000017, -37.747279830999958 ], [ 144.882353408000085, -37.743273420999969 ], [ 144.880929949000119, -37.739226820999932 ], [ 144.879687669000077, -37.737843580999936 ], [ 144.876380040000072, -37.737039840999955 ], [ 144.876602110000022, -37.73518145099996 ], [ 144.87435331100005, -37.734596070999942 ], [ 144.873517971000069, -37.732308840999963 ], [ 144.874419991000082, -37.731587840999964 ], [ 144.87250933100006, -37.73052248099998 ], [ 144.883254959000055, -37.734066840999958 ], [ 144.892805257000077, -37.735554481999941 ] ] ] } },
{ "type": "Feature", "properties": { "suburb": "Noble Park North" }, "geometry": { "type": "Polygon", "coordinates": [ [ [ 145.19460101300001, -37.937750973999982 ], [ 145.198714052000014, -37.940958673999944 ], [ 145.19631900100012, -37.955196993999948 ], [ 145.202635939000061, -37.955975654999975 ], [ 145.195083839000063, -37.967530403999945 ], [ 145.176006385000051, -37.950512212999968 ], [ 145.180721894000044, -37.95096386299997 ], [ 145.181553874000087, -37.946429862999935 ], [ 145.184689884000022, -37.946251852999978 ], [ 145.186292893000086, -37.945025863999945 ], [ 145.187117904000047, -37.940386853999939 ], [ 145.185801894000065, -37.938980853999965 ], [ 145.183102865000023, -37.938307862999977 ], [ 145.183443665000027, -37.936484112999949 ], [ 145.19460101300001, -37.937750973999982 ] ] ] } },
{ "type": "Feature", "properties": { "suburb": "North Warrandyte" }, "geometry": { "type": "Polygon", "coordinates": [ [ [ 145.216375111000048, -37.738808223999968 ], [ 145.205420623, -37.741727693999962 ], [ 145.201349414000106, -37.738873292999983 ], [ 145.20309236300011, -37.737259262999942 ], [ 145.208300253000061, -37.736863233999941 ], [ 145.21487211200008, -37.734048143999985 ], [ 145.215114042000096, -37.731421083999976 ], [ 145.21198606300004, -37.72962804399998 ], [ 145.206890183000041, -37.731049083999949 ], [ 145.200908315000106, -37.730696122999973 ], [ 145.198337405000075, -37.734060222999972 ], [ 145.198710464000101, -37.739976312999943 ], [ 145.19772251400002, -37.741318322999973 ], [ 145.191879565000022, -37.737988302999952 ], [ 145.19180751600004, -37.734845252999946 ], [ 145.19436944500012, -37.732713212999954 ], [ 145.193817716000012, -37.73177093299995 ], [ 145.195006846000069, -37.727302652999981 ], [ 145.188854187000061, -37.727607491999947 ], [ 145.189185867000106, -37.725954591999937 ], [ 145.190744307000045, -37.726142422999942 ], [ 145.191214977000072, -37.72363562299995 ], [ 145.191784117000111, -37.725436892999937 ], [ 145.195970156000044, -37.724890472999959 ], [ 145.196339936000072, -37.72296984299993 ], [ 145.197881846000087, -37.72168762299998 ], [ 145.197820556000011, -37.719211622999978 ], [ 145.200892915000054, -37.722518842999932 ], [ 145.202113686000075, -37.710920012999964 ], [ 145.206714736000094, -37.711558243999946 ], [ 145.206852126000058, -37.71075368399994 ], [ 145.20848564500011, -37.710928983999963 ], [ 145.211644205000084, -37.712220993999949 ], [ 145.222765243000026, -37.713589084999967 ], [ 145.225311152000018, -37.715208574999963 ], [ 145.225815142000101, -37.716975934999937 ], [ 145.23262089100001, -37.715869854999937 ], [ 145.236171320000039, -37.717101235999962 ], [ 145.234726510000087, -37.721368625999958 ], [ 145.236385509000115, -37.723774625999965 ], [ 145.23642557900007, -37.72673965599995 ], [ 145.242198498000107, -37.727934645999937 ], [ 145.241798528000118, -37.730004685999972 ], [ 145.240286588000117, -37.731574695999939 ], [ 145.242593607000117, -37.733210705999966 ], [ 145.242864657000041, -37.735629745999972 ], [ 145.241611687000045, -37.736096755999938 ], [ 145.239787707000119, -37.735090765999985 ], [ 145.235975678000045, -37.731374765999931 ], [ 145.22887581000009, -37.731624914999941 ], [ 145.227030810000088, -37.733085974999938 ], [ 145.228786899000056, -37.736578994999945 ], [ 145.230399869000053, -37.737580974999958 ], [ 145.229907919000084, -37.73871500499996 ], [ 145.225644940000052, -37.736123064999958 ], [ 145.220464021000112, -37.736111164999954 ], [ 145.216375111000048, -37.738808223999968 ] ] ] } },
{ "type": "Feature", "properties": { "suburb": "Notting Hill" }, "geometry": { "type": "Polygon", "coordinates": [ [ [ 145.128233848000036, -37.905091848999973 ], [ 145.129211718000079, -37.89967680899997 ], [ 145.152822804000039, -37.902602650999938 ], [ 145.151622903000089, -37.909871820999967 ], [ 145.150674994000042, -37.909760930999937 ], [ 145.150458803000106, -37.910933480999972 ], [ 145.141328875000113, -37.909844649999968 ], [ 145.141955765000034, -37.906676609999977 ], [ 145.128233848000036, -37.905091848999973 ] ] ] } },
{ "type": "Feature", "properties": { "suburb": "Nunawading" }, "geometry": { "type": "Polygon", "coordinates": [ [ [ 145.185477277000018, -37.819007192999948 ], [ 145.185854906000031, -37.827923932999965 ], [ 145.187677566000048, -37.827813592999973 ], [ 145.189123515000119, -37.831767602999946 ], [ 145.185366276000082, -37.831396022999968 ], [ 145.183756446000075, -37.83259682299996 ], [ 145.183763996000039, -37.831248432999985 ], [ 145.178795477000108, -37.830913101999954 ], [ 145.178808218000086, -37.829038751999974 ], [ 145.175760898000021, -37.830908841999928 ], [ 145.173592478000046, -37.830630791999965 ], [ 145.173833998000077, -37.829416881999975 ], [ 145.166271960000017, -37.827733040999931 ], [ 145.166815300000053, -37.82473399099996 ], [ 145.165401360000033, -37.824198320999983 ], [ 145.165852141000073, -37.821928080999953 ], [ 145.163930891000064, -37.821744850999949 ], [ 145.164643701000045, -37.81813256099997 ], [ 145.166289631000041, -37.818185210999957 ], [ 145.166461112000093, -37.809577090999937 ], [ 145.16746037200005, -37.809689010999932 ], [ 145.169727232000014, -37.802771991999975 ], [ 145.173732641000015, -37.804025961999969 ], [ 145.181400920000101, -37.803838851999956 ], [ 145.18464459900008, -37.802676512999938 ], [ 145.185028000000102, -37.80120752299996 ], [ 145.187371259000088, -37.802614452999933 ], [ 145.186241919000054, -37.805870852999931 ], [ 145.185106469000061, -37.806440932999976 ], [ 145.18447611900001, -37.809510192999937 ], [ 145.186075907000031, -37.818039862999967 ], [ 145.187111927000046, -37.818197852999958 ], [ 145.185477277000018, -37.819007192999948 ] ] ] } },
{ "type": "Feature", "properties": { "suburb": "Nutfield" }, "geometry": { "type": "Polygon", "coordinates": [ [ [ 145.17048693300012, -37.609230859999968 ], [ 145.174434924000025, -37.595085850999965 ], [ 145.177658923000081, -37.595466860999977 ], [ 145.179135934000101, -37.587915860999942 ], [ 145.178537924000011, -37.587658860999966 ], [ 145.180577944000106, -37.584671850999939 ], [ 145.186268953000081, -37.585326860999942 ], [ 145.186941933000071, -37.581718860999956 ], [ 145.195460922000052, -37.582729851999943 ], [ 145.193512921000092, -37.590967841999941 ], [ 145.194729941000105, -37.591991851999978 ], [ 145.192291921000106, -37.596196851999935 ], [ 145.194870900000069, -37.59644885199998 ], [ 145.19443195000008, -37.598963861999948 ], [ 145.19949391900002, -37.599495841999953 ], [ 145.198827939000012, -37.603153851999934 ], [ 145.195684919000087, -37.604534851999972 ], [ 145.196797919000119, -37.605709841999953 ], [ 145.195779929000082, -37.607292851999944 ], [ 145.199828908000086, -37.607730861999983 ], [ 145.198644928000022, -37.614643841999964 ], [ 145.195605938000085, -37.614316861999953 ], [ 145.194360918000029, -37.616222861999972 ], [ 145.19453691800004, -37.617647861999956 ], [ 145.187285909000025, -37.61681785199994 ], [ 145.187215940000101, -37.615688861999956 ], [ 145.179340921000062, -37.61794084099995 ], [ 145.177642171000116, -37.617030050999972 ], [ 145.172479942000109, -37.620431850999978 ], [ 145.171558902000015, -37.619011840999974 ], [ 145.173641922000115, -37.617295860999945 ], [ 145.17499092200012, -37.609898850999969 ], [ 145.17048693300012, -37.609230859999968 ] ] ] } },
{ "type": "Feature", "properties": { "suburb": "Oaklands Junction" }, "geometry": { "type": "Polygon", "coordinates": [ [ [ 144.835530989000063, -37.533547836999958 ], [ 144.834190339000088, -37.531229316999941 ], [ 144.839957019000053, -37.528966236999963 ], [ 144.856627216000106, -37.530369907999955 ], [ 144.856880165000121, -37.531243857999982 ], [ 144.856002116000013, -37.530752817999939 ], [ 144.855227036000088, -37.531470837999962 ], [ 144.854432145000033, -37.535260827999934 ], [ 144.853347836000012, -37.535077857999966 ], [ 144.853618926000081, -37.533289837999973 ], [ 144.852236856000104, -37.532205857999941 ], [ 144.851553936000073, -37.532861867999941 ], [ 144.852106916000025, -37.534641807999947 ], [ 144.85052901600011, -37.535355787999947 ], [ 144.851812066000093, -37.537910877999934 ], [ 144.853256035000072, -37.537862807999943 ], [ 144.854424955000013, -37.539555797999981 ], [ 144.858074984000041, -37.541243848999954 ], [ 144.856857134000052, -37.541904797999962 ], [ 144.854567885000051, -37.541364807999969 ], [ 144.854537995000101, -37.543760797999937 ], [ 144.856569834000084, -37.54513985799997 ], [ 144.853433865000056, -37.545498867999981 ], [ 144.853328014000112, -37.548227837999946 ], [ 144.848367925000048, -37.547963787999947 ], [ 144.849842155000033, -37.549132807999968 ], [ 144.850229974000058, -37.553770827999983 ], [ 144.851547984000035, -37.554294827999968 ], [ 144.853457263000109, -37.560002337999947 ], [ 144.851586053000119, -37.56472343799993 ], [ 144.847242953000091, -37.567149527999959 ], [ 144.843985992000057, -37.585695837999936 ], [ 144.871288057000015, -37.588813289999962 ], [ 144.86888182600012, -37.604055829999936 ], [ 144.871592974, -37.610148839999965 ], [ 144.870011865000038, -37.611253869999985 ], [ 144.869268074000047, -37.615619849999973 ], [ 144.869692194000095, -37.618003779999981 ], [ 144.87120884400008, -37.619497859999967 ], [ 144.869704063000086, -37.625509859999966 ], [ 144.866313943000023, -37.629539779999959 ], [ 144.862655984000071, -37.629843808999965 ], [ 144.859108875000061, -37.627886848999935 ], [ 144.854896885000016, -37.629765868999982 ], [ 144.854089985000087, -37.631426818999955 ], [ 144.818382112000108, -37.627608565999935 ], [ 144.819735352000066, -37.619962795999982 ], [ 144.81112810500008, -37.613091655999938 ], [ 144.809193465000021, -37.614152475999958 ], [ 144.804294946000027, -37.613656584999944 ], [ 144.801732827000023, -37.609695684999963 ], [ 144.808133976000022, -37.608869845999948 ], [ 144.807137156000067, -37.607056805999946 ], [ 144.817851115000053, -37.600950845999932 ], [ 144.817006905000085, -37.599920785999984 ], [ 144.812369036000064, -37.600405795999961 ], [ 144.806144977000031, -37.598150844999964 ], [ 144.806639997000048, -37.597453784999971 ], [ 144.813365846000011, -37.598328785999968 ], [ 144.813220066000099, -37.595747845999938 ], [ 144.816098966000027, -37.59494082599997 ], [ 144.815520116000016, -37.593876835999936 ], [ 144.813732016000017, -37.594540855999981 ], [ 144.811556177000057, -37.593342865999944 ], [ 144.811362107000036, -37.590549805999956 ], [ 144.807298088000039, -37.590722784999969 ], [ 144.810144978000039, -37.586851785999954 ], [ 144.813335997000081, -37.587467835999973 ], [ 144.811259878000101, -37.583436835999976 ], [ 144.80900482800007, -37.581824834999964 ], [ 144.810661928000059, -37.581115825999973 ], [ 144.81912912700011, -37.581569775999981 ], [ 144.822177966000027, -37.577915785999949 ], [ 144.819183837000082, -37.576033805999941 ], [ 144.819135958000061, -37.572156865999943 ], [ 144.825487057000032, -37.56862986699997 ], [ 144.827453027000047, -37.568943866999973 ], [ 144.827504857000122, -37.567334846999984 ], [ 144.832278836000114, -37.564510816999984 ], [ 144.831861966000019, -37.563158836999946 ], [ 144.828458157000114, -37.561216816999945 ], [ 144.828589927000053, -37.559744796999951 ], [ 144.830493947000036, -37.558207856999957 ], [ 144.827180148000025, -37.557916786999954 ], [ 144.828448048000041, -37.555230836999954 ], [ 144.831878867000114, -37.556016806999935 ], [ 144.835307857000089, -37.554953816999955 ], [ 144.837397667000118, -37.549632476999932 ], [ 144.833147868000083, -37.548221806999948 ], [ 144.835530989000063, -37.533547836999958 ] ] ] } },
{ "type": "Feature", "properties": { "suburb": "Oakleigh East" }, "geometry": { "type": "Polygon", "coordinates": [ [ [ 145.098034014000064, -37.896241476999933 ], [ 145.124482749000094, -37.899138898999979 ], [ 145.121885078000105, -37.913806438999984 ], [ 145.112574730000119, -37.912666767999951 ], [ 145.113820730000043, -37.905959957999983 ], [ 145.098034014000064, -37.896241476999933 ] ] ] } },
{ "type": "Feature", "properties": { "suburb": "Oakleigh South" }, "geometry": { "type": "Polygon", "coordinates": [ [ [ 145.079539163000049, -37.938738865999937 ], [ 145.085240545000033, -37.909493625999971 ], [ 145.11327279000011, -37.912746677999962 ], [ 145.112230939000028, -37.918010507999952 ], [ 145.111377859000072, -37.919232097999952 ], [ 145.108730700000024, -37.919350717999976 ], [ 145.10752754900011, -37.927116427999977 ], [ 145.100711720000049, -37.926280547999966 ], [ 145.097173479000048, -37.944446396999979 ], [ 145.089602911000043, -37.940201846999969 ], [ 145.079539163000049, -37.938738865999937 ] ] ] } },
{ "type": "Feature", "properties": { "suburb": "Officer" }, "geometry": { "type": "Polygon", "coordinates": [ [ [ 145.44155266700011, -38.055772591999983 ], [ 145.438269817000105, -38.05833488199994 ], [ 145.433149815000093, -38.083249621999983 ], [ 145.40457984000011, -38.083223869999983 ], [ 145.376951105000103, -38.079846007999947 ], [ 145.375996405000024, -38.078742147999947 ], [ 145.377310406000106, -38.075878097999976 ], [ 145.376496096000096, -38.075160067999946 ], [ 145.378369526000029, -38.072415707999937 ], [ 145.377796046000071, -38.07086679799994 ], [ 145.381848195000089, -38.069813977999956 ], [ 145.379942356000015, -38.068695637999951 ], [ 145.380841306000093, -38.066919927999948 ], [ 145.377215327000044, -38.06580258799994 ], [ 145.375963487000035, -38.064262037999981 ], [ 145.387342145000048, -38.065773337999929 ], [ 145.392666397000085, -38.041495878999967 ], [ 145.393832827000097, -38.039718868999955 ], [ 145.396782826000049, -38.039522878999946 ], [ 145.397599846000048, -38.03704586899994 ], [ 145.400655806000032, -38.034468878999974 ], [ 145.401525787000082, -38.027324808999936 ], [ 145.403997937000099, -38.025431828999956 ], [ 145.404867767000042, -38.022848748999934 ], [ 145.407697936000091, -38.021664268999984 ], [ 145.407451267000056, -38.018491108999967 ], [ 145.410696846000064, -38.018005879999976 ], [ 145.413349856000082, -38.016181869999969 ], [ 145.413202826000088, -38.014830869999969 ], [ 145.4183184850001, -38.014869629999964 ], [ 145.418259105000061, -38.019810179999979 ], [ 145.421800844000018, -38.019248869999956 ], [ 145.422732834000044, -38.017309870999952 ], [ 145.424219844000049, -38.017290870999943 ], [ 145.424231454000051, -38.013272910999945 ], [ 145.426935294000032, -38.013283720999937 ], [ 145.432821322000109, -38.018301580999946 ], [ 145.433699732000036, -38.020920940999929 ], [ 145.432963852000057, -38.021351860999971 ], [ 145.432981852000012, -38.024494860999937 ], [ 145.431804832000012, -38.024674870999945 ], [ 145.435415851000016, -38.027774880999971 ], [ 145.434630810000044, -38.031545880999943 ], [ 145.430809991000046, -38.033085520999975 ], [ 145.431877830000076, -38.036343870999929 ], [ 145.434090830000059, -38.038708880999934 ], [ 145.434198829000024, -38.042417870999941 ], [ 145.432423799000048, -38.050196880999977 ], [ 145.441975907000028, -38.051496761999942 ], [ 145.44155266700011, -38.055772591999983 ] ] ] } },
{ "type": "Feature", "properties": { "suburb": "Officer South" }, "geometry": { "type": "Polygon", "coordinates": [ [ [ 145.432247825000104, -38.087433861999955 ], [ 145.452194811000027, -38.087816872999952 ], [ 145.448770751000097, -38.096984892999956 ], [ 145.449137940000014, -38.100113932999932 ], [ 145.450957759000062, -38.105426892999958 ], [ 145.455554928000083, -38.108999892999975 ], [ 145.456002788000092, -38.110510912999985 ], [ 145.455746807000082, -38.114441922999958 ], [ 145.453660978000016, -38.11576088299995 ], [ 145.45088862800003, -38.115591052999946 ], [ 145.453071837000039, -38.123956872999941 ], [ 145.452248797000038, -38.128074612999967 ], [ 145.434351830000082, -38.125659871999972 ], [ 145.426121812000019, -38.117109880999976 ], [ 145.416936845, -38.11226488099993 ], [ 145.416711854000027, -38.113283870999965 ], [ 145.400198128000056, -38.111435929999971 ], [ 145.400622548000115, -38.10783312999996 ], [ 145.398468289000107, -38.104913088999979 ], [ 145.398738679000076, -38.101262778999967 ], [ 145.395018450000066, -38.09767815899994 ], [ 145.392230581000035, -38.096848458999943 ], [ 145.390672511000048, -38.094632658999956 ], [ 145.385176742000112, -38.093573617999937 ], [ 145.38439122300008, -38.09169666799994 ], [ 145.382338173000107, -38.090836807999949 ], [ 145.382753213000115, -38.089200957999935 ], [ 145.381993973000021, -38.089653937999969 ], [ 145.380823274000022, -38.087443807999932 ], [ 145.381812574000037, -38.08576269799994 ], [ 145.380348774000026, -38.084923357999969 ], [ 145.380404584000075, -38.081596957999977 ], [ 145.378761935000057, -38.07994311799996 ], [ 145.40457984000011, -38.083223869999983 ], [ 145.433149815000093, -38.083249621999983 ], [ 145.432247825000104, -38.087433861999955 ] ] ] } },
{ "type": "Feature", "properties": { "suburb": "Olinda" }, "geometry": { "type": "Polygon", "coordinates": [ [ [ 145.36353486400003, -37.84277287499998 ], [ 145.3681801030001, -37.841763425999943 ], [ 145.367866864000121, -37.838466865999976 ], [ 145.36944487400001, -37.83727186599998 ], [ 145.367188874000021, -37.83541087499998 ], [ 145.370700654000075, -37.833968725999966 ], [ 145.369562914000085, -37.831637025999953 ], [ 145.370975604000023, -37.831045095999968 ], [ 145.373389684000017, -37.827312475999975 ], [ 145.376605873000017, -37.828588865999961 ], [ 145.382426383000052, -37.825235026999962 ], [ 145.388633861000017, -37.827585816999942 ], [ 145.393044931000077, -37.825889946999951 ], [ 145.39534067000011, -37.827599586999952 ], [ 145.397296880000113, -37.826951227999984 ], [ 145.397987030000081, -37.828301137999972 ], [ 145.4019828590001, -37.828478867999934 ], [ 145.401100878000079, -37.834366867999961 ], [ 145.40197187800004, -37.837343867999948 ], [ 145.401503868000077, -37.840847877999977 ], [ 145.403793847000088, -37.843897857999934 ], [ 145.403046836000044, -37.849299857999938 ], [ 145.402157836000015, -37.850504877999981 ], [ 145.395919878000086, -37.848779867999951 ], [ 145.393698858000107, -37.849298856999951 ], [ 145.389284878000012, -37.852658866999946 ], [ 145.389285858000108, -37.859363856999948 ], [ 145.388099288000035, -37.860857286999931 ], [ 145.392418837000037, -37.861826876999942 ], [ 145.399557876000017, -37.860305867999955 ], [ 145.403073845000108, -37.860583857999984 ], [ 145.405272854000032, -37.863293867999971 ], [ 145.40453285500007, -37.863319867999962 ], [ 145.404621554000073, -37.865533347999929 ], [ 145.402168865000021, -37.864441867999972 ], [ 145.399619265000069, -37.865804857999933 ], [ 145.392034966000097, -37.867037126999946 ], [ 145.393620236000061, -37.870462177999968 ], [ 145.393196145000047, -37.872802707999938 ], [ 145.394404145000067, -37.875979707999932 ], [ 145.389115185000037, -37.880292886999939 ], [ 145.385732076000068, -37.880479496999953 ], [ 145.383722636000016, -37.879303916999959 ], [ 145.373229838000043, -37.877917955999976 ], [ 145.370479859000056, -37.87570085599998 ], [ 145.367400870000097, -37.875774855999964 ], [ 145.361989891000121, -37.873676904999968 ], [ 145.361652411000023, -37.870842864999929 ], [ 145.363584861000049, -37.87083787499995 ], [ 145.363683891000051, -37.869829864999929 ], [ 145.363680861000034, -37.869058854999935 ], [ 145.362464861000035, -37.868884864999984 ], [ 145.362586922000105, -37.862803414999973 ], [ 145.359513873000083, -37.859646874999953 ], [ 145.358708543000034, -37.857078094999963 ], [ 145.354112754000084, -37.85698890499998 ], [ 145.348320715000114, -37.853523813999971 ], [ 145.352915885000016, -37.846230854999931 ], [ 145.354144875000088, -37.846823874999984 ], [ 145.355457855000054, -37.84587386499993 ], [ 145.357794584000089, -37.84753395499996 ], [ 145.360780864000048, -37.847470874999942 ], [ 145.360902624000119, -37.845106854999983 ], [ 145.358472855000059, -37.841156864999959 ], [ 145.360373855000034, -37.84162487499998 ], [ 145.360447875000091, -37.842603854999936 ], [ 145.362454864000028, -37.842076864999967 ], [ 145.36353486400003, -37.84277287499998 ] ] ] } },
{ "type": "Feature", "properties": { "suburb": "Pakenham South" }, "geometry": { "type": "Polygon", "coordinates": [ [ [ 145.527755090000028, -38.159300448999943 ], [ 145.45968231300003, -38.150448673999961 ], [ 145.462633622000112, -38.149472983999942 ], [ 145.463107723000121, -38.146677763999946 ], [ 145.465241472000116, -38.145405613999969 ], [ 145.468962432000012, -38.145873344999984 ], [ 145.472016641000096, -38.14365754499994 ], [ 145.47371119100012, -38.143845284999941 ], [ 145.474938761000089, -38.137753904999954 ], [ 145.477066741000044, -38.138035884999965 ], [ 145.478425752000021, -38.131691764999971 ], [ 145.469983373000105, -38.131161224999971 ], [ 145.470481273000019, -38.128792614999952 ], [ 145.468272654000089, -38.128494333999981 ], [ 145.468630504000089, -38.126787583999942 ], [ 145.463593025000023, -38.126103863999958 ], [ 145.461500704000059, -38.135972893999963 ], [ 145.450868836000041, -38.134551882999972 ], [ 145.453727847000096, -38.121948872999951 ], [ 145.464291825000032, -38.122810883999932 ], [ 145.464464835000058, -38.121994883999946 ], [ 145.474288803000036, -38.123326884999983 ], [ 145.474194813000054, -38.124066884999934 ], [ 145.475860823000062, -38.124295874999973 ], [ 145.47543479300009, -38.12640687499993 ], [ 145.478806262000035, -38.126846804999957 ], [ 145.479924182000104, -38.121771034999938 ], [ 145.483679922000078, -38.122238894999953 ], [ 145.484239722000098, -38.12011498499993 ], [ 145.503293818000088, -38.12255487699997 ], [ 145.505839838000043, -38.121523876999959 ], [ 145.512398817000076, -38.121822866999935 ], [ 145.513695806000101, -38.122410877999982 ], [ 145.513823806000119, -38.123626877999982 ], [ 145.521354815000109, -38.124729867999974 ], [ 145.520989815000121, -38.126465867999968 ], [ 145.534796813000071, -38.123098868999932 ], [ 145.527755090000028, -38.159300448999943 ] ] ] } },
{ "type": "Feature", "properties": { "suburb": "Pakenham Upper" }, "geometry": { "type": "Polygon", "coordinates": [ [ [ 145.485939833000089, -38.015883874999929 ], [ 145.474207605000061, -38.01579994399998 ], [ 145.467917706000094, -38.021275903999936 ], [ 145.465428666000093, -38.022336913999936 ], [ 145.460376807000102, -38.018374212999959 ], [ 145.461288838000087, -38.013098862999982 ], [ 145.459049819000029, -38.011002872999939 ], [ 145.460697828000093, -38.009500872999979 ], [ 145.462953818000074, -38.011049882999941 ], [ 145.466014968000081, -38.007558723999978 ], [ 145.470020837000106, -38.007517883999981 ], [ 145.47134005700002, -38.003157073999944 ], [ 145.473721827000077, -38.003698873999952 ], [ 145.473707847000014, -37.999528873999964 ], [ 145.471135838, -37.999526873999969 ], [ 145.471050829000092, -37.992740873999935 ], [ 145.478620817000092, -37.993185873999948 ], [ 145.478616848000115, -37.986838873999943 ], [ 145.479312828000047, -37.986833883999964 ], [ 145.478391858, -37.985639873999958 ], [ 145.481777818000069, -37.983548873999951 ], [ 145.480495828000016, -37.979849873999967 ], [ 145.482455838000078, -37.978303883999956 ], [ 145.482853838000096, -37.975819863999959 ], [ 145.493609836000019, -37.977108854999983 ], [ 145.494044476000113, -37.976473434999946 ], [ 145.494562816000098, -37.978117884999961 ], [ 145.493311856000105, -37.980353864999984 ], [ 145.494436816000075, -37.982225884999934 ], [ 145.493302835, -37.987000884999929 ], [ 145.495072825000079, -37.98915487499994 ], [ 145.511380842000108, -37.991169876999948 ], [ 145.512375832000089, -37.986079876999952 ], [ 145.517660811000042, -37.986744876999978 ], [ 145.518523821000031, -37.982173886999931 ], [ 145.522088811000117, -37.982621876999929 ], [ 145.522490821000019, -37.98049687699995 ], [ 145.530934289000015, -37.982267787999945 ], [ 145.531704850000096, -37.978360177999946 ], [ 145.536102839000023, -37.97734941799996 ], [ 145.535663229000079, -37.979293967999979 ], [ 145.533907879000026, -37.979075887999954 ], [ 145.533637009000017, -37.980421687999979 ], [ 145.538309518000119, -37.980991417999974 ], [ 145.537737818000096, -37.983845877999954 ], [ 145.543067837000081, -37.984516868999947 ], [ 145.539814817000092, -37.986542878999956 ], [ 145.537427827000101, -37.990324867999959 ], [ 145.542942826000058, -37.993135878999965 ], [ 145.542279106000024, -37.997047388999931 ], [ 145.544167875000085, -37.997291808999933 ], [ 145.546515774000113, -38.003083938999964 ], [ 145.54482126400012, -38.004626188999964 ], [ 145.544414464000056, -38.006944218999934 ], [ 145.549604363000071, -38.007646568999974 ], [ 145.547865212000033, -38.016359388999945 ], [ 145.545713323000086, -38.013326568999958 ], [ 145.545061793000059, -38.015129158999969 ], [ 145.544476803000066, -38.01410188899996 ], [ 145.537289815, -38.012455888999966 ], [ 145.538069125000106, -38.010235158999933 ], [ 145.533990326000094, -38.009269467999957 ], [ 145.531019915000115, -38.017480057999933 ], [ 145.541207433000068, -38.019860588999961 ], [ 145.531080324000072, -38.026766097999939 ], [ 145.535102803000086, -38.027149878999978 ], [ 145.533079833000102, -38.031595877999962 ], [ 145.536644822000085, -38.033579868999936 ], [ 145.535778422000021, -38.035421938999946 ], [ 145.533106473000089, -38.033107117999975 ], [ 145.525261344000114, -38.034270377999974 ], [ 145.51822882600004, -38.032942876999982 ], [ 145.516428855000072, -38.041198256999962 ], [ 145.514139836000027, -38.040895876999969 ], [ 145.513840825000102, -38.042200866999963 ], [ 145.504458797000098, -38.041066875999945 ], [ 145.504920817000084, -38.039516865999929 ], [ 145.499761828000032, -38.037604875999932 ], [ 145.49817882900004, -38.036417875999973 ], [ 145.496080850000112, -38.030791885999975 ], [ 145.492799821000062, -38.028044875999967 ], [ 145.488806802000113, -38.027348884999981 ], [ 145.490213842000117, -38.02120688499997 ], [ 145.484688833000064, -38.020608864999929 ], [ 145.485939833000089, -38.015883874999929 ] ] ] } },
{ "type": "Feature", "properties": { "suburb": "Panton Hill" }, "geometry": { "type": "Polygon", "coordinates": [ [ [ 145.224822018000054, -37.663696824999931 ], [ 145.22397791800006, -37.667131863999941 ], [ 145.220053918000076, -37.666524863999939 ], [ 145.220147939000071, -37.657994863999932 ], [ 145.219416919000082, -37.657907853999973 ], [ 145.221852930000068, -37.651786853999965 ], [ 145.227329899000097, -37.649381854999945 ], [ 145.222163910000063, -37.649253853999937 ], [ 145.217688901000088, -37.645027863999985 ], [ 145.21582193100005, -37.645249863999936 ], [ 145.215076932000102, -37.644284843999969 ], [ 145.21589292200008, -37.642377843999952 ], [ 145.217205901000057, -37.642529863999982 ], [ 145.217609922000065, -37.640265853999949 ], [ 145.21921847100009, -37.640764223999952 ], [ 145.219938912000089, -37.636846843999933 ], [ 145.223129921, -37.636349863999953 ], [ 145.225208921000103, -37.632919853999965 ], [ 145.225462851000088, -37.631577603999972 ], [ 145.21923391200005, -37.632475853999949 ], [ 145.219806892000065, -37.630140853999933 ], [ 145.221564912000076, -37.630341853999937 ], [ 145.226092921000031, -37.628488863999962 ], [ 145.217747923000047, -37.627024863999964 ], [ 145.220197913000106, -37.625572853999984 ], [ 145.217992913000103, -37.623222853999948 ], [ 145.22512435200008, -37.623514223999962 ], [ 145.224917032000121, -37.624592873999973 ], [ 145.226586912000016, -37.625197853999964 ], [ 145.227034912000022, -37.622818853999945 ], [ 145.230038891000049, -37.623193844999946 ], [ 145.230921901000102, -37.622043844999951 ], [ 145.234909891000029, -37.620967854999947 ], [ 145.236068910000085, -37.623345864999976 ], [ 145.245893909000074, -37.620321855999975 ], [ 145.245256909000091, -37.618993845999967 ], [ 145.24672990900001, -37.618915855999944 ], [ 145.247010879000072, -37.616976845999943 ], [ 145.248666889000106, -37.617031845999975 ], [ 145.251236929000015, -37.614206865999961 ], [ 145.255988938000087, -37.61677786599995 ], [ 145.25425291800002, -37.618671855999935 ], [ 145.256217897000056, -37.619790845999944 ], [ 145.254083927000011, -37.622134855999946 ], [ 145.254895357, -37.624931075999939 ], [ 145.258269886000107, -37.623731866999947 ], [ 145.262745925000104, -37.627940856999942 ], [ 145.262706905000073, -37.630072856999959 ], [ 145.265580915000101, -37.628139856999951 ], [ 145.266896914000085, -37.62936385699993 ], [ 145.265381914000045, -37.630401856999981 ], [ 145.266104904000031, -37.631079866999983 ], [ 145.267632904000038, -37.630043866999983 ], [ 145.268867914000111, -37.631201856999951 ], [ 145.27164790300003, -37.629318867999984 ], [ 145.273405893000017, -37.630024867999964 ], [ 145.274756903000025, -37.62934785799996 ], [ 145.276548762000061, -37.633022567999944 ], [ 145.273827393000033, -37.633782087999975 ], [ 145.272877912000013, -37.63661985799996 ], [ 145.280957880000074, -37.647586857999954 ], [ 145.280594890000089, -37.649588857999959 ], [ 145.286107519000097, -37.65061486899998 ], [ 145.281259919000036, -37.653722287999983 ], [ 145.276384180000036, -37.654793887999972 ], [ 145.274792300000058, -37.656565907999948 ], [ 145.270220901000016, -37.653825857999948 ], [ 145.268872911000017, -37.655184867999935 ], [ 145.265697892000048, -37.654769856999962 ], [ 145.264521892000062, -37.653308856999956 ], [ 145.264578912000047, -37.651338856999985 ], [ 145.262014893000014, -37.651663846999952 ], [ 145.260953913000094, -37.653319856999929 ], [ 145.26173691200006, -37.657337856999959 ], [ 145.260747912000056, -37.662765846999946 ], [ 145.259206882000058, -37.662583866999967 ], [ 145.258562582000081, -37.663554876999967 ], [ 145.253928613000085, -37.663017166999964 ], [ 145.254566892000071, -37.665305866999972 ], [ 145.246818884000049, -37.664417865999951 ], [ 145.243291935000116, -37.662606855999968 ], [ 145.237811935000082, -37.664087854999934 ], [ 145.236514906000025, -37.665418854999984 ], [ 145.232312916000069, -37.664926854999976 ], [ 145.232708907000074, -37.662184854999964 ], [ 145.230622887000095, -37.661903854999935 ], [ 145.229628927000022, -37.663964854999961 ], [ 145.224822018000054, -37.663696824999931 ] ] ] } },
{ "type": "Feature", "properties": { "suburb": "Park Orchards" }, "geometry": { "type": "Polygon", "coordinates": [ [ [ 145.215850898000099, -37.762209843999983 ], [ 145.216321889000028, -37.759839864999947 ], [ 145.21761015800007, -37.760407314999952 ], [ 145.218160948000104, -37.759458774999985 ], [ 145.219299888000023, -37.759629834999942 ], [ 145.219178858000078, -37.761015734999944 ], [ 145.221557638000036, -37.761526004999951 ], [ 145.221317168000041, -37.762505154999928 ], [ 145.231869906000043, -37.763670855999976 ], [ 145.229780646000108, -37.767013384999984 ], [ 145.230385815000091, -37.769445635999944 ], [ 145.229489775000047, -37.772072815999934 ], [ 145.230339385000093, -37.773763645999964 ], [ 145.231678894000083, -37.773865855999929 ], [ 145.23411680300012, -37.781023785999935 ], [ 145.232878873000118, -37.785566845999938 ], [ 145.236352462000013, -37.787880775999952 ], [ 145.235067922000098, -37.790994855999941 ], [ 145.222724754000069, -37.788926684999979 ], [ 145.222117684000068, -37.792295374999981 ], [ 145.221165844000097, -37.792431954999984 ], [ 145.221092734000081, -37.79028186499994 ], [ 145.218416915000034, -37.789977854999961 ], [ 145.21854371500001, -37.789285254999982 ], [ 145.216519865, -37.789052584999979 ], [ 145.216345835000084, -37.790000544999941 ], [ 145.213140736000014, -37.791142003999937 ], [ 145.202081888000066, -37.78992285399994 ], [ 145.200357118000056, -37.787277563999965 ], [ 145.195067180000024, -37.785323622999954 ], [ 145.193710180000039, -37.782396652999978 ], [ 145.194674150000083, -37.781289632999972 ], [ 145.194495110000048, -37.779204602999982 ], [ 145.191104151000104, -37.778451612999959 ], [ 145.190298631000019, -37.775972742999954 ], [ 145.19894910000005, -37.771661912999946 ], [ 145.201757260000022, -37.772494893999976 ], [ 145.204395921000014, -37.760831843999938 ], [ 145.215850898000099, -37.762209843999983 ] ] ] } },
{ "type": "Feature", "properties": { "suburb": "Parkdale" }, "geometry": { "type": "Polygon", "coordinates": [ [ [ 145.094269835000091, -37.984771876999957 ], [ 145.091530214000045, -37.999220826999931 ], [ 145.081658896000022, -37.998301856999944 ], [ 145.082680935000099, -38.000096836999944 ], [ 145.08194702600008, -38.000323426999955 ], [ 145.08095671500007, -38.005631606999941 ], [ 145.068704978000028, -37.994902995999951 ], [ 145.071356919000095, -37.982160625999938 ], [ 145.074876619000065, -37.982920655999976 ], [ 145.078832638000108, -37.986967075999985 ], [ 145.079608918000076, -37.982953405999979 ], [ 145.094269835000091, -37.984771876999957 ] ] ] } },
{ "type": "Feature", "properties": { "suburb": "Pascoe Vale South" }, "geometry": { "type": "Polygon", "coordinates": [ [ [ 144.928790891000062, -37.733612284999936 ], [ 144.949560447000067, -37.736044215999982 ], [ 144.949240967000037, -37.739577825999959 ], [ 144.947233687000107, -37.739813235999975 ], [ 144.946103457000049, -37.746318205999955 ], [ 144.947274857000025, -37.746857655999975 ], [ 144.946252996000112, -37.753323275999946 ], [ 144.926961950000077, -37.751060834999976 ], [ 144.929209950000086, -37.747583834999944 ], [ 144.928293950000011, -37.747058834999962 ], [ 144.928557950000027, -37.745699824999974 ], [ 144.932838959000037, -37.745454834999975 ], [ 144.934731009000075, -37.744046834999949 ], [ 144.92998302, -37.739964864999934 ], [ 144.92987797100011, -37.737943854999969 ], [ 144.928862001000084, -37.737504844999933 ], [ 144.928790891000062, -37.733612284999936 ] ] ] } },
{ "type": "Feature", "properties": { "suburb": "Patterson Lakes" }, "geometry": { "type": "Polygon", "coordinates": [ [ [ 145.149821865000035, -38.075040731999934 ], [ 145.148670725000102, -38.083397221999974 ], [ 145.141547966000076, -38.08245760099993 ], [ 145.133643127000028, -38.083291730999974 ], [ 145.134181868000042, -38.076189860999932 ], [ 145.136213828000109, -38.075162660999979 ], [ 145.132014869000045, -38.069148850999966 ], [ 145.134932899000091, -38.068683850999946 ], [ 145.139721878000046, -38.064710850999973 ], [ 145.134474860000068, -38.054981840999972 ], [ 145.144834469000102, -38.051495170999942 ], [ 145.150275626000052, -38.067286341999932 ], [ 145.156259545000012, -38.067382271999975 ], [ 145.154638655000099, -38.075649381999938 ], [ 145.149821865000035, -38.075040731999934 ] ] ] } },
{ "type": "Feature", "properties": { "suburb": "Pearcedale" }, "geometry": { "type": "Polygon", "coordinates": [ [ [ 145.280860517871702, -38.204685381599937 ], [ 145.19674143675735, -38.204685381599937 ], [ 145.19673587300008, -38.199535375999972 ], [ 145.215772670000092, -38.200639046999981 ], [ 145.221743262000018, -38.168963016999953 ], [ 145.28668507000009, -38.176703731999964 ], [ 145.280860517871702, -38.204685381599937 ] ] ] } },
{ "type": "Feature", "properties": { "suburb": "Pheasant Creek" }, "geometry": { "type": "Polygon", "coordinates": [ [ [ 145.309635946000071, -37.454209858999945 ], [ 145.310054895000121, -37.459991868999964 ], [ 145.312851925000018, -37.46042585899994 ], [ 145.312236935000101, -37.465504868999972 ], [ 145.314709924000113, -37.468772849999937 ], [ 145.312712934000047, -37.470664868999961 ], [ 145.311624904000041, -37.474705858999982 ], [ 145.307501904000105, -37.475594858999955 ], [ 145.308325924000087, -37.478948848999948 ], [ 145.312234893000095, -37.483186848999935 ], [ 145.312089912000033, -37.493162869999935 ], [ 145.29838690400004, -37.49143584899997 ], [ 145.297140933000037, -37.498884858999929 ], [ 145.27631086700012, -37.496475716999953 ], [ 145.275488927000083, -37.500972786999967 ], [ 145.267515318000051, -37.500047895999955 ], [ 145.271611928000084, -37.496885856999938 ], [ 145.273948918000087, -37.492989846999933 ], [ 145.277315928000121, -37.490056856999956 ], [ 145.278831048000029, -37.481494576999978 ], [ 145.27859193900008, -37.479133846999957 ], [ 145.273748931000114, -37.46876885699993 ], [ 145.274499881000111, -37.46340592699994 ], [ 145.269619942000077, -37.459967845999984 ], [ 145.267020771590865, -37.454098379399944 ], [ 145.309635946000071, -37.454209858999945 ] ] ] } },
{ "type": "Feature", "properties": { "suburb": "Plenty" }, "geometry": { "type": "Polygon", "coordinates": [ [ [ 145.137721173000045, -37.662509967999938 ], [ 145.133831844000042, -37.662067887999967 ], [ 145.130721933000018, -37.674554857999965 ], [ 145.126096514000096, -37.674050877999946 ], [ 145.125418853000042, -37.677852017999953 ], [ 145.122057054000038, -37.680698366999934 ], [ 145.117864375000067, -37.679189806999943 ], [ 145.112384885000097, -37.682314916999985 ], [ 145.106449916000088, -37.681527855999946 ], [ 145.10354626700007, -37.68293009599995 ], [ 145.101614827000049, -37.681787555999961 ], [ 145.098541898000121, -37.68224259599998 ], [ 145.095119878000105, -37.68079060599996 ], [ 145.090205959000059, -37.681413674999931 ], [ 145.091561929000022, -37.679390654999963 ], [ 145.086468030000106, -37.681263704999935 ], [ 145.084319020000066, -37.680146734999937 ], [ 145.084841990000086, -37.678334694999933 ], [ 145.08349897100004, -37.676780674999975 ], [ 145.086595960000068, -37.677579674999947 ], [ 145.087114950000114, -37.676821654999969 ], [ 145.085705941000015, -37.674293614999954 ], [ 145.08907489000012, -37.674213604999977 ], [ 145.088493890000109, -37.67301357499997 ], [ 145.086392951000107, -37.672258574999944 ], [ 145.086590891000014, -37.670711564999976 ], [ 145.084131921000107, -37.670095554999932 ], [ 145.083899891000101, -37.669127544999981 ], [ 145.087405861000093, -37.667679514999975 ], [ 145.088948861000063, -37.668600494999964 ], [ 145.090720861000023, -37.667093464999937 ], [ 145.09226182000009, -37.667108474999964 ], [ 145.091888821000111, -37.665309434999983 ], [ 145.089298821000057, -37.664042424999934 ], [ 145.091172841000116, -37.663153414999954 ], [ 145.093299810000076, -37.664223414999981 ], [ 145.095060820000072, -37.661855355999933 ], [ 145.096012810000047, -37.662726375999966 ], [ 145.095264860000043, -37.664057395999976 ], [ 145.096640830000069, -37.664782395999964 ], [ 145.097900810000056, -37.662513345999969 ], [ 145.100678789000085, -37.662833345999957 ], [ 145.101997759000028, -37.66144432599998 ], [ 145.10370474900003, -37.661221305999959 ], [ 145.102725709000083, -37.658116245999963 ], [ 145.103504689000033, -37.657034225999951 ], [ 145.107804689000091, -37.658221215999959 ], [ 145.10607961900007, -37.656075185999953 ], [ 145.102106630000094, -37.654939185999979 ], [ 145.102469630000087, -37.652701135999962 ], [ 145.10513959900004, -37.654231175999939 ], [ 145.107626709000101, -37.653353075999973 ], [ 145.117568617000074, -37.654355516999942 ], [ 145.118032607000032, -37.651726846999964 ], [ 145.119136327000092, -37.651852186999974 ], [ 145.119802017000097, -37.650442916999964 ], [ 145.124802656000043, -37.652719657999967 ], [ 145.129372536000119, -37.649967907999951 ], [ 145.12970292600005, -37.647955847999981 ], [ 145.130845196000109, -37.648084927999946 ], [ 145.130700106000063, -37.649004857999955 ], [ 145.132138905000033, -37.649231847999943 ], [ 145.132957665000049, -37.651550087999965 ], [ 145.133809875000111, -37.651632497999969 ], [ 145.133241675000022, -37.65386413799996 ], [ 145.136986904000082, -37.654275857999949 ], [ 145.136268954000116, -37.657754857999976 ], [ 145.138447013000018, -37.657991177999975 ], [ 145.137721173000045, -37.662509967999938 ] ] ] } },
{ "type": "Feature", "properties": { "suburb": "Plumpton" }, "geometry": { "type": "Polygon", "coordinates": [ [ [ 144.643575279000061, -37.654356854999946 ], [ 144.642441480000116, -37.648278404999985 ], [ 144.647362999000052, -37.64700380499994 ], [ 144.648680029000047, -37.648142814999972 ], [ 144.650999419000073, -37.644835624999985 ], [ 144.652458759000069, -37.644423144999962 ], [ 144.651689049000083, -37.642853334999984 ], [ 144.653950629000065, -37.641924574999962 ], [ 144.652523729000109, -37.641581784999971 ], [ 144.655334159000063, -37.638865934999956 ], [ 144.676761984000109, -37.652781816999948 ], [ 144.684904262000032, -37.65634610799998 ], [ 144.679117, -37.684839826999962 ], [ 144.639124107000043, -37.680172954999932 ], [ 144.638214018000099, -37.678381824999974 ], [ 144.640125007000051, -37.679254284999956 ], [ 144.643739237000091, -37.677380124999956 ], [ 144.64318250700012, -37.675647784999967 ], [ 144.641578547000108, -37.675313804999973 ], [ 144.642923867000036, -37.672448024999937 ], [ 144.646915687000046, -37.67123464499997 ], [ 144.64430586800006, -37.668195164999929 ], [ 144.645939927000086, -37.666951964999953 ], [ 144.644920018000107, -37.666235814999936 ], [ 144.644885008000074, -37.66244880499994 ], [ 144.646569008000029, -37.661527824999951 ], [ 144.647845418000088, -37.659231804999934 ], [ 144.643575279000061, -37.654356854999946 ] ] ] } },
{ "type": "Feature", "properties": { "suburb": "Point Wilson" }, "geometry": { "type": "Polygon", "coordinates": [ [ [ 144.527944219200009, -37.984834141841375 ], [ 144.548412392000046, -37.974302749999936 ], [ 144.550494241000024, -37.975851030999934 ], [ 144.549622661000058, -37.978800250999939 ], [ 144.551098311000032, -37.97957588099996 ], [ 144.55220711000004, -37.982339060999948 ], [ 144.554678159000105, -37.984789120999949 ], [ 144.560684378000019, -37.984653670999933 ], [ 144.565439637000054, -37.986727371999962 ], [ 144.566145947000109, -37.986605051999959 ], [ 144.567127287000062, -37.985964241999966 ], [ 144.566397617000121, -37.985809991999929 ], [ 144.566619717000094, -37.984043201999953 ], [ 144.567829657000061, -37.984502211999938 ], [ 144.56838730700008, -37.985344071999975 ], [ 144.567371767000054, -37.985831861999941 ], [ 144.568529147000049, -37.986585441999978 ], [ 144.568358867000029, -37.988364101999935 ], [ 144.57339313500006, -37.994349651999983 ], [ 144.573430175000112, -37.995797381999978 ], [ 144.571787865000033, -37.997078621999947 ], [ 144.573388055, -37.999194171999932 ], [ 144.577213804000053, -38.001555491999966 ], [ 144.591583891000028, -38.004432402999953 ], [ 144.591932971000119, -38.005200783999953 ], [ 144.581508642000017, -38.011007452999934 ], [ 144.57669378200012, -38.016407512999933 ], [ 144.575250832000052, -38.020606581999971 ], [ 144.567498963000048, -38.022769621999942 ], [ 144.566781003000074, -38.02607666199998 ], [ 144.564109063000046, -38.02712569199997 ], [ 144.562939123000092, -38.029109701999971 ], [ 144.562039183000024, -38.032920741999931 ], [ 144.558770243000026, -38.035118780999937 ], [ 144.558792253000092, -38.037453810999978 ], [ 144.557257283000013, -38.037851840999963 ], [ 144.555721294000023, -38.036240800999963 ], [ 144.550737365000032, -38.036048850999975 ], [ 144.547628435000092, -38.037840910999932 ], [ 144.538917566, -38.040183009999964 ], [ 144.534722737000038, -38.044467069999939 ], [ 144.527944219200009, -38.046667748011579 ], [ 144.534534717000042, -38.044376069999942 ], [ 144.539382576000094, -38.03947900999998 ], [ 144.535315677000085, -38.042271049999954 ], [ 144.533476697000083, -38.042496079999978 ], [ 144.534843697000042, -38.042808049999962 ], [ 144.527944219200009, -38.043559230727439 ], [ 144.527944219200009, -37.984834141841375 ] ] ] } },
{ "type": "Feature", "properties": { "suburb": "Portarlington" }, "geometry": { "type": "Polygon", "coordinates": [ [ [ 144.65262007900003, -38.112803747999976 ], [ 144.665414856000098, -38.111943828999983 ], [ 144.692735941000024, -38.120256860999973 ], [ 144.682747747000121, -38.171747300999982 ], [ 144.646451974000115, -38.167416817999936 ], [ 144.653508957000099, -38.13097980799995 ], [ 144.626530902000013, -38.12759445699993 ], [ 144.628934613000069, -38.111601056999973 ], [ 144.625716693000072, -38.114205355999957 ], [ 144.620465624000076, -38.115384085999949 ], [ 144.62632497300001, -38.11207180599996 ], [ 144.630504953000013, -38.107656856999938 ], [ 144.631822893000049, -38.107326816999944 ], [ 144.637613142000077, -38.10826084699994 ], [ 144.646843880000119, -38.111990797999965 ], [ 144.65262007900003, -38.112803747999976 ] ] ] } },
{ "type": "Feature", "properties": { "suburb": "Quandong" }, "geometry": { "type": "Polygon", "coordinates": [ [ [ 144.553205761000072, -37.878148849999945 ], [ 144.527944219200009, -37.875375742474773 ], [ 144.527944219200009, -37.819909055997414 ], [ 144.545628037000029, -37.834148798999934 ], [ 144.560086084000091, -37.84113678999995 ], [ 144.553205761000072, -37.878148849999945 ] ] ] } },
{ "type": "Feature", "properties": { "suburb": "Ravenhall" }, "geometry": { "type": "Polygon", "coordinates": [ [ [ 144.735370163000084, -37.754679161999945 ], [ 144.757207018000031, -37.763441262999947 ], [ 144.752842085000111, -37.796032932999935 ], [ 144.716245472000082, -37.79271616099993 ], [ 144.722359995000033, -37.750612820999947 ], [ 144.735370163000084, -37.754679161999945 ] ] ] } },
{ "type": "Feature", "properties": { "suburb": "Research" }, "geometry": { "type": "Polygon", "coordinates": [ [ [ 145.172988050000072, -37.723921330999929 ], [ 145.177231352000035, -37.698121800999957 ], [ 145.172683343000017, -37.694327510999983 ], [ 145.168891764000023, -37.694637750999959 ], [ 145.167748914000072, -37.692294860999937 ], [ 145.164334925000048, -37.69163384999996 ], [ 145.164628305000065, -37.689540979999947 ], [ 145.178688913000087, -37.691171980999968 ], [ 145.179657693000081, -37.686063611999941 ], [ 145.183267942000043, -37.689664841999956 ], [ 145.188049511000031, -37.690263521999952 ], [ 145.188304911000046, -37.689219841999943 ], [ 145.19174992100011, -37.689496841999983 ], [ 145.194879940000078, -37.691009852999969 ], [ 145.196486890000074, -37.690614852999943 ], [ 145.195192930000076, -37.69195584299996 ], [ 145.195823940000082, -37.69314486299993 ], [ 145.196685929000068, -37.692209852999952 ], [ 145.198701889000063, -37.692167852999944 ], [ 145.197511988000088, -37.700706732999947 ], [ 145.213595455000018, -37.702513963999934 ], [ 145.211761515000035, -37.711633153999969 ], [ 145.202113686000075, -37.710920012999964 ], [ 145.200892915000054, -37.722518842999932 ], [ 145.197820556000011, -37.719211622999978 ], [ 145.197881846000087, -37.72168762299998 ], [ 145.196339936000072, -37.72296984299993 ], [ 145.195970156000044, -37.724890472999959 ], [ 145.191784117000111, -37.725436892999937 ], [ 145.191802627000015, -37.721115342999951 ], [ 145.189618908000057, -37.72076384199994 ], [ 145.187056928000061, -37.722783861999972 ], [ 145.182851078000112, -37.723999181999943 ], [ 145.181260619000113, -37.723979751999934 ], [ 145.181065129000103, -37.721889381999972 ], [ 145.178927139000052, -37.724387551999939 ], [ 145.176233920000072, -37.723067851999929 ], [ 145.172988050000072, -37.723921330999929 ] ] ] } },
{ "type": "Feature", "properties": { "suburb": "Riddells Creek" }, "geometry": { "type": "Polygon", "coordinates": [ [ [ 144.683891949000099, -37.492543215999945 ], [ 144.67853204000005, -37.49424029599993 ], [ 144.677800070000103, -37.495834335999973 ], [ 144.678077060000078, -37.496533315999955 ], [ 144.679909040000098, -37.496178305999933 ], [ 144.681751009000095, -37.497831315999974 ], [ 144.680324109000026, -37.499106315999938 ], [ 144.67515714000001, -37.498781405999978 ], [ 144.673779190000118, -37.500419425999951 ], [ 144.671363911000071, -37.498854825999956 ], [ 144.667879111000047, -37.498229854999977 ], [ 144.665629292000062, -37.501127554999982 ], [ 144.663384862000044, -37.498753854999961 ], [ 144.660530053000116, -37.499128794999933 ], [ 144.659753883000121, -37.498367834999954 ], [ 144.656528413000046, -37.500041674999977 ], [ 144.652783484000111, -37.499485733999961 ], [ 144.65140009400011, -37.498489783999958 ], [ 144.651576494000096, -37.496655733999944 ], [ 144.649316525000017, -37.496107743999971 ], [ 144.648032535000084, -37.496858783999983 ], [ 144.645436546000042, -37.495496793999962 ], [ 144.645048546000112, -37.495032803999948 ], [ 144.657688894000103, -37.48690737499993 ], [ 144.645932067000103, -37.485330783999984 ], [ 144.647606067000083, -37.477811833999965 ], [ 144.650085037000053, -37.478158823999934 ], [ 144.651207007000039, -37.473169813999959 ], [ 144.65433301600001, -37.472761813999966 ], [ 144.655389037000077, -37.468478803999972 ], [ 144.645602328000109, -37.468290013999933 ], [ 144.64711765900006, -37.461939223999934 ], [ 144.644184270000096, -37.458893473999979 ], [ 144.641389570000115, -37.459379652999985 ], [ 144.63970955100001, -37.458398002999957 ], [ 144.63853994100009, -37.45660393299994 ], [ 144.639009466856578, -37.454098379399944 ], [ 144.719335958395646, -37.454098379399944 ], [ 144.701226019000046, -37.462847816999954 ], [ 144.712120027000083, -37.464825817999952 ], [ 144.728740044000119, -37.473998818999974 ], [ 144.722627314000079, -37.483739678999939 ], [ 144.71993434400008, -37.483287688999951 ], [ 144.718375464000019, -37.487558748999959 ], [ 144.715055465000091, -37.486742788999948 ], [ 144.712672525000016, -37.487684807999983 ], [ 144.711840475000031, -37.48639679799993 ], [ 144.713738435000096, -37.484296767999979 ], [ 144.712273395000011, -37.482633767999971 ], [ 144.704670447000012, -37.482351867999967 ], [ 144.703194537000059, -37.484820897999953 ], [ 144.701957587000038, -37.485262917999933 ], [ 144.701730487000077, -37.482437887999936 ], [ 144.700810538000042, -37.481928897999978 ], [ 144.699867597000093, -37.484829937999962 ], [ 144.696198618000039, -37.485048996999978 ], [ 144.697773697000116, -37.489166006999938 ], [ 144.692992748000052, -37.489167066999983 ], [ 144.69254770800012, -37.486982046999969 ], [ 144.691681709000022, -37.48668106699995 ], [ 144.688036819000104, -37.490348136999955 ], [ 144.689291868000055, -37.493305156999952 ], [ 144.686092899000073, -37.493010196999933 ], [ 144.686237919000064, -37.494684206999978 ], [ 144.684987969000076, -37.495558236999955 ], [ 144.683891949000099, -37.492543215999945 ] ] ] } },
{ "type": "Feature", "properties": { "suburb": "Ringwood East" }, "geometry": { "type": "Polygon", "coordinates": [ [ [ 145.247540549000064, -37.802800246999936 ], [ 145.254570228000034, -37.798622096999964 ], [ 145.254130918000101, -37.797796236999943 ], [ 145.255886058000101, -37.796548136999945 ], [ 145.26260365600001, -37.803507927999931 ], [ 145.262029116000122, -37.803934317999961 ], [ 145.264025915000047, -37.807785297999942 ], [ 145.259467726000025, -37.809132637999937 ], [ 145.261413505000064, -37.809513617999983 ], [ 145.261351195000088, -37.810293747999935 ], [ 145.258914096000012, -37.810555877999946 ], [ 145.258986585000116, -37.814518207999981 ], [ 145.261436905000096, -37.814830857999937 ], [ 145.261490515000105, -37.816852497999946 ], [ 145.266987814000117, -37.817553347999933 ], [ 145.264415884000073, -37.820172327999956 ], [ 145.264968783000086, -37.821660297999983 ], [ 145.264101143000062, -37.828006427999981 ], [ 145.251697425000089, -37.825141866999957 ], [ 145.248486886000023, -37.82140084699995 ], [ 145.241124618000072, -37.817607686999963 ], [ 145.241436909000072, -37.812319846999969 ], [ 145.237866669000027, -37.812511465999933 ], [ 145.238654989000111, -37.811189515999956 ], [ 145.23755703900008, -37.810955505999971 ], [ 145.240730889000019, -37.809780856999964 ], [ 145.242051789000016, -37.808753026999966 ], [ 145.241231159000108, -37.807928816999947 ], [ 145.24418988900004, -37.807162866999931 ], [ 145.244851889000074, -37.805663866999964 ], [ 145.247539818000064, -37.804016976999947 ], [ 145.247540549000064, -37.802800246999936 ] ] ] } },
{ "type": "Feature", "properties": { "suburb": "Ringwood North" }, "geometry": { "type": "Polygon", "coordinates": [ [ [ 145.231865774000084, -37.773494875999972 ], [ 145.234860054000023, -37.774617925999962 ], [ 145.238005263000105, -37.773563715999956 ], [ 145.23739067300005, -37.774540445999946 ], [ 145.238684343000045, -37.775430075999964 ], [ 145.23784042300008, -37.779208125999958 ], [ 145.249208061000104, -37.780565966999973 ], [ 145.247495510000022, -37.790071006999938 ], [ 145.238234511000087, -37.796616995999955 ], [ 145.230119431000048, -37.80469682599994 ], [ 145.213824263000106, -37.810691624999947 ], [ 145.217211975000055, -37.790869764999968 ], [ 145.220256914000061, -37.792562404999956 ], [ 145.222117684000068, -37.792295374999981 ], [ 145.222724754000069, -37.788926684999979 ], [ 145.23119874300005, -37.790849565999963 ], [ 145.235067922000098, -37.790994855999941 ], [ 145.235135662000062, -37.789982815999963 ], [ 145.235971182000071, -37.790073265999979 ], [ 145.236136352000017, -37.787531495999929 ], [ 145.232711773000119, -37.785088345999952 ], [ 145.23411680300012, -37.781023785999935 ], [ 145.231687914000076, -37.775069855999959 ], [ 145.231865774000084, -37.773494875999972 ] ] ] } },
{ "type": "Feature", "properties": { "suburb": "Rockbank" }, "geometry": { "type": "Polygon", "coordinates": [ [ [ 144.653738110000063, -37.724977695999939 ], [ 144.670910006000099, -37.734976826999969 ], [ 144.668998275000035, -37.744778466999946 ], [ 144.663091996000048, -37.74425780699994 ], [ 144.636487961000057, -37.745282374999931 ], [ 144.637606061000042, -37.739454654999975 ], [ 144.642156990000103, -37.739931824999985 ], [ 144.642906011000036, -37.736284804999968 ], [ 144.639949001000105, -37.735273814999971 ], [ 144.640295021000043, -37.733180824999977 ], [ 144.643052011, -37.733672814999977 ], [ 144.643808001000025, -37.729102814999976 ], [ 144.652917479000052, -37.73004238599998 ], [ 144.653738110000063, -37.724977695999939 ] ] ] } },
{ "type": "Feature", "properties": { "suburb": "Rowville" }, "geometry": { "type": "Polygon", "coordinates": [ [ [ 145.265717970000082, -37.945893198999954 ], [ 145.233255866000036, -37.941877146999957 ], [ 145.233753025000055, -37.94264446699998 ], [ 145.229199875000063, -37.95206285699993 ], [ 145.22581088600009, -37.949265855999954 ], [ 145.226039886000081, -37.948147865999942 ], [ 145.22299388700003, -37.945630845999972 ], [ 145.222393867000051, -37.943415865999953 ], [ 145.219373888000064, -37.941731865999941 ], [ 145.220266868000067, -37.941070855999953 ], [ 145.219077878000121, -37.940801845999943 ], [ 145.219141858000057, -37.939743845999942 ], [ 145.220133898000086, -37.93887385599993 ], [ 145.218327879000071, -37.936751865999952 ], [ 145.215706889000103, -37.937164855999981 ], [ 145.214062890000037, -37.935612854999931 ], [ 145.2112008900001, -37.935701864999942 ], [ 145.210714890000077, -37.934226854999963 ], [ 145.209446881000076, -37.933948854999983 ], [ 145.210444861000042, -37.933528854999963 ], [ 145.206451871000013, -37.931202864999932 ], [ 145.206816872000104, -37.928022864999946 ], [ 145.2054288920001, -37.92778485499997 ], [ 145.204828862000113, -37.926026854999975 ], [ 145.205339863000063, -37.922769864999964 ], [ 145.21019268200007, -37.921668744999977 ], [ 145.212125542000081, -37.917889374999959 ], [ 145.214945752000062, -37.917510824999965 ], [ 145.217650801000104, -37.918500835999964 ], [ 145.220827800000052, -37.917691905999959 ], [ 145.222555820000025, -37.916138865999983 ], [ 145.22252775100003, -37.914097855999955 ], [ 145.223590850000051, -37.913338855999939 ], [ 145.224806120000039, -37.913840595999943 ], [ 145.224911890000044, -37.912958845999981 ], [ 145.227673880000111, -37.911702865999985 ], [ 145.228523900000027, -37.909732855999948 ], [ 145.229995940000094, -37.909558865999941 ], [ 145.230455150000012, -37.908231785999931 ], [ 145.234302979000063, -37.90600388699994 ], [ 145.233400810000035, -37.905314856999951 ], [ 145.230357, -37.907142835999935 ], [ 145.228334680000103, -37.905865895999966 ], [ 145.230010650000054, -37.906144925999968 ], [ 145.235989239000105, -37.903210956999942 ], [ 145.23723545900009, -37.905635106999966 ], [ 145.241393318000064, -37.905666756999949 ], [ 145.245885888000089, -37.904535856999985 ], [ 145.248320877000083, -37.905172867999966 ], [ 145.248205787000074, -37.903870247999976 ], [ 145.250796157000082, -37.903997057999959 ], [ 145.250786997000091, -37.90487186799993 ], [ 145.257677826000076, -37.904240227999935 ], [ 145.260407885000063, -37.903768867999929 ], [ 145.261001225000086, -37.902728388999947 ], [ 145.273053123000068, -37.900237458999982 ], [ 145.274289343000078, -37.901497598999981 ], [ 145.274635873000079, -37.899683858999936 ], [ 145.280977012000108, -37.90053439999997 ], [ 145.279717872000106, -37.903698859999963 ], [ 145.28154685100003, -37.905288859999985 ], [ 145.272422292000101, -37.913282918999982 ], [ 145.270061871000053, -37.923360868999964 ], [ 145.265248872000029, -37.928376858999968 ], [ 145.269028561000027, -37.929282748999981 ], [ 145.265717970000082, -37.945893198999954 ] ] ] } },
{ "type": "Feature", "properties": { "suburb": "Roxburgh Park" }, "geometry": { "type": "Polygon", "coordinates": [ [ [ 144.912563447000025, -37.610079692999932 ], [ 144.940495652000095, -37.613693594999972 ], [ 144.934882970000103, -37.641386873999977 ], [ 144.910394945000121, -37.638235842999961 ], [ 144.911709965000114, -37.63089284299997 ], [ 144.915148966000061, -37.623232842999982 ], [ 144.912563447000025, -37.610079692999932 ] ] ] } },
{ "type": "Feature", "properties": { "suburb": "Rythdale" }, "geometry": { "type": "Polygon", "coordinates": [ [ [ 145.45968231300003, -38.150448673999961 ], [ 145.447158645000059, -38.148901762999969 ], [ 145.447303845000079, -38.148106872999961 ], [ 145.448100825000097, -38.147692882999934 ], [ 145.450868836000041, -38.134551882999972 ], [ 145.461500704000059, -38.135972893999963 ], [ 145.463593025000023, -38.126103863999958 ], [ 145.468630504000089, -38.126787583999942 ], [ 145.468272654000089, -38.128494333999981 ], [ 145.470481273000019, -38.128792614999952 ], [ 145.469983373000105, -38.131161224999971 ], [ 145.478425752000021, -38.131691764999971 ], [ 145.477066741000044, -38.138035884999965 ], [ 145.474938761000089, -38.137753904999954 ], [ 145.47371119100012, -38.143845284999941 ], [ 145.472016641000096, -38.14365754499994 ], [ 145.468962432000012, -38.145873344999984 ], [ 145.465241472000116, -38.145405613999969 ], [ 145.463107723000121, -38.146677763999946 ], [ 145.462633622000112, -38.149472983999942 ], [ 145.45968231300003, -38.150448673999961 ] ] ] } },
{ "type": "Feature", "properties": { "suburb": "Sandhurst" }, "geometry": { "type": "Polygon", "coordinates": [ [ [ 145.203093716000012, -38.073175765999963 ], [ 145.221467883000059, -38.075489726999933 ], [ 145.218391482000015, -38.090180316999977 ], [ 145.19255948700004, -38.087121764999949 ], [ 145.193783877000101, -38.080808844999979 ], [ 145.201278456000068, -38.081745414999943 ], [ 145.203093716000012, -38.073175765999963 ] ] ] } },
{ "type": "Feature", "properties": { "suburb": "Sassafras" }, "geometry": { "type": "Polygon", "coordinates": [ [ [ 145.356376554000121, -37.857534314999953 ], [ 145.358708543000034, -37.857078094999963 ], [ 145.359513873000083, -37.859646874999953 ], [ 145.362586922000105, -37.862803414999973 ], [ 145.362464861000035, -37.868884864999984 ], [ 145.363680861000034, -37.869058854999935 ], [ 145.363584861000049, -37.87083787499995 ], [ 145.361652411000023, -37.870842864999929 ], [ 145.361145861000068, -37.873705874999985 ], [ 145.35709483200003, -37.872172864999982 ], [ 145.356484882000018, -37.872960854999974 ], [ 145.354244882000103, -37.872721854999952 ], [ 145.347486873000094, -37.877330873999938 ], [ 145.347139903000084, -37.876081863999957 ], [ 145.343391024000084, -37.875278683999966 ], [ 145.345774034000101, -37.874085973999968 ], [ 145.343393794000121, -37.871671773999935 ], [ 145.344177304000027, -37.871056563999957 ], [ 145.34370083500005, -37.866070903999969 ], [ 145.342338945000051, -37.862307813999962 ], [ 145.340246986000011, -37.862057883999967 ], [ 145.338922916000115, -37.860636873999965 ], [ 145.33782382600009, -37.864402833999975 ], [ 145.335707736000018, -37.864768872999946 ], [ 145.333299727000053, -37.863707862999945 ], [ 145.33157962700011, -37.864570772999969 ], [ 145.332046937000086, -37.868114802999969 ], [ 145.334235726000088, -37.869285772999945 ], [ 145.334393046000059, -37.870509862999938 ], [ 145.330646867000041, -37.870180822999941 ], [ 145.329268777000038, -37.866925892999973 ], [ 145.326595878000035, -37.866583872999968 ], [ 145.329496458000108, -37.863163602999975 ], [ 145.331768437000051, -37.862834602999953 ], [ 145.333193397000059, -37.861554572999978 ], [ 145.335992406000059, -37.863122552999982 ], [ 145.33578435700008, -37.859784542999932 ], [ 145.33417375700003, -37.857966122999983 ], [ 145.336625647000119, -37.856172942999933 ], [ 145.340450476000115, -37.857145263999939 ], [ 145.339463256000045, -37.858570503999943 ], [ 145.341132296000069, -37.860984513999938 ], [ 145.343468255000062, -37.862315493999972 ], [ 145.345779185000083, -37.859183483999971 ], [ 145.347625205000099, -37.859396673999981 ], [ 145.347578235000015, -37.858606563999956 ], [ 145.3430762160001, -37.856533483999954 ], [ 145.343516216000012, -37.855764473999955 ], [ 145.341245187000027, -37.853762483999958 ], [ 145.337794227000018, -37.853171503999931 ], [ 145.339555787000108, -37.851137833999985 ], [ 145.345371956000122, -37.851755863999983 ], [ 145.35275269400006, -37.856356924999943 ], [ 145.356376554000121, -37.857534314999953 ] ] ] } },
{ "type": "Feature", "properties": { "suburb": "Scoresby" }, "geometry": { "type": "Polygon", "coordinates": [ [ [ 145.23422774900007, -37.906192876999967 ], [ 145.228523900000027, -37.909732855999948 ], [ 145.227673880000111, -37.911702865999985 ], [ 145.224911890000044, -37.912958845999981 ], [ 145.224806120000039, -37.913840595999943 ], [ 145.223590850000051, -37.913338855999939 ], [ 145.22252775100003, -37.914097855999955 ], [ 145.222555820000025, -37.916138865999983 ], [ 145.220827800000052, -37.917691905999959 ], [ 145.217650801000104, -37.918500835999964 ], [ 145.214945752000062, -37.917510824999965 ], [ 145.212125542000081, -37.917889374999959 ], [ 145.21019268200007, -37.921668744999977 ], [ 145.205339863000063, -37.922769864999964 ], [ 145.202777893000075, -37.919183854999972 ], [ 145.204075874000068, -37.916109864999953 ], [ 145.203365874000042, -37.915119854999944 ], [ 145.204996874000017, -37.914037864999955 ], [ 145.20453989400005, -37.912991854999973 ], [ 145.20558087400002, -37.912236844999939 ], [ 145.204842884000072, -37.91075684499998 ], [ 145.205868894000105, -37.910551854999937 ], [ 145.204633885000021, -37.906034854999973 ], [ 145.20520788500005, -37.905331854999929 ], [ 145.203372885000022, -37.903305864999936 ], [ 145.204062875000091, -37.902339844999972 ], [ 145.207353905000105, -37.901546864999943 ], [ 145.206867865000049, -37.900605864999932 ], [ 145.208346885000083, -37.899034854999968 ], [ 145.207293895000021, -37.898671854999975 ], [ 145.206893895000121, -37.89662184499997 ], [ 145.201758886000107, -37.89547784399997 ], [ 145.199167897000052, -37.892094863999944 ], [ 145.200275897000097, -37.891379853999979 ], [ 145.196140888000059, -37.888226863999932 ], [ 145.232974892000016, -37.889031855999974 ], [ 145.232979892000117, -37.887695855999937 ], [ 145.239868900000033, -37.887765866999985 ], [ 145.239870359000065, -37.897979346999932 ], [ 145.233081360000028, -37.899051266999948 ], [ 145.235989239000105, -37.903210956999942 ], [ 145.230010650000054, -37.906144925999968 ], [ 145.228334680000103, -37.905865895999966 ], [ 145.230357, -37.907142835999935 ], [ 145.234018940000055, -37.905500866999944 ], [ 145.23422774900007, -37.906192876999967 ] ] ] } },
{ "type": "Feature", "properties": { "suburb": "Seabrook" }, "geometry": { "type": "Polygon", "coordinates": [ [ [ 144.756311986000014, -37.874212823999983 ], [ 144.760302965000051, -37.874445833999971 ], [ 144.762833955000019, -37.872953823999978 ], [ 144.76534098400009, -37.876209823999943 ], [ 144.764794944000073, -37.881530833999932 ], [ 144.766679663000104, -37.883930073999977 ], [ 144.763330754000094, -37.883574893999935 ], [ 144.762387773000114, -37.888655093999944 ], [ 144.751715946000104, -37.886650073999931 ], [ 144.75239155700001, -37.876450472999977 ], [ 144.756311986000014, -37.874212823999983 ] ] ] } },
{ "type": "Feature", "properties": { "suburb": "Seaford" }, "geometry": { "type": "Polygon", "coordinates": [ [ [ 145.162093480000067, -38.108909812999968 ], [ 145.133994292000011, -38.128464660999953 ], [ 145.132486693000033, -38.128315360999977 ], [ 145.131706253000061, -38.130121300999974 ], [ 145.125599144000034, -38.128459850999946 ], [ 145.125110014000029, -38.130764489999933 ], [ 145.124141884000096, -38.129360739999981 ], [ 145.122253664000027, -38.129300599999965 ], [ 145.124509586000045, -38.108018159999972 ], [ 145.124294568000096, -38.09609396999997 ], [ 145.122792779000065, -38.084986829999934 ], [ 145.124452649000091, -38.084742809999966 ], [ 145.123842229000047, -38.082150909999939 ], [ 145.127966179000055, -38.081812819999982 ], [ 145.131750168000053, -38.083807770999954 ], [ 145.136272047000034, -38.08244369099998 ], [ 145.148670725000102, -38.083397221999974 ], [ 145.149152994000019, -38.090449621999937 ], [ 145.146046044000059, -38.095431471999973 ], [ 145.154827833000013, -38.091161411999963 ], [ 145.153662722000036, -38.096345351999958 ], [ 145.162093480000067, -38.108909812999968 ] ] ] } },
{ "type": "Feature", "properties": { "suburb": "Seaholme" }, "geometry": { "type": "Polygon", "coordinates": [ [ [ 144.845649881000099, -37.868191469999942 ], [ 144.84043702200006, -37.871430578999934 ], [ 144.838075072000038, -37.871392598999932 ], [ 144.839173903000074, -37.864963238999962 ], [ 144.843537083000115, -37.857492789999981 ], [ 144.849928521000038, -37.859631 ], [ 144.84961794100002, -37.86259782999997 ], [ 144.850804781000079, -37.863798309999936 ], [ 144.845649881000099, -37.868191469999942 ] ] ] } },
{ "type": "Feature", "properties": { "suburb": "Selby" }, "geometry": { "type": "Polygon", "coordinates": [ [ [ 145.360974086000056, -37.921152745999962 ], [ 145.35964910600012, -37.918705404999969 ], [ 145.360603866000019, -37.918093015999943 ], [ 145.363412686000061, -37.918513815999972 ], [ 145.371263694000049, -37.916862895999941 ], [ 145.371873674000085, -37.914935895999974 ], [ 145.368614265000019, -37.913898255999982 ], [ 145.368302485000072, -37.912717965999946 ], [ 145.364444726000102, -37.911891055999945 ], [ 145.363820137000062, -37.90903545599997 ], [ 145.36876836600004, -37.908386285999939 ], [ 145.370607566000103, -37.906742325999971 ], [ 145.372649485000011, -37.90777617599997 ], [ 145.376988575000041, -37.906436796999969 ], [ 145.384041683000078, -37.907812896999985 ], [ 145.386612853000088, -37.90674787699993 ], [ 145.386658913000019, -37.903342876999943 ], [ 145.396772732000045, -37.901237947999959 ], [ 145.395753952000064, -37.90334583799995 ], [ 145.391153852000116, -37.905130897999982 ], [ 145.393370022000113, -37.907053917999974 ], [ 145.395451871000091, -37.911352877999946 ], [ 145.392744701000083, -37.911166747999971 ], [ 145.392553841000108, -37.912331877999975 ], [ 145.393258841000033, -37.912472867999952 ], [ 145.392157861000101, -37.915982867999958 ], [ 145.393145841000091, -37.91617987799998 ], [ 145.39296911100007, -37.916738967999947 ], [ 145.391341861000114, -37.917628867999952 ], [ 145.390679861000081, -37.91922786799995 ], [ 145.391500861000054, -37.919121877999942 ], [ 145.389519861000053, -37.92135585799997 ], [ 145.391805850000083, -37.921932857999934 ], [ 145.391773580000063, -37.923473187999946 ], [ 145.387876700000106, -37.925793257999942 ], [ 145.38407979100009, -37.929592286999934 ], [ 145.385219970000094, -37.934023516999957 ], [ 145.376545862000057, -37.933973856999955 ], [ 145.366113874000121, -37.92979887599995 ], [ 145.364185465000105, -37.923278265999954 ], [ 145.358404556000096, -37.924539564999975 ], [ 145.35743986600005, -37.923888824999949 ], [ 145.357091726000021, -37.923132344999942 ], [ 145.358713746000035, -37.923373674999937 ], [ 145.360974086000056, -37.921152745999962 ] ] ] } },
{ "type": "Feature", "properties": { "suburb": "Seville" }, "geometry": { "type": "Polygon", "coordinates": [ [ [ 145.444388748000051, -37.767530529999931 ], [ 145.49005086000011, -37.767461883999943 ], [ 145.488246950000075, -37.775797403999945 ], [ 145.485910810000064, -37.775967162999962 ], [ 145.488189209000097, -37.781911763999972 ], [ 145.490442279000035, -37.782996813999944 ], [ 145.495202827000071, -37.790999873999965 ], [ 145.507521835000034, -37.791697874999954 ], [ 145.507744844000058, -37.797121874999959 ], [ 145.504669834000083, -37.799344874999974 ], [ 145.503866974000061, -37.805741114999933 ], [ 145.498810854000112, -37.808111874999952 ], [ 145.503283854000074, -37.809105884999951 ], [ 145.505386833000102, -37.811867874999962 ], [ 145.506819823000114, -37.812195884999937 ], [ 145.505325843000037, -37.812471884999979 ], [ 145.505065853000019, -37.813576864999959 ], [ 145.500516864000019, -37.811846874999958 ], [ 145.495681854000054, -37.813853863999952 ], [ 145.493589854000106, -37.815466883999932 ], [ 145.493412864000106, -37.817032873999949 ], [ 145.490392855000096, -37.818557883999972 ], [ 145.488568845000032, -37.821188873999972 ], [ 145.489261835000093, -37.821710873999962 ], [ 145.488113834000046, -37.82396287399996 ], [ 145.48602982500006, -37.825292883999964 ], [ 145.481912845000011, -37.825324862999935 ], [ 145.477205846000061, -37.828485862999969 ], [ 145.472163847000047, -37.82652888299998 ], [ 145.465967858000113, -37.828596861999984 ], [ 145.465230858000041, -37.825207871999964 ], [ 145.47249384700001, -37.822237882999957 ], [ 145.473623848000102, -37.817241882999951 ], [ 145.476691857000105, -37.817673872999933 ], [ 145.477793858000041, -37.812690882999959 ], [ 145.46691880000003, -37.811430901999984 ], [ 145.469937860000073, -37.79891687199995 ], [ 145.465849861000038, -37.79581387199994 ], [ 145.458747653000046, -37.795395931999963 ], [ 145.448621025000079, -37.792970820999983 ], [ 145.449251855000057, -37.792625870999984 ], [ 145.443930846000057, -37.78639986099995 ], [ 145.446054857000036, -37.779357880999953 ], [ 145.440515878000042, -37.779122869999981 ], [ 145.443979218000095, -37.775320530999977 ], [ 145.443500368000059, -37.771451379999974 ], [ 145.444388748000051, -37.767530529999931 ] ] ] } },
{ "type": "Feature", "properties": { "suburb": "Seville East" }, "geometry": { "type": "Polygon", "coordinates": [ [ [ 145.49005086000011, -37.767461883999943 ], [ 145.490966860000071, -37.76745888399995 ], [ 145.490995111000075, -37.757952323999973 ], [ 145.489802842000017, -37.755628833999936 ], [ 145.490199922000102, -37.754543813999931 ], [ 145.491054932000111, -37.755721813999969 ], [ 145.493563761000019, -37.756314743999951 ], [ 145.500006670000062, -37.755605893999984 ], [ 145.503236990000119, -37.754186874999959 ], [ 145.504841859000067, -37.754739914999959 ], [ 145.508142669000108, -37.753046924999978 ], [ 145.510228898000037, -37.754662244999963 ], [ 145.510712738000052, -37.753921824999964 ], [ 145.512317968000048, -37.754274874999965 ], [ 145.51199001800012, -37.755667814999981 ], [ 145.513963898000043, -37.755782834999934 ], [ 145.512845728000116, -37.756926904999943 ], [ 145.513246787000071, -37.759757864999983 ], [ 145.512652747000061, -37.760610884999949 ], [ 145.512029988000108, -37.759843264999972 ], [ 145.511105838000049, -37.761185904999934 ], [ 145.51306643700002, -37.761571464999975 ], [ 145.512954827000044, -37.762227914999983 ], [ 145.511034597000048, -37.762346004999984 ], [ 145.510338317000105, -37.764025204999939 ], [ 145.511569177000069, -37.764603274999956 ], [ 145.511320757000021, -37.765315804999943 ], [ 145.51247601700004, -37.765123944999971 ], [ 145.511886317000062, -37.766314894999937 ], [ 145.513512837000121, -37.76566205499995 ], [ 145.512829887000066, -37.767430914999977 ], [ 145.513804836000077, -37.767705874999933 ], [ 145.51291083600006, -37.768824864999942 ], [ 145.513818846000049, -37.768828884999948 ], [ 145.512412836000067, -37.770137864999981 ], [ 145.514345836000075, -37.770887874999971 ], [ 145.513608826000109, -37.771513884999933 ], [ 145.51465582600008, -37.772003874999939 ], [ 145.513408846000061, -37.773665874999949 ], [ 145.512616826000112, -37.772966874999952 ], [ 145.513334856000029, -37.772638884999935 ], [ 145.513014866000049, -37.771585884999979 ], [ 145.51230785600012, -37.772890874999973 ], [ 145.511983846000021, -37.771639884999956 ], [ 145.51134283600004, -37.773028884999974 ], [ 145.510439856000062, -37.772336874999951 ], [ 145.509435857000085, -37.772857864999935 ], [ 145.509502836000024, -37.774584884999967 ], [ 145.51106685600007, -37.774333874999968 ], [ 145.509884846000091, -37.774905874999945 ], [ 145.510384856000087, -37.775807874999941 ], [ 145.509309856000073, -37.77546287499996 ], [ 145.509490866000078, -37.776296874999957 ], [ 145.507632827000066, -37.77583487499993 ], [ 145.509349866000093, -37.777436874999978 ], [ 145.50840783600006, -37.777321884999935 ], [ 145.508725856000069, -37.778453874999968 ], [ 145.507620856000017, -37.778822874999946 ], [ 145.50872782600004, -37.779524884999944 ], [ 145.506969846000061, -37.77963987499993 ], [ 145.508636836000051, -37.780548874999965 ], [ 145.507311846000107, -37.780939874999945 ], [ 145.508312855000099, -37.783778884999947 ], [ 145.50959784500003, -37.78430287499998 ], [ 145.508766845000082, -37.786046874999954 ], [ 145.510945855000045, -37.786136874999954 ], [ 145.510179835000031, -37.787204874999929 ], [ 145.511917855000092, -37.78685887499995 ], [ 145.512050864000116, -37.788593874999947 ], [ 145.515475834000085, -37.787054875999956 ], [ 145.51989182300008, -37.786669875999962 ], [ 145.518216843000118, -37.787911875999953 ], [ 145.520646833000114, -37.790673865999963 ], [ 145.520014833000118, -37.79190887599998 ], [ 145.520661832000087, -37.792402875999983 ], [ 145.520235842000034, -37.793508885999984 ], [ 145.519303843000102, -37.793531875999975 ], [ 145.519449843000075, -37.792777875999946 ], [ 145.51781983300009, -37.793259875999979 ], [ 145.518414853000081, -37.793786885999964 ], [ 145.516516853000098, -37.795889865999982 ], [ 145.517238862000113, -37.797445865999975 ], [ 145.51885084200012, -37.797284885999943 ], [ 145.518904832000089, -37.798174875999962 ], [ 145.515578843000071, -37.799008875999959 ], [ 145.516406842000038, -37.799621875999946 ], [ 145.515364842000054, -37.799829865999982 ], [ 145.514560852000045, -37.801623865999943 ], [ 145.516628832000038, -37.800867865999976 ], [ 145.517117822000046, -37.80151187599995 ], [ 145.516135832000032, -37.802153875999977 ], [ 145.517332842000087, -37.802276885999959 ], [ 145.51755684200009, -37.804960885999947 ], [ 145.508690853000076, -37.806410874999983 ], [ 145.508977853000033, -37.808732884999984 ], [ 145.507110843000078, -37.808619864999969 ], [ 145.507370833000095, -37.80956086499998 ], [ 145.506312843000046, -37.809941874999936 ], [ 145.507550843000104, -37.810623874999976 ], [ 145.506827853000118, -37.812113864999958 ], [ 145.505386833000102, -37.811867874999962 ], [ 145.503283854000074, -37.809105884999951 ], [ 145.498810854000112, -37.808111874999952 ], [ 145.503866974000061, -37.805741114999933 ], [ 145.504669834000083, -37.799344874999974 ], [ 145.507744844000058, -37.797121874999959 ], [ 145.507521835000034, -37.791697874999954 ], [ 145.495202827000071, -37.790999873999965 ], [ 145.490442279000035, -37.782996813999944 ], [ 145.488189209000097, -37.781911763999972 ], [ 145.485910810000064, -37.775967162999962 ], [ 145.488246950000075, -37.775797403999945 ], [ 145.49005086000011, -37.767461883999943 ] ] ] } },
{ "type": "Feature", "properties": { "suburb": "Sherbrooke" }, "geometry": { "type": "Polygon", "coordinates": [ [ [ 145.371731848000081, -37.885716965999961 ], [ 145.370971918, -37.887373805999971 ], [ 145.373984737000114, -37.890956785999947 ], [ 145.371536017000039, -37.89243279599998 ], [ 145.370611917000019, -37.896200815999975 ], [ 145.370835807000049, -37.898398895999946 ], [ 145.372629706000112, -37.901284835999945 ], [ 145.372260685000015, -37.905496825999933 ], [ 145.36876836600004, -37.908386285999939 ], [ 145.36462696600006, -37.908667675999936 ], [ 145.365082677000032, -37.906353355999954 ], [ 145.363017397000021, -37.905999845999929 ], [ 145.362171877000037, -37.904595855999958 ], [ 145.363404987000081, -37.901242305999972 ], [ 145.351309950000086, -37.898624534999954 ], [ 145.350649010000097, -37.896026824999979 ], [ 145.347103541000024, -37.894126943999936 ], [ 145.345511892000104, -37.889756863999935 ], [ 145.348261942000022, -37.88671842399998 ], [ 145.347213592000116, -37.886485963999974 ], [ 145.346562072000097, -37.884471423999969 ], [ 145.344992863000016, -37.884100873999955 ], [ 145.343676593000055, -37.879644653999947 ], [ 145.341297124000107, -37.878595253999947 ], [ 145.342810194000094, -37.875383193999937 ], [ 145.347139903000084, -37.876081863999957 ], [ 145.347486873000094, -37.877330873999938 ], [ 145.354244882000103, -37.872721854999952 ], [ 145.356484882000018, -37.872960854999974 ], [ 145.35709483200003, -37.872172864999982 ], [ 145.367400870000097, -37.875774855999964 ], [ 145.370601839000074, -37.875765865999938 ], [ 145.366801749000047, -37.882123665999984 ], [ 145.368496848000063, -37.884415875999935 ], [ 145.371731848000081, -37.885716965999961 ] ] ] } },
{ "type": "Feature", "properties": { "suburb": "Silvan" }, "geometry": { "type": "Polygon", "coordinates": [ [ [ 145.456352776000017, -37.857385971999975 ], [ 145.451039688000037, -37.85337242099996 ], [ 145.448176998000122, -37.853232060999972 ], [ 145.445553928000095, -37.856747850999966 ], [ 145.443578758000058, -37.857503980999979 ], [ 145.437953460000017, -37.853552160999982 ], [ 145.437084870000035, -37.854397870999946 ], [ 145.43014585100002, -37.855210869999951 ], [ 145.423439383000073, -37.851197149999962 ], [ 145.421223683000107, -37.854076988999964 ], [ 145.417522003000045, -37.85569991899996 ], [ 145.414410593000071, -37.861955178999949 ], [ 145.405272854000032, -37.863293867999971 ], [ 145.403073845000108, -37.860583857999984 ], [ 145.399557876000017, -37.860305867999955 ], [ 145.392418837000037, -37.861826876999942 ], [ 145.388099288000035, -37.860857286999931 ], [ 145.389285858000108, -37.859363856999948 ], [ 145.389284878000012, -37.852658866999946 ], [ 145.393698858000107, -37.849298856999951 ], [ 145.395919878000086, -37.848779867999951 ], [ 145.402157836000015, -37.850504877999981 ], [ 145.403046836000044, -37.849299857999938 ], [ 145.403793847000088, -37.843897857999934 ], [ 145.401503868000077, -37.840847877999977 ], [ 145.40197187800004, -37.837343867999948 ], [ 145.401100878000079, -37.834366867999961 ], [ 145.402771629000085, -37.822850747999951 ], [ 145.401999, -37.822252157999969 ], [ 145.402207010000097, -37.819127657999957 ], [ 145.406300889000022, -37.817125217999944 ], [ 145.406905330000086, -37.814956567999957 ], [ 145.404980501000068, -37.807641537999984 ], [ 145.40840847000004, -37.806876457999977 ], [ 145.408931480000092, -37.805793427999959 ], [ 145.418051079000065, -37.800693088999935 ], [ 145.427169866000099, -37.811051869999972 ], [ 145.430030846000022, -37.809503869999958 ], [ 145.445005802000082, -37.824472860999947 ], [ 145.451977850000048, -37.829224870999951 ], [ 145.450653850000094, -37.830861870999968 ], [ 145.465230858000041, -37.825207871999964 ], [ 145.465967858000113, -37.828596861999984 ], [ 145.467296868000062, -37.828775871999937 ], [ 145.468963857000062, -37.82726586299998 ], [ 145.472163847000047, -37.82652888299998 ], [ 145.477205846000061, -37.828485862999969 ], [ 145.481912845000011, -37.825324862999935 ], [ 145.485890835000077, -37.825303863999977 ], [ 145.485822835000022, -37.826234883999973 ], [ 145.483296855000049, -37.827536873999975 ], [ 145.483204835000038, -37.828368873999977 ], [ 145.484719845000086, -37.828577873999961 ], [ 145.481825835000109, -37.829923873999974 ], [ 145.483078835000015, -37.830705873999932 ], [ 145.4811988350001, -37.831947862999982 ], [ 145.481501855000033, -37.834038863999979 ], [ 145.479635865000091, -37.834446882999941 ], [ 145.480343855000115, -37.835366862999933 ], [ 145.478342815000019, -37.835714872999972 ], [ 145.478945835000104, -37.837168882999947 ], [ 145.477729835000105, -37.837490872999979 ], [ 145.478994854000121, -37.840719882999963 ], [ 145.478527874000065, -37.841583862999983 ], [ 145.479332844000055, -37.842017872999975 ], [ 145.479015874000083, -37.843406872999935 ], [ 145.480197854000039, -37.844538872999976 ], [ 145.479501844000083, -37.846043862999977 ], [ 145.480540843000085, -37.848747883999977 ], [ 145.479340833000037, -37.84925487299995 ], [ 145.479949843000099, -37.850195873999951 ], [ 145.478928863000078, -37.850037872999962 ], [ 145.478381833000071, -37.851680872999964 ], [ 145.476975853000113, -37.850733872999967 ], [ 145.475422814000012, -37.851772872999959 ], [ 145.475514393000026, -37.853134952999937 ], [ 145.474044874000015, -37.853160872999979 ], [ 145.474766843000111, -37.854111862999957 ], [ 145.473173834000022, -37.855429882999942 ], [ 145.473259863000067, -37.856931872999951 ], [ 145.470425854000041, -37.857390882999937 ], [ 145.469583874000023, -37.855784872999948 ], [ 145.468907864000016, -37.85602387299997 ], [ 145.467962835000094, -37.853221862999931 ], [ 145.46196786500002, -37.856288871999936 ], [ 145.457817846000012, -37.856275861999961 ], [ 145.456352776000017, -37.857385971999975 ] ] ] } },
{ "type": "Feature", "properties": { "suburb": "Skye" }, "geometry": { "type": "Polygon", "coordinates": [ [ [ 145.239589179000063, -38.077663847999929 ], [ 145.229709206000052, -38.126946597999961 ], [ 145.221165877000089, -38.126246846999948 ], [ 145.219781867000052, -38.133442846999969 ], [ 145.213476858000035, -38.132679856999971 ], [ 145.214552878000063, -38.126989866999963 ], [ 145.187524893000045, -38.123596644999964 ], [ 145.187848614000018, -38.122007364999945 ], [ 145.187165844000106, -38.121916084999953 ], [ 145.188236274000019, -38.116458084999977 ], [ 145.194039993000047, -38.117159354999956 ], [ 145.199967965000042, -38.087978304999979 ], [ 145.218391482000015, -38.090180316999977 ], [ 145.221467883000059, -38.075489726999933 ], [ 145.239589179000063, -38.077663847999929 ] ] ] } },
{ "type": "Feature", "properties": { "suburb": "Smiths Gully" }, "geometry": { "type": "Polygon", "coordinates": [ [ [ 145.320817887000089, -37.611138860999972 ], [ 145.323621886000069, -37.612051860999941 ], [ 145.322956896000051, -37.615167870999983 ], [ 145.324198876000082, -37.618070870999929 ], [ 145.323129906000077, -37.617577860999972 ], [ 145.320443906000037, -37.621928860999958 ], [ 145.31203989800008, -37.61820186999995 ], [ 145.310830427000042, -37.624652909999952 ], [ 145.314265447000025, -37.625064289999955 ], [ 145.312253056000031, -37.633276799999976 ], [ 145.311356906000015, -37.632383859999948 ], [ 145.307821877000038, -37.631998849999945 ], [ 145.306773886000087, -37.637877859999946 ], [ 145.304731896000021, -37.641220859999976 ], [ 145.3052858960001, -37.641993869999965 ], [ 145.295474438000042, -37.64514437899993 ], [ 145.290508908000106, -37.650709008999968 ], [ 145.280594890000089, -37.649588857999959 ], [ 145.280957880000074, -37.647586857999954 ], [ 145.272877912000013, -37.63661985799996 ], [ 145.273827393000033, -37.633782087999975 ], [ 145.276548762000061, -37.633022567999944 ], [ 145.274756903000025, -37.62934785799996 ], [ 145.273405893000017, -37.630024867999964 ], [ 145.27164790300003, -37.629318867999984 ], [ 145.268867914000111, -37.631201856999951 ], [ 145.267632904000038, -37.630043866999983 ], [ 145.266104904000031, -37.631079866999983 ], [ 145.265381914000045, -37.630401856999981 ], [ 145.266896914000085, -37.62936385699993 ], [ 145.265580915000101, -37.628139856999951 ], [ 145.262706905000073, -37.630072856999959 ], [ 145.262745925000104, -37.627940856999942 ], [ 145.258269886000107, -37.623731866999947 ], [ 145.254895357, -37.624931075999939 ], [ 145.254083927000011, -37.622134855999946 ], [ 145.256217897000056, -37.619790845999944 ], [ 145.25425291800002, -37.618671855999935 ], [ 145.256569908000074, -37.616144845999941 ], [ 145.262876226000117, -37.620090216999984 ], [ 145.264607276000106, -37.616724636999948 ], [ 145.264179207000097, -37.612339236999958 ], [ 145.26785690600002, -37.613554846999932 ], [ 145.269028916000025, -37.612986866999961 ], [ 145.270694896, -37.610540846999982 ], [ 145.270108816000061, -37.608005036999941 ], [ 145.275225895000062, -37.610678857999972 ], [ 145.282262904000049, -37.610610847999965 ], [ 145.282326894000107, -37.606781847999969 ], [ 145.283984904000022, -37.60574584799997 ], [ 145.285958893000043, -37.608066857999972 ], [ 145.285707923000018, -37.609280847999969 ], [ 145.287751923000087, -37.610902858999964 ], [ 145.289959912000086, -37.609965848999934 ], [ 145.290946912000095, -37.61098986899998 ], [ 145.293586882000113, -37.611005868999939 ], [ 145.293848921000063, -37.615891868999938 ], [ 145.295928901000025, -37.61556085899997 ], [ 145.296706900000117, -37.617532848999929 ], [ 145.301720910000085, -37.616689859999951 ], [ 145.303062899000111, -37.619986859999983 ], [ 145.305735869000046, -37.619094859999961 ], [ 145.30673592900007, -37.61736886999995 ], [ 145.312600898000028, -37.615556869999978 ], [ 145.31142687800002, -37.615017849999958 ], [ 145.312096798000084, -37.611770769999964 ], [ 145.31674689700003, -37.613672860999941 ], [ 145.320817887000089, -37.611138860999972 ] ] ] } },
{ "type": "Feature", "properties": { "suburb": "Somerton" }, "geometry": { "type": "Polygon", "coordinates": [ [ [ 144.958748968, -37.627687585999979 ], [ 144.957441797000115, -37.631884835999983 ], [ 144.958553477, -37.634406995999939 ], [ 144.961223596000082, -37.63561578599996 ], [ 144.96530674600001, -37.635685085999967 ], [ 144.966901165000081, -37.63825107699995 ], [ 144.968776025000011, -37.638413706999984 ], [ 144.969903554000098, -37.639733916999944 ], [ 144.969339074000118, -37.643077336999966 ], [ 144.970914414000049, -37.64313410699998 ], [ 144.971582583000099, -37.645246146999966 ], [ 144.974030603000074, -37.646526396999946 ], [ 144.934882970000103, -37.641386873999977 ], [ 144.939012982, -37.620912834999956 ], [ 144.953639849000069, -37.622568585999943 ], [ 144.952801039000065, -37.623192175999975 ], [ 144.955485949000035, -37.623777815999972 ], [ 144.955650088000084, -37.626049415999944 ], [ 144.958748968, -37.627687585999979 ] ] ] } },
{ "type": "Feature", "properties": { "suburb": "Somerville" }, "geometry": { "type": "Polygon", "coordinates": [ [ [ 145.163504999000111, -38.203345853999963 ], [ 145.169863998000096, -38.204334073999973 ], [ 145.171871637000095, -38.204657333999933 ], [ 145.163161369641529, -38.204685381599937 ], [ 145.163504999000111, -38.203345853999963 ] ] ] } },
{ "type": "Feature", "properties": { "suburb": "South Kingsville" }, "geometry": { "type": "Polygon", "coordinates": [ [ [ 144.869714402000113, -37.826127170999939 ], [ 144.878345959000058, -37.832548831999929 ], [ 144.881756919000054, -37.834794841999951 ], [ 144.86617018100003, -37.833121170999959 ], [ 144.86741801200003, -37.825907180999934 ], [ 144.869714402000113, -37.826127170999939 ] ] ] } },
{ "type": "Feature", "properties": { "suburb": "South Morang" }, "geometry": { "type": "Polygon", "coordinates": [ [ [ 145.083666323000102, -37.654067654999949 ], [ 145.088138713000035, -37.651221894999935 ], [ 145.068492986000024, -37.649563383999975 ], [ 145.066113047000044, -37.648670402999983 ], [ 145.063890598000057, -37.643491112999982 ], [ 145.062754938000012, -37.643653832999973 ], [ 145.063789668000027, -37.63730652299995 ], [ 145.060357759000112, -37.63291312299998 ], [ 145.060624140000073, -37.631427852999934 ], [ 145.063721749000024, -37.630276582999954 ], [ 145.064519669000106, -37.626335522999966 ], [ 145.042428164000057, -37.624333971999931 ], [ 145.044974225000033, -37.609819681999966 ], [ 145.108508953000069, -37.617110855999954 ], [ 145.109685933000037, -37.618366855999966 ], [ 145.113218912000093, -37.616092855999966 ], [ 145.116245932000083, -37.617707846999963 ], [ 145.115639961000056, -37.619691846999956 ], [ 145.117468941000084, -37.622091846999979 ], [ 145.119222910000076, -37.622648846999937 ], [ 145.11990495100008, -37.620775856999956 ], [ 145.123299960000054, -37.621304836999968 ], [ 145.121613, -37.624879776999933 ], [ 145.12243902900002, -37.626704786999937 ], [ 145.120161070000108, -37.626271776999943 ], [ 145.118611100000066, -37.627995806999934 ], [ 145.115027161000057, -37.627217796999957 ], [ 145.113209211000026, -37.628314806999981 ], [ 145.114710230000014, -37.629897816999971 ], [ 145.114352240000017, -37.630604826999956 ], [ 145.10875033100001, -37.631199845999959 ], [ 145.111464321000085, -37.63278383599993 ], [ 145.108901401000026, -37.63331085599998 ], [ 145.109741381000049, -37.635027885999932 ], [ 145.108128441000076, -37.637840935999975 ], [ 145.110192410000082, -37.637377915999934 ], [ 145.109479420000071, -37.639123925999968 ], [ 145.107788441000025, -37.640078955999968 ], [ 145.101862522000033, -37.638694955999938 ], [ 145.102620521000063, -37.639662965999946 ], [ 145.101655492000077, -37.640592975999937 ], [ 145.104702481000118, -37.640686975999984 ], [ 145.103041511000015, -37.642715005999946 ], [ 145.103528531000052, -37.644164015999934 ], [ 145.105734480000024, -37.645102015999953 ], [ 145.104419490000055, -37.646910045999959 ], [ 145.107693510000104, -37.64873808599998 ], [ 145.105000540000106, -37.649028075999979 ], [ 145.103287520000094, -37.650389095999969 ], [ 145.1043755500001, -37.651290115999984 ], [ 145.103809580000075, -37.652163135999956 ], [ 145.107572579000021, -37.653495155999963 ], [ 145.10498158900009, -37.654210175999935 ], [ 145.102469630000087, -37.652701135999962 ], [ 145.101931620000073, -37.65468418599994 ], [ 145.10607961900007, -37.656075185999953 ], [ 145.107804689000091, -37.658221215999959 ], [ 145.103504689000033, -37.657034225999951 ], [ 145.102725709000083, -37.658116245999963 ], [ 145.10370474900003, -37.661221305999959 ], [ 145.101997759000028, -37.66144432599998 ], [ 145.100678789000085, -37.662833345999957 ], [ 145.097900810000056, -37.662513345999969 ], [ 145.096379820000038, -37.664805385999955 ], [ 145.095264860000043, -37.664057395999976 ], [ 145.095766800000092, -37.662173355999983 ], [ 145.085172833000115, -37.656025344999932 ], [ 145.083666323000102, -37.654067654999949 ] ] ] } },
{ "type": "Feature", "properties": { "suburb": "Springvale South" }, "geometry": { "type": "Polygon", "coordinates": [ [ [ 145.131938081000044, -37.959924889999968 ], [ 145.160987916000067, -37.963479851999978 ], [ 145.160713876000045, -37.96489386199994 ], [ 145.161995895000018, -37.965533851999965 ], [ 145.161106755000105, -37.967124421999983 ], [ 145.160096186000033, -37.966744241999947 ], [ 145.160989485000073, -37.968175401999929 ], [ 145.159535905000098, -37.974511861999929 ], [ 145.160670915000082, -37.974651011999981 ], [ 145.16127188400003, -37.976142861999961 ], [ 145.158624105000058, -37.976803251999968 ], [ 145.158591904000104, -37.981161851999957 ], [ 145.15601708500003, -37.980858581999939 ], [ 145.155473895000114, -37.983629841999971 ], [ 145.146243016000085, -37.98209456099994 ], [ 145.145916846000091, -37.983599100999982 ], [ 145.14017233800007, -37.976435360999972 ], [ 145.132692211000062, -37.963389209999946 ], [ 145.129603762000102, -37.961547129999929 ], [ 145.131938081000044, -37.959924889999968 ] ] ] } },
{ "type": "Feature", "properties": { "suburb": "St Andrews" }, "geometry": { "type": "Polygon", "coordinates": [ [ [ 145.312383914000065, -37.563717869999948 ], [ 145.305208194000102, -37.567820238999957 ], [ 145.310896903000071, -37.568502859999967 ], [ 145.309758903000102, -37.574382859999957 ], [ 145.314520912000035, -37.574955859999932 ], [ 145.31281191100004, -37.583954849999941 ], [ 145.307564922000097, -37.583321859999955 ], [ 145.30501489300002, -37.58203586999997 ], [ 145.303647933000093, -37.585294859999976 ], [ 145.299031374000037, -37.584088368999971 ], [ 145.296463924000022, -37.58441986899993 ], [ 145.295285884, -37.588779858999942 ], [ 145.297354894000023, -37.58839484899994 ], [ 145.304981892000114, -37.590535859999932 ], [ 145.305442892000087, -37.58680886999997 ], [ 145.31206588100008, -37.587330859999952 ], [ 145.311892911000086, -37.588635849999946 ], [ 145.318671910000035, -37.589422860999946 ], [ 145.317747909000104, -37.594574850999948 ], [ 145.318924889000073, -37.593125860999976 ], [ 145.324750868000024, -37.593147850999969 ], [ 145.321655927000052, -37.607610860999955 ], [ 145.32657689600012, -37.607985850999967 ], [ 145.32644490600012, -37.609109860999979 ], [ 145.31674689700003, -37.613672860999941 ], [ 145.312096798000084, -37.611770769999964 ], [ 145.31142687800002, -37.615017849999958 ], [ 145.312600898000028, -37.615556869999978 ], [ 145.30673592900007, -37.61736886999995 ], [ 145.305735869000046, -37.619094859999961 ], [ 145.303062899000111, -37.619986859999983 ], [ 145.301720910000085, -37.616689859999951 ], [ 145.296706900000117, -37.617532848999929 ], [ 145.295928901000025, -37.61556085899997 ], [ 145.293848921000063, -37.615891868999938 ], [ 145.293586882000113, -37.611005868999939 ], [ 145.290946912000095, -37.61098986899998 ], [ 145.289959912000086, -37.609965848999934 ], [ 145.287751923000087, -37.610902858999964 ], [ 145.285707923000018, -37.609280847999969 ], [ 145.285958893000043, -37.608066857999972 ], [ 145.284308914000121, -37.60584586799996 ], [ 145.282326894000107, -37.606781847999969 ], [ 145.282262904000049, -37.610610847999965 ], [ 145.275225895000062, -37.610678857999972 ], [ 145.270108816000061, -37.608005036999941 ], [ 145.270694896, -37.610540846999982 ], [ 145.269028916000025, -37.612986866999961 ], [ 145.26785690600002, -37.613554846999932 ], [ 145.264179207000097, -37.612339236999958 ], [ 145.264607276000106, -37.616724636999948 ], [ 145.262876226000117, -37.620090216999984 ], [ 145.256569908000074, -37.616144845999941 ], [ 145.255988938000087, -37.61677786599995 ], [ 145.251236929000015, -37.614206865999961 ], [ 145.242867921000084, -37.608285864999971 ], [ 145.243889921000118, -37.606879864999939 ], [ 145.243311941000115, -37.606221854999944 ], [ 145.245502891000115, -37.606100845999947 ], [ 145.246128941000052, -37.60433885599997 ], [ 145.247039501000017, -37.599316305999935 ], [ 145.244956922000028, -37.597914854999942 ], [ 145.248197901000026, -37.594769855999971 ], [ 145.248761902000069, -37.592041865999931 ], [ 145.251192071000105, -37.592095195999946 ], [ 145.251089912000111, -37.583887855999933 ], [ 145.252802892000091, -37.583688855999981 ], [ 145.256862891000083, -37.585590855999953 ], [ 145.261790900000051, -37.584201856999982 ], [ 145.258396911000091, -37.581450855999947 ], [ 145.257632932000092, -37.577408865999985 ], [ 145.25493292200008, -37.575498845999959 ], [ 145.255766913000116, -37.57087886599993 ], [ 145.259219912000049, -37.571195865999982 ], [ 145.257041923000088, -37.568937865999942 ], [ 145.256153923000056, -37.56516785599996 ], [ 145.252746904000105, -37.564335855999957 ], [ 145.253476904000081, -37.563317835999953 ], [ 145.261910912000076, -37.564155855999957 ], [ 145.263049903000024, -37.558018846999971 ], [ 145.27066792100004, -37.55892384699996 ], [ 145.271406902000081, -37.554628856999955 ], [ 145.276566911000032, -37.554556846999958 ], [ 145.276511901000049, -37.552658866999934 ], [ 145.287658889000113, -37.552440857999954 ], [ 145.287599940000064, -37.548873857999979 ], [ 145.293535939000094, -37.548752868999941 ], [ 145.294700909000085, -37.547415848999947 ], [ 145.306262897000011, -37.544642848999956 ], [ 145.304974886000082, -37.550220858999978 ], [ 145.307140906000086, -37.550281859999984 ], [ 145.309517896000102, -37.547430859999963 ], [ 145.318517924000048, -37.548440859999971 ], [ 145.319706905000089, -37.541669859999956 ], [ 145.320866915000011, -37.541801859999964 ], [ 145.321016925000094, -37.540990859999965 ], [ 145.31608588600011, -37.54042284999997 ], [ 145.316512906000071, -37.537350859999947 ], [ 145.332673163000095, -37.539163870999971 ], [ 145.330844912000089, -37.549416850999933 ], [ 145.325611913000103, -37.548845870999969 ], [ 145.323244923000061, -37.554161860999955 ], [ 145.316435924000075, -37.559168869999951 ], [ 145.313237904000061, -37.559962869999936 ], [ 145.31301488400004, -37.561044859999981 ], [ 145.310106894000114, -37.562978869999938 ], [ 145.312383914000065, -37.563717869999948 ] ] ] } },
{ "type": "Feature", "properties": { "suburb": "St Helena" }, "geometry": { "type": "Polygon", "coordinates": [ [ [ 145.132152181000038, -37.689595467999936 ], [ 145.133112431000086, -37.691469807999965 ], [ 145.136008850000053, -37.692826858999979 ], [ 145.136307819000081, -37.697049338999932 ], [ 145.127471061000051, -37.696207137999977 ], [ 145.12890690100005, -37.692587027999934 ], [ 145.113687054000025, -37.690712876999953 ], [ 145.114354244000083, -37.689037006999968 ], [ 145.116803824000044, -37.687909426999965 ], [ 145.130546732000084, -37.685984277999978 ], [ 145.137536551000039, -37.683084108999935 ], [ 145.143709400000034, -37.68261100899997 ], [ 145.142915489000075, -37.686943098999961 ], [ 145.137088330000097, -37.686011148999967 ], [ 145.132152181000038, -37.689595467999936 ] ] ] } },
{ "type": "Feature", "properties": { "suburb": "St Leonards" }, "geometry": { "type": "Polygon", "coordinates": [ [ [ 144.711291070000016, -38.193259822999948 ], [ 144.710619619000113, -38.197826752999958 ], [ 144.707848629612727, -38.204685381599937 ], [ 144.70234655797546, -38.204685381599937 ], [ 144.703495770000018, -38.202593911999941 ], [ 144.702829750000092, -38.200469871999985 ], [ 144.701297741000076, -38.199484851999955 ], [ 144.698457781000116, -38.200048901999935 ], [ 144.696857952000073, -38.198982841999964 ], [ 144.697439762000045, -38.196340871999951 ], [ 144.693952803000116, -38.194328871999971 ], [ 144.684391014000084, -38.198577000999933 ], [ 144.681287854000061, -38.20117830099997 ], [ 144.64090795200002, -38.19631181799997 ], [ 144.646451974000115, -38.167416817999936 ], [ 144.682747747000121, -38.171747300999982 ], [ 144.689823530000012, -38.135261210999943 ], [ 144.703091757000038, -38.137102671999969 ], [ 144.700372947000119, -38.141056821999939 ], [ 144.700658957000087, -38.144301811999981 ], [ 144.706883086000062, -38.14508484199996 ], [ 144.706152055000075, -38.14884275199995 ], [ 144.717010153000047, -38.150210512999934 ], [ 144.716032972000107, -38.161870782999983 ], [ 144.719636180000066, -38.173242402999961 ], [ 144.715997270000116, -38.179002482999977 ], [ 144.711291070000016, -38.193259822999948 ] ] ] } },
{ "type": "Feature", "properties": { "suburb": "Steels Creek" }, "geometry": { "type": "Polygon", "coordinates": [ [ [ 145.398979347000022, -37.581310265999946 ], [ 145.403071356000055, -37.582384525999942 ], [ 145.401448346000052, -37.584537515999955 ], [ 145.401981616000057, -37.587930175999929 ], [ 145.395350877000055, -37.587109865999935 ], [ 145.39332636600011, -37.600082455999939 ], [ 145.390233866000017, -37.599724225999978 ], [ 145.389497916000096, -37.603549925999971 ], [ 145.393195845000037, -37.603994155999942 ], [ 145.391654265000057, -37.61270445599996 ], [ 145.391760334000082, -37.614616885999965 ], [ 145.394292114000109, -37.614925415999949 ], [ 145.392974214000105, -37.620253945999934 ], [ 145.387419895000107, -37.619644875999938 ], [ 145.386981894000087, -37.621809875999929 ], [ 145.385742875000119, -37.62208086499993 ], [ 145.372113847000037, -37.620259014999931 ], [ 145.371337888000085, -37.617909863999955 ], [ 145.36304687900008, -37.616979873999981 ], [ 145.35783592000007, -37.618660542999976 ], [ 145.352578901000015, -37.615393182999981 ], [ 145.356260881000026, -37.613842162999958 ], [ 145.355268841000111, -37.611848152999983 ], [ 145.356700771000078, -37.608680122999942 ], [ 145.356609711000033, -37.605473092999944 ], [ 145.354775692000089, -37.60247609299995 ], [ 145.354975672000023, -37.600691082999958 ], [ 145.364411655000026, -37.56278647399995 ], [ 145.366417666000075, -37.545112813999935 ], [ 145.368436476000056, -37.545325483999932 ], [ 145.375828315000035, -37.540528033999976 ], [ 145.379903064000018, -37.542858604999935 ], [ 145.383456524000053, -37.54195014499993 ], [ 145.386613473000011, -37.543381154999963 ], [ 145.3895344230001, -37.539725074999978 ], [ 145.39270642200006, -37.540897064999967 ], [ 145.395633322000094, -37.539698015999932 ], [ 145.39893690100007, -37.539691865999941 ], [ 145.400647911000078, -37.543784865999953 ], [ 145.405495910000013, -37.546517865999931 ], [ 145.408060908000039, -37.555637876999981 ], [ 145.407410878000064, -37.55722385699994 ], [ 145.408208878000096, -37.559789866999949 ], [ 145.411203597000053, -37.563324086999955 ], [ 145.410072167000067, -37.563976156999956 ], [ 145.408754877000092, -37.568228856999951 ], [ 145.406791797000096, -37.567921146999936 ], [ 145.406723987000078, -37.572192946999962 ], [ 145.402209997000114, -37.574814805999949 ], [ 145.403884947000051, -37.575948725999979 ], [ 145.400083027000051, -37.575360605999947 ], [ 145.398979347000022, -37.581310265999946 ] ] ] } },
{ "type": "Feature", "properties": { "suburb": "Strathewen" }, "geometry": { "type": "Polygon", "coordinates": [ [ [ 145.277127915000051, -37.512367856999958 ], [ 145.279183925000098, -37.508287856999971 ], [ 145.285109914000031, -37.50951486799994 ], [ 145.284488904000114, -37.510872857999971 ], [ 145.281674905000045, -37.512511867999933 ], [ 145.281915914000024, -37.513596847999963 ], [ 145.279253934000053, -37.518938856999966 ], [ 145.28397089300006, -37.519520847999956 ], [ 145.282735923000018, -37.525937847999955 ], [ 145.286966892, -37.52640785799997 ], [ 145.286331932000053, -37.52967986799996 ], [ 145.295860920000109, -37.53076485899993 ], [ 145.292976900000099, -37.534271857999954 ], [ 145.290096911000091, -37.53555285799996 ], [ 145.297637919000067, -37.536762848999956 ], [ 145.299727940000025, -37.528618858999948 ], [ 145.308650918000012, -37.52964985999995 ], [ 145.307370898000045, -37.536886858999935 ], [ 145.310050907000118, -37.53719585999994 ], [ 145.309166917000084, -37.542237849999935 ], [ 145.306940927000028, -37.541866848999973 ], [ 145.306262897000011, -37.544642848999956 ], [ 145.300960908000093, -37.546508848999963 ], [ 145.294700909000085, -37.547415848999947 ], [ 145.293535939000094, -37.548752868999941 ], [ 145.287599940000064, -37.548873857999979 ], [ 145.287658889000113, -37.552440857999954 ], [ 145.276511901000049, -37.552658866999934 ], [ 145.276566911000032, -37.554556846999958 ], [ 145.271406902000081, -37.554628856999955 ], [ 145.27066792100004, -37.55892384699996 ], [ 145.263049903000024, -37.558018846999971 ], [ 145.261910912000076, -37.564155855999957 ], [ 145.251931924000019, -37.563334855999983 ], [ 145.251428924000038, -37.562568845999976 ], [ 145.250973914000042, -37.563512845999981 ], [ 145.248739935000117, -37.562487855999962 ], [ 145.247329895000121, -37.564348864999943 ], [ 145.247769905000041, -37.559090844999957 ], [ 145.238921907000076, -37.558007854999971 ], [ 145.240014897000037, -37.553850854999951 ], [ 145.243755927000052, -37.553238854999961 ], [ 145.245103917000051, -37.551062844999933 ], [ 145.245003937000092, -37.549277854999957 ], [ 145.236903928000061, -37.548236864999978 ], [ 145.238933919000033, -37.537354844999982 ], [ 145.248432937000075, -37.538496854999948 ], [ 145.249708938000026, -37.531962854999961 ], [ 145.251789908000092, -37.532217855999932 ], [ 145.253794888000016, -37.521915855999964 ], [ 145.257021928000086, -37.52231786599998 ], [ 145.25832691800008, -37.515596845999937 ], [ 145.263640907000081, -37.516252855999937 ], [ 145.264701928000022, -37.510836855999969 ], [ 145.277127915000051, -37.512367856999958 ] ] ] } },
{ "type": "Feature", "properties": { "suburb": "Strathmore" }, "geometry": { "type": "Polygon", "coordinates": [ [ [ 144.904865407000102, -37.720920372999956 ], [ 144.901738308000063, -37.719223162999981 ], [ 144.902317528000026, -37.716677492999963 ], [ 144.90348055700008, -37.716923462999944 ], [ 144.904422557000089, -37.715731412999958 ], [ 144.905622527000105, -37.71723743299998 ], [ 144.910207366, -37.71789049299997 ], [ 144.910609336000107, -37.718890532999978 ], [ 144.909294386000056, -37.719569542999977 ], [ 144.910603316000106, -37.721905622999941 ], [ 144.912471235000112, -37.720912602999931 ], [ 144.914594405000116, -37.723805133999974 ], [ 144.916943104000097, -37.723640683999974 ], [ 144.921247003000076, -37.726178753999932 ], [ 144.922552023000094, -37.728818783999941 ], [ 144.924417983000012, -37.72877477399993 ], [ 144.925462932000073, -37.730071783999961 ], [ 144.924324022000064, -37.732387823999943 ], [ 144.928253941000094, -37.734794834999946 ], [ 144.930116030000022, -37.740172864999977 ], [ 144.934649039000078, -37.744234854999945 ], [ 144.908208954000088, -37.741301842999974 ], [ 144.904445475000102, -37.735093502999973 ], [ 144.912030684000115, -37.732724352999981 ], [ 144.917691763000107, -37.732227443999932 ], [ 144.91675491400008, -37.732189873999971 ], [ 144.917029724000031, -37.730690423999931 ], [ 144.915951294000024, -37.72982766399997 ], [ 144.912490515000059, -37.728249382999934 ], [ 144.912943585000107, -37.72571209299997 ], [ 144.905144377000056, -37.723075162999976 ], [ 144.904865407000102, -37.720920372999956 ] ] ] } },
{ "type": "Feature", "properties": { "suburb": "Strathmore Heights" }, "geometry": { "type": "Polygon", "coordinates": [ [ [ 144.888459971000088, -37.710981841999967 ], [ 144.898220479000088, -37.709184171999937 ], [ 144.902995548000035, -37.714424412999961 ], [ 144.901738308000063, -37.719223162999981 ], [ 144.898516968000081, -37.71839984199994 ], [ 144.896184979000054, -37.715857831999983 ], [ 144.896519279000017, -37.713907891999952 ], [ 144.890047400000071, -37.713140161999945 ], [ 144.888459971000088, -37.710981841999967 ] ] ] } },
{ "type": "Feature", "properties": { "suburb": "Strathtulloh" }, "geometry": { "type": "Polygon", "coordinates": [ [ [ 144.583972023000115, -37.714656800999933 ], [ 144.599977020000097, -37.716469801999949 ], [ 144.600870830000076, -37.711529861999963 ], [ 144.609406529000012, -37.714338722999969 ], [ 144.608096818000035, -37.721642342999985 ], [ 144.610518748000118, -37.721916682999961 ], [ 144.611747988000047, -37.715109242999972 ], [ 144.61849901700009, -37.717330813999979 ], [ 144.612265024000067, -37.751666812999929 ], [ 144.575455001000023, -37.748073820999934 ], [ 144.575657241000044, -37.74639530099995 ], [ 144.579148781000072, -37.746271820999937 ], [ 144.580294231000039, -37.743651020999948 ], [ 144.579065051000043, -37.74206996099997 ], [ 144.583685021000065, -37.738791810999942 ], [ 144.581203021000078, -37.736510820999968 ], [ 144.578938022000102, -37.737577800999929 ], [ 144.579077012000084, -37.734912810999958 ], [ 144.576984022000033, -37.733629810999957 ], [ 144.578734762000067, -37.731932730999972 ], [ 144.577421233000109, -37.730227920999937 ], [ 144.579437312000096, -37.729053480999937 ], [ 144.57887301300002, -37.727391630999932 ], [ 144.580667382000115, -37.727272070999959 ], [ 144.579311783000094, -37.725810720999959 ], [ 144.581758162000028, -37.724692640999933 ], [ 144.582530502000054, -37.723206070999936 ], [ 144.5828247930001, -37.721377600999972 ], [ 144.582069293000018, -37.720686030999957 ], [ 144.583082293000075, -37.718372890999945 ], [ 144.581676473000016, -37.718411150999941 ], [ 144.581867093000028, -37.717227430999969 ], [ 144.580510324000102, -37.716120130999968 ], [ 144.583972023000115, -37.714656800999933 ] ] ] } },
{ "type": "Feature", "properties": { "suburb": "Swan Bay" }, "geometry": { "type": "Polygon", "coordinates": [ [ [ 144.64090795200002, -38.19631181799997 ], [ 144.659250948000022, -38.19855481899998 ], [ 144.681287854000061, -38.20117830099997 ], [ 144.679323064000073, -38.202379790999942 ], [ 144.677847805000056, -38.202175839999938 ], [ 144.675548206005971, -38.204685381599937 ], [ 144.639282673904404, -38.204685381599937 ], [ 144.64090795200002, -38.19631181799997 ] ] ] } },
{ "type": "Feature", "properties": { "suburb": "Sydenham" }, "geometry": { "type": "Polygon", "coordinates": [ [ [ 144.755457975000013, -37.698517822999975 ], [ 144.758357396000065, -37.680923972999949 ], [ 144.781802499000037, -37.711285803999942 ], [ 144.760550273000035, -37.70884767299998 ], [ 144.76095702300006, -37.706720502999929 ], [ 144.75650651400008, -37.706182392999949 ], [ 144.755457975000013, -37.698517822999975 ] ] ] } },
{ "type": "Feature", "properties": { "suburb": "Tarneit" }, "geometry": { "type": "Polygon", "coordinates": [ [ [ 144.665107002000013, -37.871806137999954 ], [ 144.65086456500012, -37.870342526999934 ], [ 144.653616005000117, -37.868797776999941 ], [ 144.653162235000082, -37.867562936999946 ], [ 144.646902196000042, -37.870465845999945 ], [ 144.646266256000104, -37.869813845999943 ], [ 144.646859126000095, -37.866251855999963 ], [ 144.643813207000107, -37.86673187599996 ], [ 144.638593298000046, -37.865584915999932 ], [ 144.636814438000101, -37.867556945999979 ], [ 144.635482478000085, -37.867641925999976 ], [ 144.633479399000066, -37.864229934999969 ], [ 144.629944370000089, -37.861115904999963 ], [ 144.626842460000034, -37.861248934999935 ], [ 144.62364750100005, -37.860089934999962 ], [ 144.622727481000084, -37.858264924999958 ], [ 144.625150391000034, -37.857402934999982 ], [ 144.625376361000122, -37.855566924999948 ], [ 144.624260371000105, -37.855287924999971 ], [ 144.623638342000049, -37.852260934999947 ], [ 144.621824362000098, -37.851283934999969 ], [ 144.619058432000088, -37.85149899399994 ], [ 144.618747423000059, -37.848685973999977 ], [ 144.616924423000114, -37.846831003999966 ], [ 144.617877294000095, -37.842974013999935 ], [ 144.614676464000013, -37.842084713999952 ], [ 144.617834045000109, -37.825904803999947 ], [ 144.654021959000033, -37.829813256999955 ], [ 144.659460871000078, -37.800932526999929 ], [ 144.708528652000041, -37.806774639999958 ], [ 144.712268000000108, -37.811611819999939 ], [ 144.708489991000079, -37.813485809999975 ], [ 144.706052011000111, -37.81654881999998 ], [ 144.706607981000047, -37.819263819999946 ], [ 144.704793971000072, -37.819631829999935 ], [ 144.7040720010001, -37.821163829999932 ], [ 144.704911970000012, -37.824018819999935 ], [ 144.7031629600001, -37.827096819999952 ], [ 144.705084980000038, -37.828501819999929 ], [ 144.702671960000089, -37.834990819999973 ], [ 144.70466796900007, -37.83986380999994 ], [ 144.706960968000089, -37.840701829999944 ], [ 144.705657988000098, -37.843362809999974 ], [ 144.706172968000033, -37.844527809999931 ], [ 144.711421957000084, -37.844740820999959 ], [ 144.713628966000101, -37.846580810999967 ], [ 144.713310976000116, -37.851247830999966 ], [ 144.669472074000055, -37.84636282799994 ], [ 144.665107002000013, -37.871806137999954 ] ] ] } },
{ "type": "Feature", "properties": { "suburb": "Tarrawarra" }, "geometry": { "type": "Polygon", "coordinates": [ [ [ 145.419069074000049, -37.663567497999964 ], [ 145.417186885000092, -37.65583586799994 ], [ 145.416282926000122, -37.656071597999983 ], [ 145.418974867000088, -37.643431857999929 ], [ 145.420907906000025, -37.641623877999962 ], [ 145.435246864000078, -37.637033878999944 ], [ 145.44524888300009, -37.63829187999994 ], [ 145.451191881000113, -37.642177879999963 ], [ 145.463987798000062, -37.647222850999981 ], [ 145.466231268000115, -37.649906880999936 ], [ 145.464178067000034, -37.659533630999931 ], [ 145.460918068000069, -37.659228510999981 ], [ 145.460327687000017, -37.661782090999964 ], [ 145.466522866000105, -37.662224870999978 ], [ 145.469327885000098, -37.665460871999983 ], [ 145.469054865000089, -37.666746881999984 ], [ 145.470854865000092, -37.666282881999962 ], [ 145.469536885000025, -37.667977871999938 ], [ 145.472205404000078, -37.669583081999974 ], [ 145.471518434000018, -37.671223041999951 ], [ 145.469660475000069, -37.671745081999973 ], [ 145.472087464000083, -37.672485041999948 ], [ 145.468995515000074, -37.672903051999981 ], [ 145.467793535000055, -37.673837081999977 ], [ 145.469017525000027, -37.674196051999957 ], [ 145.468608584000094, -37.675598041999933 ], [ 145.4674406150001, -37.676010051999981 ], [ 145.458625686000119, -37.672808160999978 ], [ 145.45760266700006, -37.671406180999952 ], [ 145.456450687000029, -37.672826180999948 ], [ 145.455772697000043, -37.671168190999936 ], [ 145.446239848000118, -37.67426125999998 ], [ 145.444206879000035, -37.673077299999932 ], [ 145.441605889000016, -37.673936309999931 ], [ 145.441053899000053, -37.672913319999964 ], [ 145.436865960000091, -37.671569358999932 ], [ 145.436987940000108, -37.670328368999947 ], [ 145.438574890000041, -37.669668358999957 ], [ 145.437924900000098, -37.669130358999951 ], [ 145.436072921000118, -37.669374378999976 ], [ 145.435290911000038, -37.668124388999956 ], [ 145.434591971000032, -37.669157408999979 ], [ 145.431516012000088, -37.668060408999963 ], [ 145.429708052000024, -37.668425438999975 ], [ 145.430121962000044, -37.666407418999938 ], [ 145.431308002000037, -37.666225418999943 ], [ 145.429681962000018, -37.664481418999969 ], [ 145.430869922000056, -37.663305408999975 ], [ 145.42665695300002, -37.661115438999957 ], [ 145.426388933000112, -37.659908438999935 ], [ 145.4255369440001, -37.660533448999956 ], [ 145.426131934000068, -37.658802418999983 ], [ 145.425418904000026, -37.65817741799998 ], [ 145.420354935000091, -37.657783457999983 ], [ 145.42039895500011, -37.658838457999934 ], [ 145.423736984000016, -37.662070467999968 ], [ 145.420448044000068, -37.662157467999975 ], [ 145.421498044000032, -37.663432467999939 ], [ 145.42393401400011, -37.663068467999949 ], [ 145.419561094000073, -37.665316487999974 ], [ 145.420375044000025, -37.664040487999955 ], [ 145.419069074000049, -37.663567497999964 ] ] ] } },
{ "type": "Feature", "properties": { "suburb": "Taylors Hill" }, "geometry": { "type": "Polygon", "coordinates": [ [ [ 144.741843407000033, -37.704408721999982 ], [ 144.76095702300006, -37.706720502999929 ], [ 144.760550273000035, -37.70884767299998 ], [ 144.768157092000024, -37.70971792399996 ], [ 144.764050291000103, -37.725544732999936 ], [ 144.738380395000036, -37.722437251999963 ], [ 144.741843407000033, -37.704408721999982 ] ] ] } },
{ "type": "Feature", "properties": { "suburb": "Taylors Lakes" }, "geometry": { "type": "Polygon", "coordinates": [ [ [ 144.797505678000107, -37.692943164999974 ], [ 144.790954079000016, -37.69946267499995 ], [ 144.801936227000056, -37.701846035999949 ], [ 144.801700406, -37.704429145999939 ], [ 144.806623746000014, -37.704347655999982 ], [ 144.81288772400012, -37.710258606999957 ], [ 144.810809854000013, -37.710531785999933 ], [ 144.810935484000083, -37.714171915999941 ], [ 144.781802499000037, -37.711285803999942 ], [ 144.76504499400005, -37.689459812999985 ], [ 144.775147314000037, -37.679090663999943 ], [ 144.797505678000107, -37.692943164999974 ] ] ] } },
{ "type": "Feature", "properties": { "suburb": "Tecoma" }, "geometry": { "type": "Polygon", "coordinates": [ [ [ 145.347587390000058, -37.907397364999952 ], [ 145.347412989000077, -37.909098054999959 ], [ 145.343133110000053, -37.911097623999979 ], [ 145.34271595000007, -37.912081753999985 ], [ 145.344043090000014, -37.913201373999982 ], [ 145.340036520000012, -37.917219793999948 ], [ 145.341722969000102, -37.918489853999972 ], [ 145.340038930000105, -37.918593083999951 ], [ 145.338372850000042, -37.920889903999978 ], [ 145.336511970000061, -37.921317933999944 ], [ 145.335834830000067, -37.923781853999969 ], [ 145.331821830000081, -37.923801853999976 ], [ 145.337386840000022, -37.919460863999973 ], [ 145.337012860000073, -37.918292873999974 ], [ 145.340499890000046, -37.913628873999983 ], [ 145.340490221000096, -37.908418163999954 ], [ 145.337825861000056, -37.906096853999941 ], [ 145.338640841000029, -37.905404973999964 ], [ 145.340498281, -37.905823983999937 ], [ 145.339058831000102, -37.903364863999968 ], [ 145.341429841000036, -37.902749743999948 ], [ 145.342728871000077, -37.899240863999978 ], [ 145.341730932000019, -37.899014593999937 ], [ 145.341495462000012, -37.897298293999938 ], [ 145.342837062000058, -37.894932313999959 ], [ 145.343881872000111, -37.895165873999929 ], [ 145.342951892000087, -37.890195823999932 ], [ 145.345511892000104, -37.889756863999935 ], [ 145.347103541000024, -37.894126943999936 ], [ 145.350649010000097, -37.896026824999979 ], [ 145.351309990000118, -37.898315754999942 ], [ 145.351815399000088, -37.901963844999955 ], [ 145.349397570000065, -37.901421704999962 ], [ 145.348666840000078, -37.903457144999948 ], [ 145.34987086000001, -37.903732874999946 ], [ 145.34953684900006, -37.90537887499994 ], [ 145.348471969000116, -37.907599644999948 ], [ 145.347587390000058, -37.907397364999952 ] ] ] } },
{ "type": "Feature", "properties": { "suburb": "Templestowe" }, "geometry": { "type": "Polygon", "coordinates": [ [ [ 145.169913758000121, -37.745992610999963 ], [ 145.164448616000072, -37.775220920999971 ], [ 145.146192259000031, -37.773088189999953 ], [ 145.145130919000053, -37.778566849999947 ], [ 145.143308909000098, -37.777263859999948 ], [ 145.139567910000096, -37.776783858999977 ], [ 145.135363921000021, -37.773127848999934 ], [ 145.136176591000094, -37.770087388999968 ], [ 145.13253601200006, -37.767071728999952 ], [ 145.127336183000011, -37.766187607999939 ], [ 145.126540924000096, -37.761836857999981 ], [ 145.124718444000109, -37.760468057999958 ], [ 145.124669675000064, -37.758618167999941 ], [ 145.12271751500009, -37.758317787999943 ], [ 145.123121675000107, -37.757186457999978 ], [ 145.121803155000066, -37.757047927999963 ], [ 145.121995175000052, -37.755982377999942 ], [ 145.118943156000114, -37.755648157999929 ], [ 145.118494936000047, -37.75381454799998 ], [ 145.121079396000027, -37.752983787999938 ], [ 145.122608776000106, -37.749185927999974 ], [ 145.124195796000095, -37.750644887999954 ], [ 145.12610978500004, -37.750896857999976 ], [ 145.123157776000085, -37.747551917999942 ], [ 145.120272777000082, -37.748091967999983 ], [ 145.11992675700003, -37.744905947999939 ], [ 145.121666677000121, -37.741368917999978 ], [ 145.125409647000083, -37.740168857999947 ], [ 145.133601595000073, -37.742702768999948 ], [ 145.136583495000082, -37.740458758999978 ], [ 145.137744595000072, -37.738255808999952 ], [ 145.1429333640001, -37.738911678999955 ], [ 145.148436213000082, -37.737210619999985 ], [ 145.149977202000059, -37.738406639999937 ], [ 145.151520133000076, -37.735858579999956 ], [ 145.154610442000035, -37.733981039999946 ], [ 145.162427940000043, -37.73771659099998 ], [ 145.16502188000004, -37.73425053099993 ], [ 145.17634815800011, -37.735005121999961 ], [ 145.176900808000028, -37.738235451999969 ], [ 145.177720378000117, -37.73840254199996 ], [ 145.175538737000011, -37.749965931999952 ], [ 145.173153127000091, -37.749293730999966 ], [ 145.172596978000115, -37.746698550999952 ], [ 145.169913758000121, -37.745992610999963 ] ] ] } },
{ "type": "Feature", "properties": { "suburb": "Templestowe Lower" }, "geometry": { "type": "Polygon", "coordinates": [ [ [ 145.131467653000072, -37.767253638999932 ], [ 145.123231463000025, -37.779583037999942 ], [ 145.119370494, -37.776302357999953 ], [ 145.119805904000032, -37.77391685799995 ], [ 145.117783914000029, -37.77368084799997 ], [ 145.117358764000073, -37.775758087999975 ], [ 145.113454985000089, -37.773605596999971 ], [ 145.109156556000016, -37.774050926999962 ], [ 145.109339456000043, -37.773037256999942 ], [ 145.101840717000073, -37.772001476999947 ], [ 145.099117598000021, -37.770509225999945 ], [ 145.100408938000101, -37.769493766999972 ], [ 145.101217848000033, -37.763021776999949 ], [ 145.098183929000015, -37.762216845999944 ], [ 145.095534910000083, -37.75899983599993 ], [ 145.093345930000055, -37.758379845999968 ], [ 145.093483861000095, -37.753006245999984 ], [ 145.095552831000077, -37.749287175999939 ], [ 145.098256820000074, -37.749017115999948 ], [ 145.101789909000104, -37.752461106999931 ], [ 145.10967894800001, -37.755430156999978 ], [ 145.113233937000018, -37.755111136999972 ], [ 145.11508488700008, -37.753117096999972 ], [ 145.121148856000104, -37.752296977999947 ], [ 145.118494936000047, -37.75381454799998 ], [ 145.118943156000114, -37.755648157999929 ], [ 145.121995175000052, -37.755982377999942 ], [ 145.121803155000066, -37.757047927999963 ], [ 145.123121675000107, -37.757186457999978 ], [ 145.12271751500009, -37.758317787999943 ], [ 145.124669675000064, -37.758618167999941 ], [ 145.124718444000109, -37.760468057999958 ], [ 145.126540924000096, -37.761836857999981 ], [ 145.127336183000011, -37.766187607999939 ], [ 145.131467653000072, -37.767253638999932 ] ] ] } },
{ "type": "Feature", "properties": { "suburb": "The Basin" }, "geometry": { "type": "Polygon", "coordinates": [ [ [ 145.309997873000043, -37.848619871999972 ], [ 145.317783832000032, -37.844848901999967 ], [ 145.332834609000088, -37.847421722999968 ], [ 145.332129249000104, -37.85100853299997 ], [ 145.336157238000055, -37.85103552299995 ], [ 145.338485247000108, -37.852344953999932 ], [ 145.337794227000018, -37.853171503999931 ], [ 145.341245187000027, -37.853762483999958 ], [ 145.343516216000012, -37.855764473999955 ], [ 145.3430762160001, -37.856533483999954 ], [ 145.347578235000015, -37.858606563999956 ], [ 145.347625205000099, -37.859396673999981 ], [ 145.345779185000083, -37.859183483999971 ], [ 145.343468255000062, -37.862315493999972 ], [ 145.341132296000069, -37.860984513999938 ], [ 145.339463256000045, -37.858570503999943 ], [ 145.340450476000115, -37.857145263999939 ], [ 145.336625647000119, -37.856172942999933 ], [ 145.33417375700003, -37.857966122999983 ], [ 145.33578435700008, -37.859784542999932 ], [ 145.335992406000059, -37.863122552999982 ], [ 145.333193397000059, -37.861554572999978 ], [ 145.331768437000051, -37.862834602999953 ], [ 145.329496458000108, -37.863163602999975 ], [ 145.326740528000073, -37.866450672999974 ], [ 145.324635538000052, -37.865808682999955 ], [ 145.324217468000029, -37.86705262299995 ], [ 145.324452568000083, -37.865787682999951 ], [ 145.316724860000022, -37.864850801999978 ], [ 145.31645560000004, -37.862697781999941 ], [ 145.313480700000014, -37.863289811999948 ], [ 145.313574650000078, -37.864470811999979 ], [ 145.306120772000099, -37.863549940999974 ], [ 145.307444882000027, -37.861357880999947 ], [ 145.306714812000109, -37.860628960999975 ], [ 145.303943142000094, -37.860876450999967 ], [ 145.303338342000075, -37.860270580999952 ], [ 145.30521542200006, -37.859133700999962 ], [ 145.29887588400004, -37.852844860999937 ], [ 145.302362844000072, -37.85065524099997 ], [ 145.309997873000043, -37.848619871999972 ] ] ] } },
{ "type": "Feature", "properties": { "suburb": "The Patch" }, "geometry": { "type": "Polygon", "coordinates": [ [ [ 145.386705705000054, -37.883436636999932 ], [ 145.391884185000094, -37.882073847999948 ], [ 145.403119033000053, -37.883093677999966 ], [ 145.405693012000029, -37.881203647999939 ], [ 145.407950902000039, -37.883155768999984 ], [ 145.406303982000054, -37.884186718999956 ], [ 145.406264521000026, -37.88949114899998 ], [ 145.411322841000015, -37.888952858999971 ], [ 145.420058968000035, -37.897065639999937 ], [ 145.42374823800003, -37.896653349999951 ], [ 145.423348998000051, -37.89460269999995 ], [ 145.424995627000044, -37.895892759999981 ], [ 145.424698847000059, -37.896730869999942 ], [ 145.421659858000112, -37.899145879999935 ], [ 145.418640868000011, -37.89887086899995 ], [ 145.417592838000019, -37.900437878999981 ], [ 145.414076869000041, -37.899480868999945 ], [ 145.411455879000073, -37.90123387899996 ], [ 145.408278850000102, -37.899258868999937 ], [ 145.408207860000061, -37.898279868999964 ], [ 145.404597860000081, -37.900690868999959 ], [ 145.403364491000048, -37.899590987999943 ], [ 145.399593091000042, -37.90125760799998 ], [ 145.39708087200006, -37.900686957999937 ], [ 145.393745682000031, -37.898860217999982 ], [ 145.394038563000095, -37.893802627999946 ], [ 145.39329056300005, -37.892831327999943 ], [ 145.388361864000103, -37.890897866999978 ], [ 145.386628035000058, -37.888590496999939 ], [ 145.385367945000098, -37.885819896999976 ], [ 145.386705705000054, -37.883436636999932 ] ] ] } },
{ "type": "Feature", "properties": { "suburb": "Thomastown" }, "geometry": { "type": "Polygon", "coordinates": [ [ [ 145.015280413000028, -37.674349369999959 ], [ 145.029821940000033, -37.676444840999977 ], [ 145.030791960000101, -37.67495483099998 ], [ 145.040537788000051, -37.676365961999977 ], [ 145.042469588000017, -37.677872861999958 ], [ 145.041753598000014, -37.678347851999945 ], [ 145.041620627000043, -37.682562941999947 ], [ 145.040169717000026, -37.684233991999974 ], [ 145.041725677000045, -37.685043001999929 ], [ 145.04238070700012, -37.686848041999951 ], [ 145.043451647000097, -37.686676011999964 ], [ 145.043838627000014, -37.685331001999941 ], [ 145.045335636000118, -37.68617599199996 ], [ 145.046241606000081, -37.684919991999948 ], [ 145.050135536000084, -37.684335942999951 ], [ 145.051857525000059, -37.685282942999947 ], [ 145.051741565000043, -37.687092982999957 ], [ 145.050704565000046, -37.687707002999957 ], [ 145.05223293500012, -37.688885672999959 ], [ 145.048762075000013, -37.688667112999951 ], [ 145.044117156000084, -37.689999531999945 ], [ 145.041124156000024, -37.69514892199993 ], [ 145.032468947000098, -37.697330660999967 ], [ 144.97206678800012, -37.69098585699993 ], [ 144.97373501800007, -37.689221866999958 ], [ 144.970693039000025, -37.68803186699995 ], [ 144.971459099000072, -37.684078806999935 ], [ 144.9728289090001, -37.682524866999984 ], [ 144.972593119000067, -37.680999816999929 ], [ 144.974593979000019, -37.680109796999943 ], [ 144.97240303, -37.676964856999973 ], [ 144.974393810000038, -37.67601084699993 ], [ 144.977808789000051, -37.676564797999959 ], [ 144.974919080000063, -37.673857876999932 ], [ 144.976368060000027, -37.671880836999946 ], [ 144.973976950000065, -37.671427856999969 ], [ 144.974065680000081, -37.669091956999978 ], [ 144.975969950000035, -37.670630846999984 ], [ 144.977537960000063, -37.66954084799994 ], [ 144.99703347600007, -37.671228078999945 ], [ 145.001739975000078, -37.672532828999977 ], [ 145.00229196500004, -37.671571828999959 ], [ 145.015513933000079, -37.672940829999959 ], [ 145.015280413000028, -37.674349369999959 ] ] ] } },
{ "type": "Feature", "properties": { "suburb": "Thornhill Park" }, "geometry": { "type": "Polygon", "coordinates": [ [ [ 144.621006998000098, -37.702394823999953 ], [ 144.645995992000053, -37.720424814999944 ], [ 144.653738110000063, -37.724977695999939 ], [ 144.652917479000052, -37.73004238599998 ], [ 144.643808001000025, -37.729102814999976 ], [ 144.643052011, -37.733672814999977 ], [ 144.640295021000043, -37.733180824999977 ], [ 144.639949001000105, -37.735273814999971 ], [ 144.642906011000036, -37.736284804999968 ], [ 144.642156990000103, -37.739931824999985 ], [ 144.637606061000042, -37.739454654999975 ], [ 144.636487961000057, -37.745282374999931 ], [ 144.613281995000079, -37.746173812999984 ], [ 144.621006998000098, -37.702394823999953 ] ] ] } },
{ "type": "Feature", "properties": { "suburb": "Toolangi" }, "geometry": { "type": "Polygon", "coordinates": [ [ [ 145.559992867000119, -37.516206866999937 ], [ 145.562725915000101, -37.524107906999973 ], [ 145.560428745000081, -37.530124846999968 ], [ 145.566382813000018, -37.534639887999958 ], [ 145.570360762000064, -37.539386927999942 ], [ 145.57101491200001, -37.542263867999964 ], [ 145.575081811000018, -37.544996807999951 ], [ 145.573177791000035, -37.54534790799994 ], [ 145.57406375100004, -37.546107867999979 ], [ 145.570989691000023, -37.54720595799995 ], [ 145.570088981000026, -37.54888983799998 ], [ 145.564757722000081, -37.54709289799996 ], [ 145.561913023000102, -37.547337896999977 ], [ 145.566273012000011, -37.549169927999969 ], [ 145.565787712000088, -37.550886957999978 ], [ 145.569457890000081, -37.555811927999969 ], [ 145.570796750000113, -37.556474857999945 ], [ 145.572707960000116, -37.555876907999959 ], [ 145.574037839000084, -37.558862837999982 ], [ 145.573528769000063, -37.559680857999979 ], [ 145.576261899000087, -37.560217868999985 ], [ 145.578374768000117, -37.565606908999939 ], [ 145.578070908000086, -37.567863828999975 ], [ 145.579598757000099, -37.569440898999972 ], [ 145.57878874700009, -37.57020984899998 ], [ 145.580048437000073, -37.57120533899996 ], [ 145.578029837000031, -37.572040998999967 ], [ 145.576509907000059, -37.57568608899993 ], [ 145.573535637000077, -37.579198147999932 ], [ 145.57321523600001, -37.586300877999975 ], [ 145.566532157000097, -37.588934347999952 ], [ 145.562885377000043, -37.593202247999955 ], [ 145.52279885400003, -37.59839887499993 ], [ 145.509136866000063, -37.598789873999976 ], [ 145.505093177000049, -37.596022213999959 ], [ 145.505166877000079, -37.59401287399993 ], [ 145.504047898000067, -37.593222863999983 ], [ 145.504412898000055, -37.590735873999961 ], [ 145.50676984800009, -37.588369003999958 ], [ 145.50535086800005, -37.584938883999939 ], [ 145.503150869000024, -37.583287862999953 ], [ 145.486387882000031, -37.583168871999931 ], [ 145.483770873000026, -37.578228871999954 ], [ 145.475741855000024, -37.573672880999936 ], [ 145.461604897000029, -37.572793869999941 ], [ 145.461494857000048, -37.571320859999958 ], [ 145.445578920000116, -37.569943868999985 ], [ 145.445138880000059, -37.567734878999943 ], [ 145.436622592000049, -37.566874758999973 ], [ 145.436638792000053, -37.565806858999963 ], [ 145.434001813, -37.564355797999951 ], [ 145.42966587300009, -37.565843857999937 ], [ 145.425710294000055, -37.565275407999934 ], [ 145.426464244000044, -37.561148767999953 ], [ 145.425306865000039, -37.559748867999929 ], [ 145.42600686500009, -37.55332287799996 ], [ 145.427815905000102, -37.551416877999941 ], [ 145.416850877000115, -37.550023866999936 ], [ 145.416031668000073, -37.541151776999982 ], [ 145.41434295900001, -37.536195866999947 ], [ 145.41433789000007, -37.531828816999962 ], [ 145.415462890000072, -37.528517796999949 ], [ 145.418743730000074, -37.526542606999953 ], [ 145.418525789000114, -37.531485626999938 ], [ 145.421381798000084, -37.533231536999949 ], [ 145.425371728000073, -37.53379242799997 ], [ 145.426003757000103, -37.534987417999957 ], [ 145.432693477000043, -37.530801197999949 ], [ 145.440536455000029, -37.533421128999976 ], [ 145.437818004000064, -37.545864248999976 ], [ 145.445548843000097, -37.546733158999984 ], [ 145.445262873000047, -37.544107878999966 ], [ 145.451986863000116, -37.536242859999959 ], [ 145.453644512000096, -37.536817729999939 ], [ 145.45620455300002, -37.525161969999942 ], [ 145.457575383000062, -37.525560409999969 ], [ 145.460949873000118, -37.523265869999932 ], [ 145.461038864000102, -37.513949859999968 ], [ 145.461884894000036, -37.512246869999956 ], [ 145.465400903000045, -37.51034986999997 ], [ 145.468812813000113, -37.504374410999958 ], [ 145.467972334000024, -37.503122790999953 ], [ 145.461131645000023, -37.50268570999998 ], [ 145.458207126000048, -37.501026489999958 ], [ 145.458234796000056, -37.502020179999931 ], [ 145.451650887000028, -37.501273868999931 ], [ 145.45181389600009, -37.510001428999942 ], [ 145.43010589000005, -37.500470867999979 ], [ 145.431748901000105, -37.490774877999968 ], [ 145.427636882000115, -37.490245867999931 ], [ 145.425969892000012, -37.497540857999979 ], [ 145.422517902000095, -37.49706387699996 ], [ 145.421874882000111, -37.501233866999939 ], [ 145.420741892000024, -37.500661866999963 ], [ 145.41727490400001, -37.488086856999985 ], [ 145.419267914000102, -37.48241087699995 ], [ 145.418335915000057, -37.479040856999973 ], [ 145.422497946000021, -37.461691766999934 ], [ 145.488613265000026, -37.46130242199996 ], [ 145.49102752500005, -37.457808141999976 ], [ 145.490606838762972, -37.454098379399944 ], [ 145.513530360417576, -37.454098379399944 ], [ 145.512951901000065, -37.457061862999979 ], [ 145.569871301000035, -37.460373816999947 ], [ 145.56811102100005, -37.466127406999931 ], [ 145.56488602100012, -37.466033446999973 ], [ 145.561070307000023, -37.514672966999967 ], [ 145.559992867000119, -37.516206866999937 ] ] ] } },
{ "type": "Feature", "properties": { "suburb": "Toolern Vale" }, "geometry": { "type": "Polygon", "coordinates": [ [ [ 144.561106764000101, -37.552416108999978 ], [ 144.626758102000053, -37.560001242999931 ], [ 144.626073032000022, -37.564655812999945 ], [ 144.624823312000103, -37.565307452999946 ], [ 144.623656112000049, -37.568158622999931 ], [ 144.624512182000103, -37.568351572999973 ], [ 144.6243493610001, -37.570638152999948 ], [ 144.625867031000098, -37.572140812999976 ], [ 144.626442011000108, -37.574822812999969 ], [ 144.627644030000056, -37.576107812999965 ], [ 144.629727010000011, -37.576312802999951 ], [ 144.631562999000039, -37.579286813999943 ], [ 144.631250009000041, -37.584240813999941 ], [ 144.631992018000119, -37.58573682399998 ], [ 144.630605019000086, -37.586720813999932 ], [ 144.632794028000035, -37.590097803999981 ], [ 144.634576027000094, -37.590211823999937 ], [ 144.634155957000075, -37.591347643999939 ], [ 144.656941553000024, -37.59389802499993 ], [ 144.65497671300011, -37.596599504999972 ], [ 144.655131403000041, -37.600013454999953 ], [ 144.657298592000075, -37.601457804999939 ], [ 144.656218122000041, -37.602806104999956 ], [ 144.65646365200007, -37.606406574999937 ], [ 144.654154992000031, -37.612385814999982 ], [ 144.654580032000013, -37.613669824999931 ], [ 144.658018001000073, -37.616147825999974 ], [ 144.659486, -37.620139805999941 ], [ 144.658835020000083, -37.622592815999951 ], [ 144.660530009000013, -37.623416805999966 ], [ 144.659998019000113, -37.624639825999964 ], [ 144.661110029000042, -37.626914825999961 ], [ 144.659004019, -37.632449815999962 ], [ 144.655110999000044, -37.634010814999954 ], [ 144.655629009000108, -37.636837814999978 ], [ 144.654147689000069, -37.637728554999967 ], [ 144.655334159000063, -37.638865934999956 ], [ 144.652523729000109, -37.641581784999971 ], [ 144.653950629000065, -37.641924574999962 ], [ 144.651689049000083, -37.642853334999984 ], [ 144.652458759000069, -37.644423144999962 ], [ 144.650999419000073, -37.644835624999985 ], [ 144.64846500900012, -37.648259804999952 ], [ 144.647362999000052, -37.64700380499994 ], [ 144.642441480000116, -37.648278404999985 ], [ 144.643730009000024, -37.652553804999968 ], [ 144.58379957000011, -37.645248190999951 ], [ 144.583648790000098, -37.64605758099998 ], [ 144.575750772000106, -37.64513938999994 ], [ 144.576137022000012, -37.643055809999964 ], [ 144.574717023000062, -37.63870081999994 ], [ 144.554864056000042, -37.641636798999969 ], [ 144.555129046000047, -37.642762808999976 ], [ 144.538017049000018, -37.640628807999974 ], [ 144.538846029000069, -37.638478817999953 ], [ 144.537664059000122, -37.637406817999931 ], [ 144.527944219200009, -37.636250849139159 ], [ 144.527944219200009, -37.597908521148376 ], [ 144.529828865000013, -37.595103506999976 ], [ 144.53106975500009, -37.595384856999942 ], [ 144.5326019150001, -37.594181726999977 ], [ 144.534246015000122, -37.591573636999954 ], [ 144.533449365000024, -37.590230466999969 ], [ 144.534907365000095, -37.590469496999958 ], [ 144.536395245000108, -37.589421646999938 ], [ 144.536020865000069, -37.588165606999951 ], [ 144.534350805000031, -37.588391226999931 ], [ 144.538610325000036, -37.583669546999943 ], [ 144.537837035000052, -37.578738536999936 ], [ 144.538672955000038, -37.577395666999962 ], [ 144.537880946000087, -37.576409616999968 ], [ 144.539125486000103, -37.574285696999937 ], [ 144.542412635000119, -37.573822577999977 ], [ 144.544835435000095, -37.571290517999955 ], [ 144.544941645000108, -37.569554497999945 ], [ 144.546176445000015, -37.569413467999937 ], [ 144.546870525000031, -37.567298737999977 ], [ 144.548630925000111, -37.565800417999981 ], [ 144.54867231500009, -37.564534737999963 ], [ 144.550637215000052, -37.563673897999934 ], [ 144.551375575000066, -37.561114477999979 ], [ 144.553045235000013, -37.561274227999945 ], [ 144.556139814000062, -37.559151577999955 ], [ 144.555735835000064, -37.55709522799998 ], [ 144.559287794000056, -37.555286168999942 ], [ 144.561106764000101, -37.552416108999978 ] ] ] } },
{ "type": "Feature", "properties": { "suburb": "Tooradin" }, "geometry": { "type": "Polygon", "coordinates": [ [ [ 145.416869674000054, -38.204047540999966 ], [ 145.417447711511414, -38.204685381599937 ], [ 145.356495237873276, -38.204685381599937 ], [ 145.356207815000062, -38.202894856999933 ], [ 145.352813856000012, -38.199371896999935 ], [ 145.35217985700001, -38.194221866999953 ], [ 145.342221820000077, -38.183983855999941 ], [ 145.34384483000008, -38.176349875999961 ], [ 145.371355825000023, -38.179953877999935 ], [ 145.373553816000026, -38.169371877999936 ], [ 145.393187822000073, -38.171938768999951 ], [ 145.389558191000106, -38.189206838999951 ], [ 145.3965053390001, -38.190096819999951 ], [ 145.39609843900007, -38.191983279999931 ], [ 145.419062815000075, -38.19493087099994 ], [ 145.416869674000054, -38.204047540999966 ] ] ] } },
{ "type": "Feature", "properties": { "suburb": "Tottenham" }, "geometry": { "type": "Polygon", "coordinates": [ [ [ 144.839229940000109, -37.796917108999935 ], [ 144.860737966000102, -37.799376829999972 ], [ 144.860198936000074, -37.802673829999947 ], [ 144.861973925000029, -37.80308298999995 ], [ 144.860222365000027, -37.813708229999975 ], [ 144.855878895000046, -37.814869139999985 ], [ 144.84461386800001, -37.803863208999985 ], [ 144.839229940000109, -37.796917108999935 ] ] ] } },
{ "type": "Feature", "properties": { "suburb": "Tremont" }, "geometry": { "type": "Polygon", "coordinates": [ [ [ 145.327821875000041, -37.889471842999967 ], [ 145.328358864000052, -37.893818862999979 ], [ 145.317513807000068, -37.891866931999971 ], [ 145.311665517000051, -37.892749321999929 ], [ 145.311927118000085, -37.891297981999969 ], [ 145.310576138000101, -37.89097499199994 ], [ 145.30991012800007, -37.889624971999979 ], [ 145.307873128000097, -37.889402011999948 ], [ 145.307993579000026, -37.888702971999976 ], [ 145.305636089000018, -37.888252031999968 ], [ 145.305476069000065, -37.887368041999935 ], [ 145.30454075900002, -37.887971660999938 ], [ 145.303554050000116, -37.885446060999982 ], [ 145.304922039000076, -37.884889040999951 ], [ 145.303945040000031, -37.884378050999942 ], [ 145.304977010000016, -37.88244703099997 ], [ 145.304116990000011, -37.881543040999929 ], [ 145.306232750000049, -37.881180001999951 ], [ 145.306454160000044, -37.880392321999977 ], [ 145.305132710000066, -37.880254650999973 ], [ 145.30531295000003, -37.879130010999972 ], [ 145.306158660000051, -37.876025450999975 ], [ 145.307861860000116, -37.876205941999956 ], [ 145.308501770000021, -37.871052911999982 ], [ 145.303321842000059, -37.86643202099998 ], [ 145.302148842000065, -37.864203050999947 ], [ 145.303942922000033, -37.862839320999967 ], [ 145.313574650000078, -37.864470811999979 ], [ 145.313480700000014, -37.863289811999948 ], [ 145.31645560000004, -37.862697781999941 ], [ 145.316724860000022, -37.864850801999978 ], [ 145.318812619000028, -37.865559741999959 ], [ 145.324452568000083, -37.865787682999951 ], [ 145.324217468000029, -37.86705262299995 ], [ 145.324635538000052, -37.865808682999955 ], [ 145.326564528000063, -37.866040672999929 ], [ 145.321825878000027, -37.872349852999946 ], [ 145.320555898000066, -37.872367861999976 ], [ 145.320164878000014, -37.87494387199996 ], [ 145.32189186800008, -37.875040862999981 ], [ 145.323047897000038, -37.877841862999958 ], [ 145.331391865000114, -37.88471487299995 ], [ 145.3306318650001, -37.886109862999945 ], [ 145.332211874000109, -37.888939862999962 ], [ 145.327821875000041, -37.889471842999967 ] ] ] } },
{ "type": "Feature", "properties": { "suburb": "Truganina" }, "geometry": { "type": "Polygon", "coordinates": [ [ [ 144.721152963, -37.863289830999975 ], [ 144.717340985000078, -37.858159820999958 ], [ 144.714964975000044, -37.857778830999962 ], [ 144.711993986000039, -37.853086820999977 ], [ 144.711939966000045, -37.852062830999955 ], [ 144.71329696600003, -37.851399820999973 ], [ 144.713628966000101, -37.846580810999967 ], [ 144.711421957000084, -37.844740820999959 ], [ 144.706172968000033, -37.844527809999931 ], [ 144.705657988000098, -37.843362809999974 ], [ 144.706960968000089, -37.840701829999944 ], [ 144.70466796900007, -37.83986380999994 ], [ 144.702671960000089, -37.834990819999973 ], [ 144.705084980000038, -37.828501819999929 ], [ 144.7031629600001, -37.827096819999952 ], [ 144.704911970000012, -37.824018819999935 ], [ 144.7040720010001, -37.821163829999932 ], [ 144.704793971000072, -37.819631829999935 ], [ 144.706607981000047, -37.819263819999946 ], [ 144.706052011000111, -37.81654881999998 ], [ 144.708489991000079, -37.813485809999975 ], [ 144.712243980000039, -37.81168581999998 ], [ 144.71081201100003, -37.809114819999934 ], [ 144.708528652000041, -37.806774639999958 ], [ 144.704945702000032, -37.806033679999985 ], [ 144.677722657000118, -37.803004117999933 ], [ 144.681906070000082, -37.774695417999965 ], [ 144.65465692500004, -37.771294395999973 ], [ 144.657734717000039, -37.750105825999981 ], [ 144.6592227860001, -37.750296965999951 ], [ 144.659758017000058, -37.744386085999963 ], [ 144.668998275000035, -37.744778466999946 ], [ 144.670910006000099, -37.734976826999969 ], [ 144.705246979000094, -37.747333829999945 ], [ 144.722359995000033, -37.750612820999947 ], [ 144.716245472000082, -37.79271616099993 ], [ 144.752842085000111, -37.796032932999935 ], [ 144.75097569400009, -37.810449782999967 ], [ 144.769143491000023, -37.812003573999959 ], [ 144.765645988000074, -37.838693823999961 ], [ 144.76121794900007, -37.843829833999962 ], [ 144.746549950000031, -37.853995822999934 ], [ 144.731277443000067, -37.852711231999933 ], [ 144.730622192000055, -37.857973221999941 ], [ 144.73179863200005, -37.86302372199998 ], [ 144.721227973000055, -37.868725810999933 ], [ 144.717088984000043, -37.868262810999965 ], [ 144.717122964000055, -37.865689810999982 ], [ 144.721152963, -37.863289830999975 ] ] ] } },
{ "type": "Feature", "properties": { "suburb": "Tullamarine" }, "geometry": { "type": "Polygon", "coordinates": [ [ [ 144.887725962000104, -37.697402841999974 ], [ 144.890815870000097, -37.71005865199993 ], [ 144.871640853000031, -37.720425220999971 ], [ 144.870090773000015, -37.719713669999976 ], [ 144.865822423000054, -37.722938479999982 ], [ 144.860348955000063, -37.71886582999997 ], [ 144.860641975000021, -37.716987819999929 ], [ 144.859369955000034, -37.716603839999948 ], [ 144.858927425000047, -37.714891639999962 ], [ 144.85943141600012, -37.712406299999941 ], [ 144.84744941800011, -37.711081308999951 ], [ 144.848032988000114, -37.704748828999982 ], [ 144.851209538000035, -37.705098448999934 ], [ 144.85178901800009, -37.701794808999978 ], [ 144.85824776700008, -37.703942249999955 ], [ 144.861361026000054, -37.706007389999968 ], [ 144.869626494000045, -37.70703095999994 ], [ 144.871240045000036, -37.697841639999979 ], [ 144.869448365000039, -37.697640669999942 ], [ 144.868665186000044, -37.692235379999943 ], [ 144.874276185000099, -37.692865840999957 ], [ 144.86782375700011, -37.686578 ], [ 144.869883997000102, -37.685390689999963 ], [ 144.870815986000025, -37.686220829999968 ], [ 144.871522817000027, -37.681710079999959 ], [ 144.882424954000044, -37.689164820999963 ], [ 144.887725962000104, -37.697402841999974 ] ] ] } },
{ "type": "Feature", "properties": { "suburb": "Tynong North" }, "geometry": { "type": "Polygon", "coordinates": [ [ [ 145.58390908380008, -38.013556181224459 ], [ 145.581910837, -38.013316341999939 ], [ 145.58390908380008, -38.002988793567916 ], [ 145.58390908380008, -38.013556181224459 ] ] ] } },
{ "type": "Feature", "properties": { "suburb": "Upper Ferntree Gully" }, "geometry": { "type": "Polygon", "coordinates": [ [ [ 145.323914474000048, -37.901449732999936 ], [ 145.311185246000036, -37.902054321999969 ], [ 145.312431576000108, -37.902461401999972 ], [ 145.310751416000016, -37.909962891999953 ], [ 145.307179847000043, -37.908021831999974 ], [ 145.30395653700009, -37.904676261999953 ], [ 145.294877530000122, -37.900316300999975 ], [ 145.300864879000073, -37.892606860999933 ], [ 145.301052420000019, -37.889900420999936 ], [ 145.303479189000086, -37.891090390999977 ], [ 145.304214849000118, -37.890035850999936 ], [ 145.302635279000015, -37.888225830999943 ], [ 145.30521107900006, -37.887323030999937 ], [ 145.311927118000085, -37.891297981999969 ], [ 145.311665517000051, -37.892749321999929 ], [ 145.317513807000068, -37.891866931999971 ], [ 145.328358864000052, -37.893818862999979 ], [ 145.327296714000113, -37.896178592999945 ], [ 145.32335785500004, -37.897952862999944 ], [ 145.324420875000101, -37.898404872999947 ], [ 145.323914474000048, -37.901449732999936 ] ] ] } },
{ "type": "Feature", "properties": { "suburb": "Upwey" }, "geometry": { "type": "Polygon", "coordinates": [ [ [ 145.337825861000056, -37.906096853999941 ], [ 145.340490221000096, -37.908418163999954 ], [ 145.340807880000057, -37.910329863999948 ], [ 145.340499890000046, -37.913628873999983 ], [ 145.337012860000073, -37.918292873999974 ], [ 145.337386840000022, -37.919460863999973 ], [ 145.335138590000042, -37.920483993999937 ], [ 145.333840211000052, -37.918628333999948 ], [ 145.331842861000041, -37.91916187399994 ], [ 145.331680871000117, -37.920023853999965 ], [ 145.327897172000121, -37.918566182999939 ], [ 145.324029012000096, -37.919200592999971 ], [ 145.310751416000016, -37.909962891999953 ], [ 145.312431576000108, -37.902461401999972 ], [ 145.311185246000036, -37.902054321999969 ], [ 145.316519246000098, -37.901061541999979 ], [ 145.317497525000022, -37.901714221999953 ], [ 145.319071875000077, -37.90099287299995 ], [ 145.323914474000048, -37.901449732999936 ], [ 145.324420875000101, -37.898404872999947 ], [ 145.32335785500004, -37.897952862999944 ], [ 145.325960884000096, -37.897164872999952 ], [ 145.328503444000035, -37.894493242999943 ], [ 145.327821875000041, -37.889471842999967 ], [ 145.332112854000115, -37.888987872999962 ], [ 145.332771864000051, -37.889834892999943 ], [ 145.342951892000087, -37.890195823999932 ], [ 145.343881872000111, -37.895165873999929 ], [ 145.342837062000058, -37.894932313999959 ], [ 145.341495462000012, -37.897298293999938 ], [ 145.341730932000019, -37.899014593999937 ], [ 145.342728871000077, -37.899240863999978 ], [ 145.341429841000036, -37.902749743999948 ], [ 145.339058831000102, -37.903364863999968 ], [ 145.340498281, -37.905823983999937 ], [ 145.338640841000029, -37.905404973999964 ], [ 145.337825861000056, -37.906096853999941 ] ] ] } },
{ "type": "Feature", "properties": { "suburb": "Vermont" }, "geometry": { "type": "Polygon", "coordinates": [ [ [ 145.191087905000018, -37.830534852999961 ], [ 145.212232902000096, -37.830259854999952 ], [ 145.213352941000039, -37.830907464999939 ], [ 145.213352061000023, -37.832374794999964 ], [ 145.216722361000052, -37.832372274999955 ], [ 145.216618700000026, -37.838172684999961 ], [ 145.212517560000038, -37.842088674999957 ], [ 145.210146230000078, -37.845913314999962 ], [ 145.210764720000043, -37.84712957499994 ], [ 145.20547638100004, -37.846227533999979 ], [ 145.199032892000105, -37.846535853999967 ], [ 145.19910027200001, -37.845767533999947 ], [ 145.182270895000102, -37.845824862999962 ], [ 145.183866636000062, -37.837771102999966 ], [ 145.184881446000077, -37.837897182999939 ], [ 145.185182796000049, -37.836257122999939 ], [ 145.184256896000079, -37.835621852999964 ], [ 145.184290586000088, -37.832161552999935 ], [ 145.185366276000082, -37.831396022999968 ], [ 145.189123515000119, -37.831767602999946 ], [ 145.18880066600002, -37.830883172999961 ], [ 145.191087905000018, -37.830534852999961 ] ] ] } },
{ "type": "Feature", "properties": { "suburb": "Vermont South" }, "geometry": { "type": "Polygon", "coordinates": [ [ [ 145.170830777000106, -37.845349151999983 ], [ 145.186369874000093, -37.846318852999957 ], [ 145.19910027200001, -37.845767533999947 ], [ 145.199032892000105, -37.846535853999967 ], [ 145.207308901000033, -37.846328853999978 ], [ 145.210667920000105, -37.847547524999982 ], [ 145.210007640000072, -37.850426094999932 ], [ 145.209221060000118, -37.850380004999977 ], [ 145.20971535000001, -37.851311874999965 ], [ 145.208105770000088, -37.851836214999935 ], [ 145.208787630000074, -37.852615434999962 ], [ 145.206923170000096, -37.852268583999944 ], [ 145.206803630000081, -37.853727213999946 ], [ 145.205863690000115, -37.854181253999968 ], [ 145.20753086000002, -37.856103024999982 ], [ 145.205891390000033, -37.856001233999962 ], [ 145.204912240000112, -37.857285543999978 ], [ 145.203641050000101, -37.856901773999937 ], [ 145.202447650000067, -37.858377153999982 ], [ 145.200788070000044, -37.858583963999934 ], [ 145.199635321000073, -37.859749993999969 ], [ 145.201392470000087, -37.861003333999975 ], [ 145.201021700000069, -37.862095503999967 ], [ 145.199731790000101, -37.861603823999928 ], [ 145.198611500000084, -37.862667073999944 ], [ 145.19938731000002, -37.862844823999978 ], [ 145.198970400000121, -37.86348527399997 ], [ 145.197644500000024, -37.86340247399994 ], [ 145.196720431000017, -37.864091333999966 ], [ 145.197109230000024, -37.864922113999967 ], [ 145.195709711000063, -37.865163043999985 ], [ 145.169232946000079, -37.862002201999985 ], [ 145.169081876000064, -37.856217201999982 ], [ 145.170830777000106, -37.845349151999983 ] ] ] } },
{ "type": "Feature", "properties": { "suburb": "Viewbank" }, "geometry": { "type": "Polygon", "coordinates": [ [ [ 145.096560163000049, -37.728864615999953 ], [ 145.09947060200011, -37.729010025999969 ], [ 145.099815922000062, -37.726977095999985 ], [ 145.10153131200002, -37.727147465999963 ], [ 145.101195732000065, -37.729229415999953 ], [ 145.107112821000101, -37.730001846999983 ], [ 145.104030611000098, -37.732960886999933 ], [ 145.108809890000089, -37.734173806999934 ], [ 145.106856630000038, -37.736034926999935 ], [ 145.107666670000071, -37.738081766999983 ], [ 145.106541740000011, -37.737529996999967 ], [ 145.105846560000032, -37.738968136999972 ], [ 145.102238830000033, -37.740809866999939 ], [ 145.102922800000101, -37.743863846999943 ], [ 145.10205593000012, -37.745650866999938 ], [ 145.10093092000011, -37.744968845999949 ], [ 145.101479920000088, -37.747050815999955 ], [ 145.098559960000102, -37.747165855999981 ], [ 145.098225870000078, -37.74900811599997 ], [ 145.095552831000077, -37.749287175999939 ], [ 145.092464891000077, -37.75409428599994 ], [ 145.085664872000052, -37.752944364999962 ], [ 145.082473933000074, -37.751447384999949 ], [ 145.081964943000116, -37.750563844999931 ], [ 145.086251943000093, -37.745267844999944 ], [ 145.080716934000066, -37.740160844999934 ], [ 145.079818965000072, -37.734403884999949 ], [ 145.084089935000065, -37.731958854999959 ], [ 145.096560163000049, -37.728864615999953 ] ] ] } },
{ "type": "Feature", "properties": { "suburb": "Wallington" }, "geometry": { "type": "Polygon", "coordinates": [ [ [ 144.527944219200009, -38.197416726739782 ], [ 144.537917710000102, -38.198712710999985 ], [ 144.537618950000024, -38.200173820999964 ], [ 144.542875979000087, -38.200818800999969 ], [ 144.543173959000114, -38.19930881099998 ], [ 144.556265596000117, -38.200852201999965 ], [ 144.555527817370631, -38.204685381599937 ], [ 144.527944219200009, -38.204685381599937 ], [ 144.527944219200009, -38.197416726739782 ] ] ] } },
{ "type": "Feature", "properties": { "suburb": "Wandin East" }, "geometry": { "type": "Polygon", "coordinates": [ [ [ 145.46691880000003, -37.811430901999984 ], [ 145.477793858000041, -37.812690882999959 ], [ 145.476691857000105, -37.817673872999933 ], [ 145.473623848000102, -37.817241882999951 ], [ 145.47249384700001, -37.822237882999957 ], [ 145.450653850000094, -37.830861870999968 ], [ 145.451977850000048, -37.829224870999951 ], [ 145.445005802000082, -37.824472860999947 ], [ 145.430030846000022, -37.809503869999958 ], [ 145.456792683000117, -37.794952171999967 ], [ 145.465849861000038, -37.79581387199994 ], [ 145.469937860000073, -37.79891687199995 ], [ 145.46691880000003, -37.811430901999984 ] ] ] } },
{ "type": "Feature", "properties": { "suburb": "Wandin North" }, "geometry": { "type": "Polygon", "coordinates": [ [ [ 145.425439882000092, -37.767499878999956 ], [ 145.444388748000051, -37.767530529999931 ], [ 145.443500368000059, -37.771451379999974 ], [ 145.443979218000095, -37.775320530999977 ], [ 145.440515878000042, -37.779122869999981 ], [ 145.446054857000036, -37.779357880999953 ], [ 145.443930846000057, -37.78639986099995 ], [ 145.449251855000057, -37.792625870999984 ], [ 145.448621025000079, -37.792970820999983 ], [ 145.456981243000087, -37.794850111999949 ], [ 145.427169866000099, -37.811051869999972 ], [ 145.418051079000065, -37.800693088999935 ], [ 145.418650659000036, -37.800357758999951 ], [ 145.413314361000062, -37.794425237999974 ], [ 145.412747001000071, -37.794745447999958 ], [ 145.41054168200003, -37.79059131799994 ], [ 145.410571172000118, -37.788937747999967 ], [ 145.4083330630001, -37.786052527999971 ], [ 145.409387073000062, -37.782573467999953 ], [ 145.410886023000103, -37.781428447999929 ], [ 145.407125313000051, -37.780199747999973 ], [ 145.409044773000119, -37.778792307999936 ], [ 145.408077523000088, -37.778007037999942 ], [ 145.408963053000093, -37.777091657999961 ], [ 145.406210704000046, -37.776362077999977 ], [ 145.407394244000102, -37.77304881799995 ], [ 145.406382394000047, -37.772384337999938 ], [ 145.404327485000067, -37.773140797999929 ], [ 145.402252345000079, -37.770659227999943 ], [ 145.405260565000049, -37.770198207999954 ], [ 145.403298805000077, -37.769540307999932 ], [ 145.402276476000111, -37.767177957999934 ], [ 145.408046865000074, -37.76748714799993 ], [ 145.411710006000021, -37.747759077999945 ], [ 145.428233853000052, -37.749164948999976 ], [ 145.427284883000084, -37.753094788999931 ], [ 145.428691082000114, -37.75669561899997 ], [ 145.427665872000034, -37.759796858999948 ], [ 145.426425862000087, -37.760635878999949 ], [ 145.427373872000089, -37.761851858999933 ], [ 145.425283882000031, -37.764401858999975 ], [ 145.425439882000092, -37.767499878999956 ] ] ] } },
{ "type": "Feature", "properties": { "suburb": "Wantirna" }, "geometry": { "type": "Polygon", "coordinates": [ [ [ 145.231840917000113, -37.840047015999971 ], [ 145.237031026000068, -37.839570195999954 ], [ 145.238292906000083, -37.83868027699998 ], [ 145.238437885000053, -37.84482384699993 ], [ 145.24713780400009, -37.843843056999958 ], [ 145.245298864000119, -37.847368856999935 ], [ 145.246296844000085, -37.847683596999957 ], [ 145.235207373000094, -37.86896259699995 ], [ 145.206970879000096, -37.859714843999939 ], [ 145.200436320000108, -37.859075453999935 ], [ 145.203641050000101, -37.856901773999937 ], [ 145.204829750000044, -37.857314883999948 ], [ 145.205891390000033, -37.856001233999962 ], [ 145.20753086000002, -37.856103024999982 ], [ 145.205863690000115, -37.854181253999968 ], [ 145.206803630000081, -37.853727213999946 ], [ 145.20682561000001, -37.852326173999984 ], [ 145.208708420000107, -37.852705794999963 ], [ 145.208105770000088, -37.851836214999935 ], [ 145.20971535000001, -37.851311874999965 ], [ 145.209221060000118, -37.850380004999977 ], [ 145.210007640000072, -37.850426094999932 ], [ 145.210667920000105, -37.847547524999982 ], [ 145.209916570000019, -37.847342414999957 ], [ 145.210778410000103, -37.847075484999948 ], [ 145.210206020000101, -37.845773544999929 ], [ 145.215769460000047, -37.838571564999938 ], [ 145.222742999000047, -37.837857504999931 ], [ 145.231840917000113, -37.840047015999971 ] ] ] } },
{ "type": "Feature", "properties": { "suburb": "Wantirna South" }, "geometry": { "type": "Polygon", "coordinates": [ [ [ 145.250375321000092, -37.868295857999954 ], [ 145.249797191000084, -37.869409947999941 ], [ 145.252021870000021, -37.870133367999983 ], [ 145.251642960000027, -37.870864767999933 ], [ 145.24941719100002, -37.87014157699997 ], [ 145.247836961000075, -37.873184716999958 ], [ 145.247887550000087, -37.877525426999966 ], [ 145.246218880000015, -37.879786846999934 ], [ 145.24788288000002, -37.881877846999942 ], [ 145.241097961000037, -37.881853286999956 ], [ 145.241099901000098, -37.882865866999964 ], [ 145.239871891000121, -37.882867856999951 ], [ 145.239868900000033, -37.887765866999985 ], [ 145.232979892000117, -37.887695855999937 ], [ 145.232974892000016, -37.889031855999974 ], [ 145.196140888000059, -37.888226863999932 ], [ 145.195004528000027, -37.887204013999963 ], [ 145.195961888000056, -37.886067853999975 ], [ 145.194323879000081, -37.885686853999971 ], [ 145.195484868000108, -37.884897863999981 ], [ 145.194552879000071, -37.884469843999966 ], [ 145.195342889000017, -37.883236853999961 ], [ 145.194123899000033, -37.882073853999941 ], [ 145.193137889000013, -37.882439863999934 ], [ 145.192396899000073, -37.880846863999977 ], [ 145.190935880000097, -37.880909853999981 ], [ 145.192071900000087, -37.879043853999974 ], [ 145.190860910000083, -37.878972842999929 ], [ 145.191986900000074, -37.877662863999944 ], [ 145.191247880000105, -37.876840853999965 ], [ 145.192664880000052, -37.875707853999984 ], [ 145.191816880000033, -37.874449853999977 ], [ 145.193404880000116, -37.874222863999933 ], [ 145.192176881000023, -37.871626853999942 ], [ 145.193255890000046, -37.871586853999929 ], [ 145.193637901000102, -37.869182853999973 ], [ 145.19482787000004, -37.86861786399993 ], [ 145.194026881000013, -37.868782863999968 ], [ 145.195128891000081, -37.866906853999978 ], [ 145.194169891000115, -37.866256853999971 ], [ 145.19544790100008, -37.866140863999931 ], [ 145.194706881000116, -37.865440853999985 ], [ 145.195213091000028, -37.864862013999982 ], [ 145.197109230000024, -37.864922113999967 ], [ 145.196720431000017, -37.864091333999966 ], [ 145.197644500000024, -37.86340247399994 ], [ 145.198970400000121, -37.86348527399997 ], [ 145.19938731000002, -37.862844823999978 ], [ 145.198611500000084, -37.862667073999944 ], [ 145.199731790000101, -37.861603823999928 ], [ 145.201013420000095, -37.86210575399997 ], [ 145.201392470000087, -37.861003333999975 ], [ 145.199636781000095, -37.859759103999977 ], [ 145.200436320000108, -37.859075453999935 ], [ 145.206970879000096, -37.859714843999939 ], [ 145.235207373000094, -37.86896259699995 ], [ 145.243653994000056, -37.852739606999933 ], [ 145.248226383000087, -37.854274336999936 ], [ 145.248654893000094, -37.853579866999951 ], [ 145.254278841000087, -37.85625590799998 ], [ 145.253492891000064, -37.857760867999957 ], [ 145.254551901000013, -37.858108867999931 ], [ 145.254146571000092, -37.858889457999965 ], [ 145.252389821000065, -37.858824517999949 ], [ 145.251541201, -37.860457587999974 ], [ 145.252954841000019, -37.863251477999938 ], [ 145.252196341000058, -37.864768327999968 ], [ 145.256951850000064, -37.866238157999931 ], [ 145.25546681000003, -37.869103467999935 ], [ 145.254339980000054, -37.868257317999962 ], [ 145.250375321000092, -37.868295857999954 ] ] ] } },
{ "type": "Feature", "properties": { "suburb": "Warrandyte" }, "geometry": { "type": "Polygon", "coordinates": [ [ [ 145.20416590100001, -37.761103853999941 ], [ 145.201757260000022, -37.772494893999976 ], [ 145.19894910000005, -37.771661912999946 ], [ 145.19991686000003, -37.769599812999957 ], [ 145.198708341000042, -37.765859852999938 ], [ 145.192380342000092, -37.76431469299996 ], [ 145.192485863000115, -37.762315042999944 ], [ 145.186322224000037, -37.760997591999967 ], [ 145.18594780300009, -37.765409931999955 ], [ 145.182599074000109, -37.764312581999945 ], [ 145.182849064000038, -37.762976571999957 ], [ 145.181530064000071, -37.761860591999948 ], [ 145.18284902500011, -37.758244541999943 ], [ 145.180338955000025, -37.756313481999939 ], [ 145.181884115000116, -37.754734981999945 ], [ 145.18174836500009, -37.753577441999937 ], [ 145.180385276000038, -37.752568491999966 ], [ 145.180409806000057, -37.751453441999956 ], [ 145.176993517000028, -37.750381581999932 ], [ 145.176686226000015, -37.751358201999949 ], [ 145.1768836870001, -37.750132961999952 ], [ 145.175538737000011, -37.749965931999952 ], [ 145.177720378000117, -37.73840254199996 ], [ 145.179833767000105, -37.737366431999931 ], [ 145.178421728000103, -37.73367140199997 ], [ 145.180472658000099, -37.732057371999929 ], [ 145.18116261800003, -37.729940321999948 ], [ 145.184770567000101, -37.730864291999978 ], [ 145.187901537000016, -37.730287231999966 ], [ 145.190350506000073, -37.73226224299998 ], [ 145.193950466000047, -37.731829192999953 ], [ 145.194306445000052, -37.732829212999945 ], [ 145.19180751600004, -37.734845252999946 ], [ 145.191879565000022, -37.737988302999952 ], [ 145.197433514000068, -37.741338322999979 ], [ 145.198710464000101, -37.739976312999943 ], [ 145.198337405000075, -37.734060222999972 ], [ 145.200378335000096, -37.731144142999938 ], [ 145.202022254000099, -37.730334102999961 ], [ 145.206890183000041, -37.731049083999949 ], [ 145.211156123000023, -37.729599053999948 ], [ 145.215114042000096, -37.731421083999976 ], [ 145.21487211200008, -37.734048143999985 ], [ 145.208300253000061, -37.736863233999941 ], [ 145.202484384000059, -37.737494322999964 ], [ 145.201369414000055, -37.738763292999977 ], [ 145.201796433000027, -37.739731282999969 ], [ 145.204469393000068, -37.741548313999942 ], [ 145.206953372000044, -37.74151629399995 ], [ 145.216375111000048, -37.738808223999968 ], [ 145.220464021000112, -37.736111164999954 ], [ 145.225644940000052, -37.736123064999958 ], [ 145.229907919000084, -37.73871500499996 ], [ 145.23045085900003, -37.737683984999933 ], [ 145.228786899000056, -37.736578994999945 ], [ 145.227291860000037, -37.732617964999974 ], [ 145.22887581000009, -37.731624914999941 ], [ 145.235391679000031, -37.73133276599998 ], [ 145.242872907000105, -37.736827855999934 ], [ 145.242274887000121, -37.738601865999954 ], [ 145.244544896000093, -37.739679855999952 ], [ 145.24235989500005, -37.754405375999966 ], [ 145.234080126000094, -37.75356773599998 ], [ 145.231942906000086, -37.757560865999949 ], [ 145.233970876000058, -37.759322865999934 ], [ 145.234058885000081, -37.761651865999966 ], [ 145.231869906000043, -37.763670855999976 ], [ 145.221317168000041, -37.762505154999928 ], [ 145.221557638000036, -37.761526004999951 ], [ 145.219178858000078, -37.761015734999944 ], [ 145.219299888000023, -37.759629834999942 ], [ 145.218160948000104, -37.759458774999985 ], [ 145.21761015800007, -37.760407314999952 ], [ 145.216321889000028, -37.759839864999947 ], [ 145.215850898000099, -37.762209843999983 ], [ 145.20416590100001, -37.761103853999941 ] ] ] } },
{ "type": "Feature", "properties": { "suburb": "Warrandyte South" }, "geometry": { "type": "Polygon", "coordinates": [ [ [ 145.247964905000117, -37.747716846999936 ], [ 145.250553884000055, -37.747284856999954 ], [ 145.251323924000076, -37.745328846999939 ], [ 145.254739924000091, -37.745873856999935 ], [ 145.253601893000109, -37.749369866999984 ], [ 145.256862872000056, -37.75504284699997 ], [ 145.258152891, -37.760228856999959 ], [ 145.257232651000095, -37.763609516999963 ], [ 145.258639141000117, -37.76510249699993 ], [ 145.253820961000088, -37.766284706999954 ], [ 145.240575154000112, -37.764749965999954 ], [ 145.238684343000045, -37.775430075999964 ], [ 145.23739067300005, -37.774540445999946 ], [ 145.238005263000105, -37.773563715999956 ], [ 145.234860054000023, -37.774617925999962 ], [ 145.230339385000093, -37.773763645999964 ], [ 145.229489775000047, -37.772072815999934 ], [ 145.230385815000091, -37.769445635999944 ], [ 145.229780646000108, -37.767013384999984 ], [ 145.232259616000078, -37.762696425999934 ], [ 145.234058885000081, -37.761651865999966 ], [ 145.233970876000058, -37.759322865999934 ], [ 145.231942906000086, -37.757560865999949 ], [ 145.234080126000094, -37.75356773599998 ], [ 145.24235989500005, -37.754405375999966 ], [ 145.244686256000023, -37.741609465999943 ], [ 145.245889885000111, -37.743053845999953 ], [ 145.244803895000018, -37.744813845999943 ], [ 145.247846905000074, -37.745457856999963 ], [ 145.247964905000117, -37.747716846999936 ] ] ] } },
{ "type": "Feature", "properties": { "suburb": "Warranwood" }, "geometry": { "type": "Polygon", "coordinates": [ [ [ 145.25881599100012, -37.766825057999938 ], [ 145.263218540000025, -37.767368347999934 ], [ 145.261920929000098, -37.774515857999972 ], [ 145.257397340000011, -37.773996656999941 ], [ 145.256061079000119, -37.781271836999963 ], [ 145.23784042300008, -37.779208125999958 ], [ 145.240575154000112, -37.764749965999954 ], [ 145.253820961000088, -37.766284706999954 ], [ 145.259124851000024, -37.765157557999942 ], [ 145.25881599100012, -37.766825057999938 ] ] ] } },
{ "type": "Feature", "properties": { "suburb": "Waterways" }, "geometry": { "type": "Polygon", "coordinates": [ [ [ 145.140831884000022, -38.01072968099993 ], [ 145.139304794000054, -38.018769630999941 ], [ 145.137321714000109, -38.021307680999939 ], [ 145.119451937000122, -38.016368108999984 ], [ 145.12080448800009, -38.009298648999959 ], [ 145.135906865000038, -38.011107860999971 ], [ 145.140831884000022, -38.01072968099993 ] ] ] } },
{ "type": "Feature", "properties": { "suburb": "Watsonia" }, "geometry": { "type": "Polygon", "coordinates": [ [ [ 145.07645603900005, -37.70174824399993 ], [ 145.089833217000091, -37.703155314999947 ], [ 145.087444987000026, -37.707832834999977 ], [ 145.089554906000103, -37.708113754999943 ], [ 145.089156756000079, -37.710505884999975 ], [ 145.09294210500002, -37.711358565999944 ], [ 145.094096665000052, -37.708593375999953 ], [ 145.096154835000107, -37.708814405999931 ], [ 145.094470975000036, -37.712503935999962 ], [ 145.093139125000107, -37.712796165999976 ], [ 145.094047105000072, -37.71316253599997 ], [ 145.091797385000064, -37.718166675999953 ], [ 145.074513618000083, -37.71619418399996 ], [ 145.075065939000069, -37.708136843999966 ], [ 145.076367089000087, -37.708278874999962 ], [ 145.076728439000021, -37.70637400499993 ], [ 145.075685449000048, -37.706155013999933 ], [ 145.07645603900005, -37.70174824399993 ] ] ] } },
{ "type": "Feature", "properties": { "suburb": "Watsonia North" }, "geometry": { "type": "Polygon", "coordinates": [ [ [ 145.07771759100001, -37.687800183999968 ], [ 145.088751068000079, -37.691347574999952 ], [ 145.092470227000035, -37.695140075999973 ], [ 145.089833217000091, -37.703155314999947 ], [ 145.079460029000074, -37.702045924999936 ], [ 145.080015849000119, -37.699039804999984 ], [ 145.079126819000066, -37.698952924999958 ], [ 145.081016929000043, -37.693052854999962 ], [ 145.080802020000078, -37.69216694499994 ], [ 145.077862200000027, -37.692778444999931 ], [ 145.077160050000089, -37.691922523999949 ], [ 145.07741537000004, -37.688500523999949 ], [ 145.07771759100001, -37.687800183999968 ] ] ] } },
{ "type": "Feature", "properties": { "suburb": "Watsons Creek" }, "geometry": { "type": "Polygon", "coordinates": [ [ [ 145.27450242000009, -37.656818727999962 ], [ 145.270948120000071, -37.65910232799996 ], [ 145.270064460000071, -37.66295269799997 ], [ 145.26264229100002, -37.664963646999979 ], [ 145.257988181000087, -37.670138686999962 ], [ 145.251244623000048, -37.670061265999948 ], [ 145.248550883000121, -37.67110585599994 ], [ 145.249050903000011, -37.668337865999945 ], [ 145.25077990300008, -37.668534855999951 ], [ 145.251429893000022, -37.664945855999974 ], [ 145.254649892000089, -37.66523985699996 ], [ 145.253928613000085, -37.663017166999964 ], [ 145.258562582000081, -37.663554876999967 ], [ 145.259206882000058, -37.662583866999967 ], [ 145.260747912000056, -37.662765846999946 ], [ 145.26173691200006, -37.657337856999959 ], [ 145.260953913000094, -37.653319856999929 ], [ 145.262014893000014, -37.651663846999952 ], [ 145.264578912000047, -37.651338856999985 ], [ 145.264521892000062, -37.653308856999956 ], [ 145.265697892000048, -37.654769856999962 ], [ 145.268872911000017, -37.655184867999935 ], [ 145.270220901000016, -37.653825857999948 ], [ 145.27450242000009, -37.656818727999962 ] ] ] } },
{ "type": "Feature", "properties": { "suburb": "Wattle Glen" }, "geometry": { "type": "Polygon", "coordinates": [ [ [ 145.201308912000059, -37.664778852999973 ], [ 145.203330901000072, -37.667014852999955 ], [ 145.200035932000105, -37.666624852999973 ], [ 145.197784431000059, -37.674127712999962 ], [ 145.202431390000015, -37.675371712999947 ], [ 145.202128920000064, -37.676461852999978 ], [ 145.199899931000118, -37.676098852999985 ], [ 145.198408910000012, -37.682519852999974 ], [ 145.19962071000009, -37.68221054299994 ], [ 145.19174992100011, -37.689496841999983 ], [ 145.188304911000046, -37.689219841999943 ], [ 145.188049511000031, -37.690263521999952 ], [ 145.183267942000043, -37.689664841999956 ], [ 145.179657693000081, -37.686063611999941 ], [ 145.182416404000037, -37.673072171999934 ], [ 145.178360665000014, -37.672620390999953 ], [ 145.175399456000036, -37.668891490999954 ], [ 145.176598086000013, -37.667760450999936 ], [ 145.174532626000087, -37.666031870999973 ], [ 145.172498227000119, -37.666152710999938 ], [ 145.171795816000099, -37.667750520999959 ], [ 145.171360887000105, -37.666141980999953 ], [ 145.172459937000099, -37.664147850999939 ], [ 145.171466917000089, -37.660695860999965 ], [ 145.168736938000052, -37.65961785099995 ], [ 145.169031928000095, -37.658011840999961 ], [ 145.166410098000028, -37.657738869999946 ], [ 145.166561939000076, -37.656924859999947 ], [ 145.168824938000057, -37.655716840999958 ], [ 145.170351948000075, -37.65305486099993 ], [ 145.172891948000029, -37.652151860999936 ], [ 145.173306918000094, -37.649543860999984 ], [ 145.175696938000101, -37.649821850999956 ], [ 145.175493928000037, -37.650885840999933 ], [ 145.187051206000092, -37.65217740199995 ], [ 145.187481175000016, -37.653257401999952 ], [ 145.185380236000015, -37.653765421999935 ], [ 145.187822895000068, -37.654758861999937 ], [ 145.187216915000022, -37.656929851999962 ], [ 145.189026915000113, -37.654841851999947 ], [ 145.191040915000031, -37.655004851999934 ], [ 145.191762925000035, -37.652061851999974 ], [ 145.193983944000024, -37.652317861999961 ], [ 145.194219914000087, -37.651065851999931 ], [ 145.196381924000093, -37.651321851999967 ], [ 145.195277904000022, -37.654905861999964 ], [ 145.196641913000121, -37.658240832999979 ], [ 145.198702913000034, -37.655408852999983 ], [ 145.200152913000011, -37.656061852999983 ], [ 145.201708913000061, -37.653848842999935 ], [ 145.204985922000105, -37.655301852999969 ], [ 145.205628902000058, -37.652141852999932 ], [ 145.208120902000019, -37.653249852999977 ], [ 145.20729790200005, -37.65443884299998 ], [ 145.210997901000042, -37.655287852999948 ], [ 145.208482911000033, -37.66193586299994 ], [ 145.205341901000111, -37.66119686299993 ], [ 145.204322891000061, -37.663906852999958 ], [ 145.2012751420001, -37.663158252999949 ], [ 145.201308912000059, -37.664778852999973 ] ] ] } },
{ "type": "Feature", "properties": { "suburb": "Weir Views" }, "geometry": { "type": "Polygon", "coordinates": [ [ [ 144.577119002000018, -37.733277810999937 ], [ 144.579091022000057, -37.734945810999932 ], [ 144.578938022000102, -37.737577800999929 ], [ 144.581203021000078, -37.736510820999968 ], [ 144.583685021000065, -37.738791810999942 ], [ 144.579065051000043, -37.74206996099997 ], [ 144.580294231000039, -37.743651020999948 ], [ 144.579148781000072, -37.746271820999937 ], [ 144.575657241000044, -37.74639530099995 ], [ 144.575230021000039, -37.748205810999934 ], [ 144.568295893000027, -37.743694769999934 ], [ 144.568010033000064, -37.741725859999974 ], [ 144.564141144000018, -37.739974809999978 ], [ 144.567052083000021, -37.74029276999994 ], [ 144.564537164000058, -37.737005799999963 ], [ 144.564754964000031, -37.733264769999948 ], [ 144.562130175000107, -37.73080084999998 ], [ 144.561170046000029, -37.72696179999997 ], [ 144.559164876000068, -37.724383839999973 ], [ 144.555955107000045, -37.722301778999963 ], [ 144.554435167000065, -37.723346768999932 ], [ 144.551420198000073, -37.722782838999933 ], [ 144.54780684900004, -37.720598798999958 ], [ 144.541712080000025, -37.721817857999952 ], [ 144.541856070000108, -37.719950797999957 ], [ 144.538716850000014, -37.721159777999958 ], [ 144.53597293100006, -37.72073280799998 ], [ 144.538891100000114, -37.720792847999974 ], [ 144.540453850000063, -37.719796807999955 ], [ 144.539794, -37.716896837999968 ], [ 144.54963702900011, -37.715234818999932 ], [ 144.562075567000079, -37.716773939999939 ], [ 144.561772037000082, -37.718396819999953 ], [ 144.578415853000024, -37.720185250999975 ], [ 144.578830014000118, -37.715010820999964 ], [ 144.58040302400002, -37.713483810999946 ], [ 144.58205001400006, -37.713610810999967 ], [ 144.583972023000115, -37.714656800999933 ], [ 144.580495874000121, -37.716156480999985 ], [ 144.581867093000028, -37.717227430999969 ], [ 144.581676473000016, -37.718411150999941 ], [ 144.583082293000075, -37.718372890999945 ], [ 144.582069293000018, -37.720686030999957 ], [ 144.5828247930001, -37.721377600999972 ], [ 144.582530502000054, -37.723206070999936 ], [ 144.581758162000028, -37.724692640999933 ], [ 144.579311783000094, -37.725810720999959 ], [ 144.580667382000115, -37.727272070999959 ], [ 144.57887301300002, -37.727391630999932 ], [ 144.579437312000096, -37.729053480999937 ], [ 144.577421233000109, -37.730227920999937 ], [ 144.578734762000067, -37.731932730999972 ], [ 144.577119002000018, -37.733277810999937 ] ] ] } },
{ "type": "Feature", "properties": { "suburb": "Werribee South" }, "geometry": { "type": "Polygon", "coordinates": [ [ [ 144.707927875000109, -37.965057350999984 ], [ 144.699490095000101, -37.972952480999936 ], [ 144.69420121600001, -37.974482509999973 ], [ 144.691108057000065, -37.974647839999932 ], [ 144.685856368000032, -37.972198529999957 ], [ 144.682377438000117, -37.97227554899996 ], [ 144.680343119000099, -37.972959328999934 ], [ 144.680462509000108, -37.973889558999929 ], [ 144.67704358900005, -37.974228568999933 ], [ 144.671773720000033, -37.971894558999963 ], [ 144.668046812000057, -37.967338837999932 ], [ 144.667384052000102, -37.961893757999974 ], [ 144.66888993300006, -37.954431757999942 ], [ 144.663984954000057, -37.949624867999944 ], [ 144.664704984000082, -37.947595827999976 ], [ 144.669855104000021, -37.944216757999982 ], [ 144.672062954000012, -37.938900727999965 ], [ 144.668286954000109, -37.940184847999944 ], [ 144.667084894000027, -37.943403797999963 ], [ 144.665360855000017, -37.942809887999942 ], [ 144.663329016000034, -37.935747847999949 ], [ 144.661096996000083, -37.933878827999933 ], [ 144.667534906000014, -37.929071827999962 ], [ 144.668059046000053, -37.926043787999959 ], [ 144.661450907000017, -37.924293837999983 ], [ 144.657511168000042, -37.919937476999962 ], [ 144.693515023000032, -37.907619809999971 ], [ 144.707160722000026, -37.898305390999951 ], [ 144.709669392000023, -37.892583360999936 ], [ 144.709983452000074, -37.89582115099995 ], [ 144.712048021000101, -37.897669260999976 ], [ 144.714518201000033, -37.896018500999958 ], [ 144.716866761000119, -37.896111890999975 ], [ 144.713543989000073, -37.914854820999949 ], [ 144.715288979000093, -37.915399810999929 ], [ 144.717826538000054, -37.919436530999974 ], [ 144.72525982600007, -37.923781811999959 ], [ 144.728307725000036, -37.927070431999937 ], [ 144.742770953000104, -37.928801822999958 ], [ 144.740496022000116, -37.941265812999973 ], [ 144.735592132000079, -37.943121882999947 ], [ 144.729221243000097, -37.948723011999959 ], [ 144.723360404000118, -37.951430101999961 ], [ 144.721305454000117, -37.953557161999981 ], [ 144.721610523000095, -37.954764151999939 ], [ 144.714148714000089, -37.961354290999964 ], [ 144.707927875000109, -37.965057350999984 ] ] ] } },
{ "type": "Feature", "properties": { "suburb": "Westmeadows" }, "geometry": { "type": "Polygon", "coordinates": [ [ [ 144.903981602000044, -37.67613307299996 ], [ 144.903065961000038, -37.680992431999982 ], [ 144.885362955000119, -37.680778830999941 ], [ 144.883493975000079, -37.682161830999974 ], [ 144.882274064000057, -37.689107900999943 ], [ 144.86634170800005, -37.677908829999978 ], [ 144.867582059000028, -37.671027289999984 ], [ 144.870845118000034, -37.672023519999982 ], [ 144.874732117000121, -37.671309360999942 ], [ 144.876488127000016, -37.673095320999948 ], [ 144.876635117000092, -37.674676360999968 ], [ 144.877756137000119, -37.674345340999935 ], [ 144.877859106000074, -37.675124360999973 ], [ 144.8793203460001, -37.674891170999956 ], [ 144.880696106000073, -37.675908350999975 ], [ 144.883391046000042, -37.674449310999933 ], [ 144.885263015000078, -37.674863320999975 ], [ 144.885972025000115, -37.673882290999984 ], [ 144.89940621300002, -37.675671531999967 ], [ 144.900850673000036, -37.668331071999944 ], [ 144.905499562000045, -37.668925032999937 ], [ 144.906743483000014, -37.662735942999973 ], [ 144.922086950000107, -37.663776833999975 ], [ 144.921983250000039, -37.665250083999979 ], [ 144.920715680000058, -37.665371493999942 ], [ 144.920494640000015, -37.666430523999963 ], [ 144.917812980000122, -37.668099832999985 ], [ 144.91809494000006, -37.669982842999957 ], [ 144.913995920000048, -37.67538650299997 ], [ 144.910122321000017, -37.676850632999958 ], [ 144.909565221000094, -37.675683042999935 ], [ 144.907268611000063, -37.67652553299996 ], [ 144.903981602000044, -37.67613307299996 ] ] ] } },
{ "type": "Feature", "properties": { "suburb": "Wheelers Hill" }, "geometry": { "type": "Polygon", "coordinates": [ [ [ 145.176358871000048, -37.890252852999936 ], [ 145.200500887000089, -37.893014843999936 ], [ 145.202007896000055, -37.895665863999966 ], [ 145.20690688500008, -37.896629864999966 ], [ 145.207293895000021, -37.898671854999975 ], [ 145.208346885000083, -37.899034854999968 ], [ 145.206867865000049, -37.900605864999932 ], [ 145.207617865000088, -37.901160864999952 ], [ 145.203372885000022, -37.903305864999936 ], [ 145.20520788500005, -37.905331854999929 ], [ 145.204633885000021, -37.906034854999973 ], [ 145.205868894000105, -37.910551854999937 ], [ 145.204853874000037, -37.91072685499995 ], [ 145.205584894000026, -37.912215854999943 ], [ 145.204451894000044, -37.91369085499997 ], [ 145.205211894000058, -37.913722864999954 ], [ 145.203874864000113, -37.914140854999971 ], [ 145.204306884000061, -37.914743854999983 ], [ 145.203358864000052, -37.915187854999942 ], [ 145.204071894000094, -37.916124864999972 ], [ 145.202670874000091, -37.917910854999946 ], [ 145.205652892000103, -37.924387854999964 ], [ 145.172600469000031, -37.920276041999955 ], [ 145.165870631000075, -37.913258601999985 ], [ 145.165482891000011, -37.911832861999983 ], [ 145.164727891000098, -37.911251851999964 ], [ 145.164419031000079, -37.911998551999943 ], [ 145.160433852000097, -37.909348731999955 ], [ 145.16141063200007, -37.903524291999929 ], [ 145.173561150000069, -37.904861871999969 ], [ 145.176358871000048, -37.890252852999936 ] ] ] } },
{ "type": "Feature", "properties": { "suburb": "Whittlesea" }, "geometry": { "type": "Polygon", "coordinates": [ [ [ 145.161187729000062, -37.475966768999967 ], [ 145.150846075000118, -37.533068578999973 ], [ 145.096587955000018, -37.527145854999958 ], [ 145.099356006000107, -37.512495994999938 ], [ 145.094411207000121, -37.511937664999948 ], [ 145.094911807000017, -37.510665694999943 ], [ 145.092997197000045, -37.50815595399996 ], [ 145.09343633800006, -37.506052113999942 ], [ 145.091347288000065, -37.505380103999983 ], [ 145.091558958000064, -37.504247843999963 ], [ 145.082577950000086, -37.503164833999961 ], [ 145.086596491000023, -37.481593453999949 ], [ 145.068407775000082, -37.479318502999945 ], [ 145.072776976000114, -37.456572842999947 ], [ 145.070529967000084, -37.456079842999941 ], [ 145.068659020578849, -37.454098379399944 ], [ 145.20620888704363, -37.454098379399944 ], [ 145.208957943000087, -37.456950591999941 ], [ 145.20957322300012, -37.459423071999936 ], [ 145.21653260100004, -37.464506952999955 ], [ 145.221145869000111, -37.471767902999943 ], [ 145.218606930000078, -37.473174842999981 ], [ 145.211960941000029, -37.47391584199994 ], [ 145.207656931000088, -37.475776851999967 ], [ 145.200149943000042, -37.473177841999984 ], [ 145.193990934000112, -37.474186850999956 ], [ 145.190478945000109, -37.47207685099994 ], [ 145.182254906000026, -37.469558849999942 ], [ 145.177149948000078, -37.464568849999978 ], [ 145.173813918000064, -37.465264859999934 ], [ 145.169559959000026, -37.467682838999963 ], [ 145.166265939000027, -37.474181858999941 ], [ 145.161187729000062, -37.475966768999967 ] ] ] } },
{ "type": "Feature", "properties": { "suburb": "Wildwood" }, "geometry": { "type": "Polygon", "coordinates": [ [ [ 144.835307857000089, -37.554953816999955 ], [ 144.831878867000114, -37.556016806999935 ], [ 144.828448048000041, -37.555230836999954 ], [ 144.827180148000025, -37.557916786999954 ], [ 144.830493947000036, -37.558207856999957 ], [ 144.828346907000082, -37.560816866999971 ], [ 144.831861966000019, -37.563158836999946 ], [ 144.832121846000064, -37.564765806999958 ], [ 144.827504857000122, -37.567334846999984 ], [ 144.827453027000047, -37.568943866999973 ], [ 144.825487057000032, -37.56862986699997 ], [ 144.819135958000061, -37.572156865999943 ], [ 144.819760907000045, -37.57432083599997 ], [ 144.819179857000108, -37.576024795999956 ], [ 144.821984997000072, -37.577318815999945 ], [ 144.822047996000038, -37.578795795999952 ], [ 144.818851907000067, -37.581705865999936 ], [ 144.810661928000059, -37.581115825999973 ], [ 144.80900482800007, -37.581824834999964 ], [ 144.811259878000101, -37.583436835999976 ], [ 144.813335997000081, -37.587467835999973 ], [ 144.810144978000039, -37.586851785999954 ], [ 144.807298088000039, -37.590722784999969 ], [ 144.811362107000036, -37.590549805999956 ], [ 144.811556177000057, -37.593342865999944 ], [ 144.813732016000017, -37.594540855999981 ], [ 144.815520116000016, -37.593876835999936 ], [ 144.816098966000027, -37.59494082599997 ], [ 144.813220066000099, -37.595747845999938 ], [ 144.813365846000011, -37.598328785999968 ], [ 144.806639997000048, -37.597453784999971 ], [ 144.806144977000031, -37.598150844999964 ], [ 144.812369036000064, -37.600405795999961 ], [ 144.816284025000073, -37.59977579599996 ], [ 144.817951895000078, -37.600701815999969 ], [ 144.807137156000067, -37.607056805999946 ], [ 144.808133976000022, -37.608869845999948 ], [ 144.801357967000058, -37.608901824999975 ], [ 144.800474967000014, -37.611745834999965 ], [ 144.795296018000045, -37.609707814999979 ], [ 144.792237968000109, -37.611964814999965 ], [ 144.793355998000038, -37.60911783499995 ], [ 144.789636979000079, -37.60878882399993 ], [ 144.789672019000022, -37.606881833999978 ], [ 144.787272, -37.60525682399998 ], [ 144.788426970000046, -37.600693823999961 ], [ 144.78717499000004, -37.596643823999955 ], [ 144.782377971000074, -37.597559823999973 ], [ 144.785243991000016, -37.595213823999984 ], [ 144.783497981000096, -37.593561833999956 ], [ 144.782180982000114, -37.594270823999977 ], [ 144.780511002000026, -37.591303833999973 ], [ 144.780798002000097, -37.590217823999978 ], [ 144.782925982000052, -37.589335823999932 ], [ 144.780132023000078, -37.588152813999955 ], [ 144.778585993000092, -37.589472832999945 ], [ 144.775053993000029, -37.589189812999962 ], [ 144.773344003000034, -37.59165483299995 ], [ 144.770447004000061, -37.590424822999978 ], [ 144.770026014000109, -37.587430822999977 ], [ 144.765384015000109, -37.587330822999945 ], [ 144.764176016000079, -37.586215831999937 ], [ 144.764453016000061, -37.584767811999939 ], [ 144.766649985000072, -37.585322812999948 ], [ 144.774241984000014, -37.581784822999964 ], [ 144.774022984000112, -37.58028182299995 ], [ 144.772025005000046, -37.579096822999929 ], [ 144.774719005000065, -37.57677382299994 ], [ 144.775393415000053, -37.574241022999956 ], [ 144.777140085000042, -37.572380212999974 ], [ 144.777401755000028, -37.569603512999947 ], [ 144.77590908600007, -37.56722597299995 ], [ 144.77283366600011, -37.56616851299998 ], [ 144.769138957000109, -37.566476662999946 ], [ 144.769759387000022, -37.562766842999963 ], [ 144.77197215700005, -37.563047022999967 ], [ 144.773314007000067, -37.561402812999972 ], [ 144.771810977000086, -37.55809383299993 ], [ 144.770320028000015, -37.557926812999938 ], [ 144.771170988000108, -37.554257822999944 ], [ 144.770198988000061, -37.553259822999962 ], [ 144.771048018000101, -37.552399832999981 ], [ 144.773281018000034, -37.552810822999959 ], [ 144.774627897000073, -37.551477772999931 ], [ 144.773887538000054, -37.547291492999932 ], [ 144.778116017000116, -37.546572832999971 ], [ 144.77683300800004, -37.544753812999943 ], [ 144.779327128000091, -37.541960052999968 ], [ 144.776106988000038, -37.541146812999955 ], [ 144.778620998000065, -37.538375832999975 ], [ 144.775592999000082, -37.536578832999965 ], [ 144.777096029000063, -37.535882822999952 ], [ 144.775496999000097, -37.534196822999945 ], [ 144.776881999000011, -37.530383832999973 ], [ 144.771452, -37.529547812999965 ], [ 144.771190001000036, -37.528183822999949 ], [ 144.772724030000063, -37.526718832999961 ], [ 144.770087011000101, -37.525794832999964 ], [ 144.769252001000041, -37.522858821999932 ], [ 144.767681002000018, -37.52202183199995 ], [ 144.770098002000054, -37.52039782199995 ], [ 144.768265992000011, -37.517411811999978 ], [ 144.827936181000041, -37.52478582599997 ], [ 144.835530989000063, -37.533547836999958 ], [ 144.833147868000083, -37.548221806999948 ], [ 144.837397667000118, -37.549632476999932 ], [ 144.835307857000089, -37.554953816999955 ] ] ] } },
{ "type": "Feature", "properties": { "suburb": "Williams Landing" }, "geometry": { "type": "Polygon", "coordinates": [ [ [ 144.751306157000045, -37.869814672999951 ], [ 144.73685665000005, -37.873404481999955 ], [ 144.734507400000098, -37.868896851999978 ], [ 144.734685341000045, -37.86755328199996 ], [ 144.731351792000055, -37.863271831999953 ], [ 144.730622192000055, -37.857973221999941 ], [ 144.731277443000067, -37.852711231999933 ], [ 144.752544389000036, -37.854432932999941 ], [ 144.755451788000073, -37.858259333999968 ], [ 144.757833487000084, -37.865051933999951 ], [ 144.750636708000116, -37.866886382999951 ], [ 144.751306157000045, -37.869814672999951 ] ] ] } },
{ "type": "Feature", "properties": { "suburb": "Williamstown North" }, "geometry": { "type": "Polygon", "coordinates": [ [ [ 144.862700230000087, -37.855095630999983 ], [ 144.85294039200005, -37.852387139999962 ], [ 144.854995162000023, -37.848342579999951 ], [ 144.874709428000074, -37.849118971999985 ], [ 144.888982935000058, -37.857811822999963 ], [ 144.862700230000087, -37.855095630999983 ] ] ] } },
{ "type": "Feature", "properties": { "suburb": "Wollert" }, "geometry": { "type": "Polygon", "coordinates": [ [ [ 145.015182715000037, -37.564996548999943 ], [ 145.032442321000076, -37.566895840999962 ], [ 145.032436112000028, -37.564221030999931 ], [ 145.060998856000083, -37.56734344299997 ], [ 145.0585029450001, -37.581749842999955 ], [ 145.061420935000115, -37.582057842999973 ], [ 145.059230534000108, -37.594070582999962 ], [ 145.053668665000032, -37.591855181999961 ], [ 145.052449565000074, -37.594696471999953 ], [ 145.05343554500007, -37.59615383199997 ], [ 145.047032276000095, -37.595116881999957 ], [ 145.042398923000064, -37.624417851999965 ], [ 144.954588450000074, -37.615323135999972 ], [ 144.953952690000051, -37.613644815999976 ], [ 144.952695560000052, -37.614015164999955 ], [ 144.951877300000092, -37.613168784999971 ], [ 144.952848570000015, -37.612067114999945 ], [ 144.952416550000066, -37.610666254999956 ], [ 144.950489501000106, -37.611233524999932 ], [ 144.948262491000037, -37.608300694999969 ], [ 144.946501402000081, -37.607555314999956 ], [ 144.952354651000064, -37.606808584999953 ], [ 144.952062321000085, -37.604182834999961 ], [ 144.95310272100005, -37.603694774999951 ], [ 144.953428191000057, -37.60129500499994 ], [ 144.952214962000085, -37.599652684999967 ], [ 144.95301092200009, -37.596406294999952 ], [ 144.954803722000065, -37.59540037499994 ], [ 144.955883362, -37.591249655999945 ], [ 144.958809092000024, -37.591130585999963 ], [ 144.95733022200011, -37.589069135999978 ], [ 144.957918092000114, -37.587974095999982 ], [ 144.956953282000086, -37.585752635999938 ], [ 144.958496982000042, -37.585105265999971 ], [ 144.956596173000094, -37.582496085999935 ], [ 144.957556663000105, -37.581550085999936 ], [ 144.959978732000081, -37.581813605999969 ], [ 144.960355632000073, -37.58034912599993 ], [ 144.963270562000048, -37.579316735999953 ], [ 144.962366602000088, -37.577561195999976 ], [ 144.965289442000085, -37.573531445999947 ], [ 144.965324702000089, -37.572039075999953 ], [ 144.963766633000091, -37.571665295999935 ], [ 144.964147873000115, -37.568726605999984 ], [ 144.963237093000089, -37.567164115999958 ], [ 144.96405428300011, -37.56647329599997 ], [ 144.964404544000104, -37.561844125999983 ], [ 144.965568454000049, -37.560377225999957 ], [ 144.96395347400005, -37.557323435999933 ], [ 145.01565396500007, -37.562603838999962 ], [ 145.015182715000037, -37.564996548999943 ] ] ] } },
{ "type": "Feature", "properties": { "suburb": "Wonga Park" }, "geometry": { "type": "Polygon", "coordinates": [ [ [ 145.27192565900009, -37.763093437999942 ], [ 145.271254089000081, -37.764951927999959 ], [ 145.272582838000062, -37.768497747999959 ], [ 145.265966879000075, -37.767829867999978 ], [ 145.266152809000118, -37.766767357999981 ], [ 145.258639141000117, -37.76510249699993 ], [ 145.257232651000095, -37.763609516999963 ], [ 145.25815088100012, -37.761609846999932 ], [ 145.257522862000087, -37.757568856999967 ], [ 145.253601893000109, -37.749369866999984 ], [ 145.254773904000103, -37.74593185699996 ], [ 145.253130894000037, -37.745024856999976 ], [ 145.251314874000059, -37.745331846999932 ], [ 145.250598894000063, -37.747243856999944 ], [ 145.249049904000117, -37.748117856999954 ], [ 145.247831905000112, -37.747558856999945 ], [ 145.247815915000047, -37.745432856999969 ], [ 145.244803895000018, -37.744813845999943 ], [ 145.245753885000113, -37.742485865999981 ], [ 145.244014876000051, -37.741325855999946 ], [ 145.244485906000023, -37.739592855999945 ], [ 145.242185897000013, -37.738328855999953 ], [ 145.242945907000035, -37.736966845999973 ], [ 145.241964457000108, -37.73606734599997 ], [ 145.243115667000097, -37.735356725999964 ], [ 145.243117597000037, -37.734200715999975 ], [ 145.240286588000117, -37.731574695999939 ], [ 145.242269518000057, -37.72807865599998 ], [ 145.23660957900006, -37.727051685999982 ], [ 145.236385509000115, -37.723774625999965 ], [ 145.234735520000072, -37.721162635999974 ], [ 145.23654045000012, -37.71988857599996 ], [ 145.240938478000089, -37.725004615999978 ], [ 145.242492468000023, -37.725415615999964 ], [ 145.243752408000091, -37.723160595999957 ], [ 145.243238339000072, -37.718939545999945 ], [ 145.248673297000096, -37.720719536999979 ], [ 145.249767277000046, -37.71839549699996 ], [ 145.253852177000113, -37.717125436999936 ], [ 145.256014067000024, -37.714267346999975 ], [ 145.256494047000047, -37.712187326999981 ], [ 145.254810047000092, -37.710056306999945 ], [ 145.258495017000087, -37.709895246999963 ], [ 145.260637967000093, -37.70794118699996 ], [ 145.264278906000072, -37.707346127999983 ], [ 145.26557385600006, -37.70837010799994 ], [ 145.268239855000047, -37.70746708799993 ], [ 145.27042076500004, -37.705535077999969 ], [ 145.269553786000074, -37.704965067999979 ], [ 145.267651806000117, -37.705634087999954 ], [ 145.26720978600008, -37.704079087999958 ], [ 145.26794376600003, -37.703293077999945 ], [ 145.272332705000053, -37.703815057999975 ], [ 145.27307672500001, -37.705210047999969 ], [ 145.272744795000108, -37.708390067999972 ], [ 145.275774764000062, -37.710044077999953 ], [ 145.272358914000051, -37.715842197999962 ], [ 145.276949843000011, -37.71585818799997 ], [ 145.277503773000035, -37.713414127999954 ], [ 145.281290753000121, -37.713806128999977 ], [ 145.283010742000101, -37.715351158999965 ], [ 145.282778822000068, -37.718279208999945 ], [ 145.283600802000024, -37.718843198999934 ], [ 145.286973661000047, -37.714917128999957 ], [ 145.285100702000022, -37.714325128999974 ], [ 145.284973642000068, -37.71165807899996 ], [ 145.282735643000024, -37.708552038999983 ], [ 145.286281913000039, -37.703499318999945 ], [ 145.292317442000012, -37.702429958999971 ], [ 145.291258352000114, -37.707217118999949 ], [ 145.289110592000043, -37.708956038999929 ], [ 145.290280591000055, -37.709715038999946 ], [ 145.292202541000051, -37.708707028999982 ], [ 145.29328549100012, -37.70952404999997 ], [ 145.291417571000011, -37.711405068999966 ], [ 145.293597531000046, -37.712221069999941 ], [ 145.292371680000088, -37.719235199999957 ], [ 145.293938039000068, -37.722876479999968 ], [ 145.292550969000104, -37.727264159999947 ], [ 145.288524030000076, -37.729679998999984 ], [ 145.290818889000093, -37.731626869999957 ], [ 145.286946869000076, -37.735298858999954 ], [ 145.289011888000118, -37.740345858999945 ], [ 145.290090857000109, -37.746808849999979 ], [ 145.293753787000014, -37.747311679999939 ], [ 145.295970976000035, -37.749276639999948 ], [ 145.292340936000073, -37.755398869999965 ], [ 145.293832986000098, -37.755598369999973 ], [ 145.293305895000117, -37.758501849999959 ], [ 145.291691896000088, -37.759794859999943 ], [ 145.296973705000028, -37.760346509999977 ], [ 145.296438574000035, -37.763440109999976 ], [ 145.27820857800009, -37.761831498999982 ], [ 145.27192565900009, -37.763093437999942 ] ] ] } },
{ "type": "Feature", "properties": { "suburb": "Woodstock" }, "geometry": { "type": "Polygon", "coordinates": [ [ [ 145.027245457000049, -37.519261889999939 ], [ 145.095560375000105, -37.527016574999948 ], [ 145.094359154000017, -37.541443634999951 ], [ 145.08862694100003, -37.570217844999945 ], [ 145.03231413200001, -37.564253440999948 ], [ 145.027245457000049, -37.519261889999939 ] ] ] } },
{ "type": "Feature", "properties": { "suburb": "Woori Yallock" }, "geometry": { "type": "Polygon", "coordinates": [ [ [ 145.563800115000049, -37.79387965899997 ], [ 145.564356663000012, -37.804885758999944 ], [ 145.5764098410001, -37.806227899999953 ], [ 145.575774811000088, -37.809756879999952 ], [ 145.538461666000103, -37.823588886999971 ], [ 145.532172828000057, -37.815387876999978 ], [ 145.531295188000058, -37.811069046999933 ], [ 145.53412546800007, -37.811362676999977 ], [ 145.534724438000012, -37.807807956999966 ], [ 145.537896358000012, -37.808131916999969 ], [ 145.538183868000033, -37.806371876999947 ], [ 145.536802818000069, -37.803704876999973 ], [ 145.532622219000018, -37.801981516999945 ], [ 145.526187670000013, -37.804706135999936 ], [ 145.524674531000073, -37.803084635999937 ], [ 145.52448903100003, -37.801157785999976 ], [ 145.521973091000064, -37.80047009599997 ], [ 145.520628832000057, -37.798765875999948 ], [ 145.518545852000102, -37.798504885999932 ], [ 145.51885084200012, -37.797284885999943 ], [ 145.517168852000054, -37.797365875999958 ], [ 145.516500833, -37.79575587599993 ], [ 145.518414853000081, -37.793786885999964 ], [ 145.51781983300009, -37.793259875999979 ], [ 145.519449843000075, -37.792777875999946 ], [ 145.519303843000102, -37.793531875999975 ], [ 145.520235842000034, -37.793508885999984 ], [ 145.520651832000112, -37.79245687599996 ], [ 145.520014833000118, -37.79190887599998 ], [ 145.520646833000114, -37.790673865999963 ], [ 145.518216843000118, -37.787911875999953 ], [ 145.519939863000104, -37.786716885999965 ], [ 145.515475834000085, -37.787054875999956 ], [ 145.512050864000116, -37.788593874999947 ], [ 145.511917855000092, -37.78685887499995 ], [ 145.510179835000031, -37.787204874999929 ], [ 145.510945855000045, -37.786136874999954 ], [ 145.508766845000082, -37.786046874999954 ], [ 145.50959784500003, -37.78430287499998 ], [ 145.508312855000099, -37.783778884999947 ], [ 145.507311846000107, -37.780939874999945 ], [ 145.508636836000051, -37.780548874999965 ], [ 145.506966846000068, -37.779621874999975 ], [ 145.50872782600004, -37.779524884999944 ], [ 145.507620856000017, -37.778822874999946 ], [ 145.508725856000069, -37.778453874999968 ], [ 145.50840783600006, -37.777321884999935 ], [ 145.509349866000093, -37.777436874999978 ], [ 145.507632827000066, -37.77583487499993 ], [ 145.509490866000078, -37.776296874999957 ], [ 145.509309856000073, -37.77546287499996 ], [ 145.510384856000087, -37.775807874999941 ], [ 145.509884846000091, -37.774905874999945 ], [ 145.51106685600007, -37.774333874999968 ], [ 145.509502836000024, -37.774584884999967 ], [ 145.509435857000085, -37.772857864999935 ], [ 145.510439856000062, -37.772336874999951 ], [ 145.51134283600004, -37.773028884999974 ], [ 145.511983846000021, -37.771639884999956 ], [ 145.51230785600012, -37.772890874999973 ], [ 145.513014866000049, -37.771585884999979 ], [ 145.512616826000112, -37.772966874999952 ], [ 145.513408846000061, -37.773665874999949 ], [ 145.51465582600008, -37.772003874999939 ], [ 145.513608826000109, -37.771513884999933 ], [ 145.514345836000075, -37.770887874999971 ], [ 145.512412836000067, -37.770137864999981 ], [ 145.513818846000049, -37.768828884999948 ], [ 145.51291083600006, -37.768824864999942 ], [ 145.513804836000077, -37.767705874999933 ], [ 145.512829887000066, -37.767430914999977 ], [ 145.513512837000121, -37.76566205499995 ], [ 145.511886317000062, -37.766314894999937 ], [ 145.51247601700004, -37.765123944999971 ], [ 145.511320757000021, -37.765315804999943 ], [ 145.511569177000069, -37.764603274999956 ], [ 145.510338317000105, -37.764025204999939 ], [ 145.511034597000048, -37.762346004999984 ], [ 145.512954827000044, -37.762227914999983 ], [ 145.51306643700002, -37.761571464999975 ], [ 145.511108728000067, -37.761167904999979 ], [ 145.513246787000071, -37.759757864999983 ], [ 145.512845728000116, -37.756926904999943 ], [ 145.513998798000102, -37.755855834999977 ], [ 145.511961948000021, -37.755653864999942 ], [ 145.512317968000048, -37.754274874999965 ], [ 145.510712738000052, -37.753921824999964 ], [ 145.510228898000037, -37.754662244999963 ], [ 145.509360929000081, -37.753516914999977 ], [ 145.511228668000058, -37.753339034999954 ], [ 145.510591779000038, -37.752831984999943 ], [ 145.51121931900002, -37.752465044999951 ], [ 145.512120578, -37.752991274999943 ], [ 145.510901659000069, -37.752079634999973 ], [ 145.511374299000067, -37.750711224999975 ], [ 145.510186479000026, -37.750203434999946 ], [ 145.511010759000101, -37.750060464999933 ], [ 145.510596739000107, -37.749350144999937 ], [ 145.511934979000102, -37.74951303499995 ], [ 145.511640419000059, -37.747260194999967 ], [ 145.510619769000073, -37.747868014999938 ], [ 145.510170899000059, -37.746532354999943 ], [ 145.509428049000121, -37.747167864999938 ], [ 145.508736810000073, -37.746307024999965 ], [ 145.509279860000106, -37.745264874999975 ], [ 145.51621255900011, -37.742543584999964 ], [ 145.514051099000085, -37.741864914999951 ], [ 145.514982069000098, -37.739783884999952 ], [ 145.517069319000029, -37.739989064999975 ], [ 145.520910219000029, -37.736906415999954 ], [ 145.530026307000071, -37.738389405999953 ], [ 145.532666287000097, -37.735392796999975 ], [ 145.541220935000069, -37.736347356999943 ], [ 145.538379844000019, -37.750820876999967 ], [ 145.538479013000028, -37.759323246999941 ], [ 145.533176843000092, -37.763487876999932 ], [ 145.532617843000025, -37.767260876999956 ], [ 145.536424862000104, -37.769799876999969 ], [ 145.538590841000087, -37.774004866999974 ], [ 145.541367361000084, -37.772973806999971 ], [ 145.548564580000061, -37.772933277999982 ], [ 145.554566598000065, -37.78022995799995 ], [ 145.55964356700008, -37.782847368999967 ], [ 145.559193197000013, -37.785293298999932 ], [ 145.55712389700011, -37.787611788999982 ], [ 145.557257856000092, -37.789794878999942 ], [ 145.558756876000075, -37.794089638999935 ], [ 145.563800115000049, -37.79387965899997 ] ] ] } },
{ "type": "Feature", "properties": { "suburb": "Wyndham Vale" }, "geometry": { "type": "Polygon", "coordinates": [ [ [ 144.608997972000111, -37.868552813999941 ], [ 144.574726671000121, -37.845617600999958 ], [ 144.558952834000024, -37.840707849999944 ], [ 144.579082142000061, -37.823392331999969 ], [ 144.578513473000044, -37.821853650999969 ], [ 144.579853543000013, -37.820268161999934 ], [ 144.582834532000106, -37.820549161999963 ], [ 144.58464442200011, -37.818872131999967 ], [ 144.585821432000103, -37.819340131999979 ], [ 144.586921292000056, -37.816214091999939 ], [ 144.588123272000075, -37.816037101999939 ], [ 144.591488390000109, -37.822256101999983 ], [ 144.590429480000012, -37.824076111999943 ], [ 144.588770561000047, -37.824778131999949 ], [ 144.59168851000004, -37.825508121999974 ], [ 144.596719309000036, -37.824252122999951 ], [ 144.60317615800011, -37.827118172999974 ], [ 144.604421167000055, -37.828632202999984 ], [ 144.602833278000048, -37.830371182999954 ], [ 144.60313936700004, -37.832442182999955 ], [ 144.608117306000054, -37.835500173999947 ], [ 144.610659276000092, -37.835771143999978 ], [ 144.608971446000055, -37.838533153999947 ], [ 144.609302465000042, -37.839507123999965 ], [ 144.617877294000095, -37.842974013999935 ], [ 144.616924423000114, -37.846831003999966 ], [ 144.618747423000059, -37.848685973999977 ], [ 144.619058432000088, -37.85149899399994 ], [ 144.621824362000098, -37.851283934999969 ], [ 144.623638342000049, -37.852260934999947 ], [ 144.624260371000105, -37.855287924999971 ], [ 144.625483381000095, -37.855824924999979 ], [ 144.625150391000034, -37.857402934999982 ], [ 144.622727481000084, -37.858264924999958 ], [ 144.62364750100005, -37.860089934999962 ], [ 144.626842460000034, -37.861248934999935 ], [ 144.629944370000089, -37.861115904999963 ], [ 144.633479399000066, -37.864229934999969 ], [ 144.635482478000085, -37.867641925999976 ], [ 144.636814438000101, -37.867556945999979 ], [ 144.638593298000046, -37.865584915999932 ], [ 144.643813207000107, -37.86673187599996 ], [ 144.646859126000095, -37.866251855999963 ], [ 144.646266256000104, -37.869813845999943 ], [ 144.647660195000071, -37.870505825999942 ], [ 144.653162235000082, -37.867562936999946 ], [ 144.653616005000117, -37.868797776999941 ], [ 144.650538145000041, -37.870898786999931 ], [ 144.65248220400008, -37.876337726999964 ], [ 144.648769384000047, -37.879873756999984 ], [ 144.642327545000057, -37.878754865999952 ], [ 144.642542965000075, -37.880070805999935 ], [ 144.640375665000079, -37.883401855999978 ], [ 144.642556724000087, -37.887901815999953 ], [ 144.634458656000106, -37.88700206599998 ], [ 144.63123650600005, -37.892893244999982 ], [ 144.631122555000047, -37.900052044999939 ], [ 144.628836265000018, -37.901755764999962 ], [ 144.605050970000093, -37.898951293999971 ], [ 144.607051321000085, -37.884339543999943 ], [ 144.611431460000063, -37.883799143999966 ], [ 144.614920650000045, -37.885834573999944 ], [ 144.618343940000045, -37.878351073999966 ], [ 144.608997972000111, -37.868552813999941 ] ] ] } },
{ "type": "Feature", "properties": { "suburb": "Yallambie" }, "geometry": { "type": "Polygon", "coordinates": [ [ [ 145.099815922000062, -37.726977095999985 ], [ 145.09947060200011, -37.729010025999969 ], [ 145.090272784000035, -37.730087005999962 ], [ 145.084089935000065, -37.731958854999959 ], [ 145.078411155000026, -37.735209704999932 ], [ 145.081203996000113, -37.719453224999938 ], [ 145.095589444000098, -37.721100625999952 ], [ 145.095769094000048, -37.719994845999963 ], [ 145.094283624000013, -37.718444285999965 ], [ 145.099646453000105, -37.718660755999963 ], [ 145.110673251000094, -37.72029314699995 ], [ 145.110429391000025, -37.721076596999978 ], [ 145.111985421000099, -37.721769556999959 ], [ 145.110460271000079, -37.722539286999961 ], [ 145.109229421, -37.721674616999962 ], [ 145.106770852000068, -37.723378846999935 ], [ 145.109690811000064, -37.725859886999956 ], [ 145.106605941000112, -37.726260836999984 ], [ 145.107712951000053, -37.72870288699994 ], [ 145.107112821000101, -37.730001846999983 ], [ 145.101195732000065, -37.729229415999953 ], [ 145.10153131200002, -37.727147465999963 ], [ 145.099815922000062, -37.726977095999985 ] ] ] } },
{ "type": "Feature", "properties": { "suburb": "Yan Yean" }, "geometry": { "type": "Polygon", "coordinates": [ [ [ 145.164995150000095, -37.557993089999968 ], [ 145.149464692000038, -37.565288708999958 ], [ 145.144442802000071, -37.570285037999952 ], [ 145.144017542000029, -37.572702637999953 ], [ 145.142259962000026, -37.570734847999972 ], [ 145.135632943000019, -37.569407847999969 ], [ 145.126354945000116, -37.570001846999958 ], [ 145.125467885000035, -37.574495676999959 ], [ 145.08862694100003, -37.570217844999945 ], [ 145.094359154000017, -37.541443634999951 ], [ 145.095560375000105, -37.527016574999948 ], [ 145.158509763000097, -37.533948918999954 ], [ 145.163639032000106, -37.535994978999952 ], [ 145.166990792000092, -37.535762809999937 ], [ 145.17273651000005, -37.539142919999961 ], [ 145.175436699000102, -37.542841919999944 ], [ 145.166937640000015, -37.548219059999951 ], [ 145.168652670000029, -37.552003729999967 ], [ 145.164995150000095, -37.557993089999968 ] ] ] } },
{ "type": "Feature", "properties": { "suburb": "Yannathan" }, "geometry": { "type": "Polygon", "coordinates": [ [ [ 145.58390908380008, -38.201210609512557 ], [ 145.58390908380008, -38.203401733173671 ], [ 145.581126756000117, -38.202354872999933 ], [ 145.58390908380008, -38.201210609512557 ] ] ] } },
{ "type": "Feature", "properties": { "suburb": "Yarra Glen" }, "geometry": { "type": "Polygon", "coordinates": [ [ [ 145.378961532000062, -37.659785824999972 ], [ 145.372125742000094, -37.664178944999946 ], [ 145.370471743000053, -37.664303944999972 ], [ 145.371779752000066, -37.66625195499995 ], [ 145.369038823000096, -37.664954984999952 ], [ 145.370725822000054, -37.667547974999934 ], [ 145.365493943000047, -37.668245053999954 ], [ 145.365193993000048, -37.670292083999982 ], [ 145.363962003000097, -37.669803103999982 ], [ 145.362294023000118, -37.670599143999937 ], [ 145.363386103000039, -37.674314133999985 ], [ 145.358901134000121, -37.670918173999951 ], [ 145.35674416400002, -37.671608203999938 ], [ 145.356529214000034, -37.672987233999947 ], [ 145.354945224000062, -37.673012243999949 ], [ 145.353721304000032, -37.674636273999965 ], [ 145.35403834400006, -37.67598527399997 ], [ 145.352795344000015, -37.676240293999967 ], [ 145.352941454000074, -37.679679293999982 ], [ 145.352019464000023, -37.680611322999937 ], [ 145.352994414000023, -37.681378313999971 ], [ 145.352580424000053, -37.682412333999935 ], [ 145.350481494000064, -37.681102332999956 ], [ 145.349882495000088, -37.679003322999961 ], [ 145.34772651500009, -37.679379352999945 ], [ 145.349505455000099, -37.676771312999961 ], [ 145.34746747500003, -37.677213332999941 ], [ 145.347325485000056, -37.675803342999984 ], [ 145.345474506000073, -37.674752352999974 ], [ 145.346583446000068, -37.674006342999974 ], [ 145.343874526000036, -37.673480372999961 ], [ 145.341175646000011, -37.67664640299995 ], [ 145.339269647000037, -37.675806432999934 ], [ 145.337394757000084, -37.677804451999975 ], [ 145.336947777000091, -37.681177481999953 ], [ 145.338066756000103, -37.682200492999982 ], [ 145.336757786000021, -37.682864511999981 ], [ 145.332387907000111, -37.679971871999953 ], [ 145.331875148000108, -37.677718351999943 ], [ 145.332504958000072, -37.677035831999945 ], [ 145.33128530800002, -37.676083841999969 ], [ 145.330371719000027, -37.671920611999951 ], [ 145.332601098000055, -37.670555311999976 ], [ 145.335527779000017, -37.662350791999984 ], [ 145.338676818000067, -37.66128594199995 ], [ 145.343649098000014, -37.656187712999952 ], [ 145.345792058000029, -37.655724312999951 ], [ 145.347800908000067, -37.648662232999982 ], [ 145.353889688000095, -37.64389711299998 ], [ 145.353199578000044, -37.639915132999931 ], [ 145.355609679000054, -37.630774622999979 ], [ 145.358445869000093, -37.627473863999967 ], [ 145.358319729000073, -37.625180053999941 ], [ 145.356080090000091, -37.622541172999945 ], [ 145.35783592000007, -37.618660542999976 ], [ 145.36304687900008, -37.616979873999981 ], [ 145.371337888000085, -37.617909863999955 ], [ 145.372113847000037, -37.620259014999931 ], [ 145.385742875000119, -37.62208086499993 ], [ 145.386981894000087, -37.621809875999929 ], [ 145.387419895000107, -37.619644875999938 ], [ 145.40977888000009, -37.622222866999948 ], [ 145.409815891000108, -37.61953886699996 ], [ 145.416292890000022, -37.620391867999956 ], [ 145.424751907000086, -37.628277867999941 ], [ 145.426456896000104, -37.633307867999974 ], [ 145.423766296000053, -37.640240927999969 ], [ 145.418974867000088, -37.643431857999929 ], [ 145.416282926000122, -37.656071597999983 ], [ 145.417186885000092, -37.65583586799994 ], [ 145.417827895000073, -37.657381857999951 ], [ 145.418998084, -37.664292497999952 ], [ 145.414371165000034, -37.665889547999939 ], [ 145.413229185000091, -37.665407547999962 ], [ 145.411022245000026, -37.667924587999948 ], [ 145.410662215000116, -37.66690058699993 ], [ 145.409187246000101, -37.667039596999984 ], [ 145.409419275000118, -37.668284616999983 ], [ 145.408217296000089, -37.668228616999954 ], [ 145.407316366000032, -37.670779636999953 ], [ 145.406770435000112, -37.675803696999935 ], [ 145.40497248600002, -37.674267696999948 ], [ 145.403841496000041, -37.674966696999945 ], [ 145.403169496000032, -37.674116696999931 ], [ 145.40085254600001, -37.675812726999936 ], [ 145.399383457000113, -37.672810726999955 ], [ 145.401377486000115, -37.673061716999939 ], [ 145.399377437000112, -37.669617706999929 ], [ 145.393853458000081, -37.666477735999933 ], [ 145.392568508000068, -37.667328755999961 ], [ 145.391893479000032, -37.666129745999967 ], [ 145.389012539000078, -37.66692278599993 ], [ 145.389918469, -37.664852765999967 ], [ 145.385872550000045, -37.664701805999982 ], [ 145.386391470000035, -37.663529775999962 ], [ 145.383991520000109, -37.663083795999967 ], [ 145.385366480000016, -37.662730785999941 ], [ 145.38509547000001, -37.661957795999967 ], [ 145.383358501000089, -37.661786795999944 ], [ 145.382320551000021, -37.662841814999979 ], [ 145.381584531000044, -37.660581804999936 ], [ 145.378961532000062, -37.659785824999972 ] ] ] } },
{ "type": "Feature", "properties": { "suburb": "Yarrambat" }, "geometry": { "type": "Polygon", "coordinates": [ [ [ 145.166569462000098, -37.624735519999945 ], [ 145.16895192100003, -37.62983184999996 ], [ 145.168804941000076, -37.631121849999943 ], [ 145.163776922000011, -37.630526849999967 ], [ 145.161641922000058, -37.63655585999993 ], [ 145.163129921000063, -37.638160839999955 ], [ 145.160908931000108, -37.639295849999939 ], [ 145.162699951000036, -37.641522849999944 ], [ 145.15798291200008, -37.642180849999932 ], [ 145.157144942000059, -37.643045859999972 ], [ 145.15683892200002, -37.644780849999961 ], [ 145.158356921000063, -37.647551849999957 ], [ 145.149782933000097, -37.646899848999965 ], [ 145.150673932000018, -37.653229848999956 ], [ 145.146388942000044, -37.652747848999979 ], [ 145.145899953000026, -37.650721838999971 ], [ 145.144181933000027, -37.650745848999975 ], [ 145.143835943000113, -37.652525848999971 ], [ 145.139328924000097, -37.65196285899998 ], [ 145.138878914000088, -37.654198837999957 ], [ 145.143209933000094, -37.65566285899996 ], [ 145.142665943000111, -37.658371848999934 ], [ 145.136268954000116, -37.657754857999976 ], [ 145.136986904000082, -37.654275857999949 ], [ 145.133241675000022, -37.65386413799996 ], [ 145.133809875000111, -37.651632497999969 ], [ 145.132957665000049, -37.651550087999965 ], [ 145.132138905000033, -37.649231847999943 ], [ 145.130700106000063, -37.649004857999955 ], [ 145.130845196000109, -37.648084927999946 ], [ 145.12970292600005, -37.647955847999981 ], [ 145.129372536000119, -37.649967907999951 ], [ 145.124802656000043, -37.652719657999967 ], [ 145.119802017000097, -37.650442916999964 ], [ 145.119136327000092, -37.651852186999974 ], [ 145.118032607000032, -37.651726846999964 ], [ 145.117568617000074, -37.654355516999942 ], [ 145.107626709000101, -37.653353075999973 ], [ 145.103754570000092, -37.652100145999952 ], [ 145.1043755500001, -37.651290115999984 ], [ 145.103373550000015, -37.650129095999944 ], [ 145.107687480000095, -37.648522075999949 ], [ 145.104419490000055, -37.646910045999959 ], [ 145.105734480000024, -37.645102015999953 ], [ 145.103528531000052, -37.644164015999934 ], [ 145.103041511000015, -37.642715005999946 ], [ 145.104702481000118, -37.640686975999984 ], [ 145.101655492000077, -37.640592975999937 ], [ 145.102620521000063, -37.639662965999946 ], [ 145.101922492000085, -37.638560955999935 ], [ 145.107788441000025, -37.640078955999968 ], [ 145.109479420000071, -37.639123925999968 ], [ 145.110192410000082, -37.637377915999934 ], [ 145.108128441000076, -37.637840935999975 ], [ 145.109741381000049, -37.635027885999932 ], [ 145.108901401000026, -37.63331085599998 ], [ 145.111464321000085, -37.63278383599993 ], [ 145.10875033100001, -37.631199845999959 ], [ 145.114352240000017, -37.630604826999956 ], [ 145.114710230000014, -37.629897816999971 ], [ 145.113209211000026, -37.628314806999981 ], [ 145.115027161000057, -37.627217796999957 ], [ 145.118611100000066, -37.627995806999934 ], [ 145.120161070000108, -37.626271776999943 ], [ 145.12243902900002, -37.626704786999937 ], [ 145.121613, -37.624879776999933 ], [ 145.122803960000056, -37.623457756999983 ], [ 145.122486920000028, -37.622533756999985 ], [ 145.128009879000047, -37.622959777999938 ], [ 145.128661739000108, -37.619181207999929 ], [ 145.139252937000037, -37.620388847999948 ], [ 145.139418907000049, -37.619507847999955 ], [ 145.141538937000064, -37.619741847999933 ], [ 145.141928937000102, -37.617450847999976 ], [ 145.14554991600005, -37.617855848999966 ], [ 145.144692936000069, -37.622776848999933 ], [ 145.153317914000013, -37.62497185899997 ], [ 145.153080924000051, -37.625753848999977 ], [ 145.155781924000053, -37.626930838999954 ], [ 145.157225934000053, -37.626147849999938 ], [ 145.157604984000045, -37.624722609999935 ], [ 145.16257793300008, -37.625324859999978 ], [ 145.163569923000068, -37.619750839999938 ], [ 145.166219933000093, -37.619955839999932 ], [ 145.165341932000047, -37.62424883999995 ], [ 145.166569462000098, -37.624735519999945 ] ] ] } },
{ "type": "Feature", "properties": { "suburb": "Yellingbo" }, "geometry": { "type": "Polygon", "coordinates": [ [ [ 145.505074833000094, -37.813560884999958 ], [ 145.507440833000032, -37.811194884999964 ], [ 145.506311853000057, -37.810029884999949 ], [ 145.507370833000095, -37.80956086499998 ], [ 145.506936843000062, -37.808746864999932 ], [ 145.508989863000011, -37.808714884999972 ], [ 145.509400853000102, -37.807272884999975 ], [ 145.508671833000108, -37.806423884999958 ], [ 145.51755684200009, -37.804960885999947 ], [ 145.517332842000087, -37.802276885999959 ], [ 145.516135832000032, -37.802153875999977 ], [ 145.517117822000046, -37.80151187599995 ], [ 145.516628832000038, -37.800867865999976 ], [ 145.514556842000047, -37.801640875999965 ], [ 145.515364842000054, -37.799829865999982 ], [ 145.516406842000038, -37.799621875999946 ], [ 145.51556285300012, -37.799023885999929 ], [ 145.51768883200009, -37.798967885999957 ], [ 145.518308852000018, -37.798054865999973 ], [ 145.52448903100003, -37.801157785999976 ], [ 145.524674531000073, -37.803084635999937 ], [ 145.526187670000013, -37.804706135999936 ], [ 145.532622219000018, -37.801981516999945 ], [ 145.536802818000069, -37.803704876999973 ], [ 145.538183868000033, -37.806371876999947 ], [ 145.537896358000012, -37.808131916999969 ], [ 145.534724438000012, -37.807807956999966 ], [ 145.53412546800007, -37.811362676999977 ], [ 145.531295188000058, -37.811069046999933 ], [ 145.532172828000057, -37.815387876999978 ], [ 145.538461666000103, -37.823588886999971 ], [ 145.534485686000039, -37.825170946999947 ], [ 145.533607426000117, -37.827385636999963 ], [ 145.536514975000046, -37.829764906999969 ], [ 145.544435734000103, -37.833089877999953 ], [ 145.547942653000064, -37.836263387999963 ], [ 145.553183902000114, -37.838693858999932 ], [ 145.555831541000089, -37.837163818999954 ], [ 145.558824900000104, -37.843369848999941 ], [ 145.56160550900006, -37.845107268999982 ], [ 145.561271859000044, -37.846305928999982 ], [ 145.562848369000108, -37.849262228999976 ], [ 145.561004319000062, -37.851045198999941 ], [ 145.56228666800007, -37.852140878999933 ], [ 145.563753678000012, -37.856309148999969 ], [ 145.563352978000012, -37.857466828999975 ], [ 145.569173816000102, -37.860187879999955 ], [ 145.573676715000033, -37.867352879999942 ], [ 145.578892744000086, -37.870596930999966 ], [ 145.581712983000102, -37.875132920999931 ], [ 145.58390908380008, -37.879529691121782 ], [ 145.583717820000061, -37.892460450999977 ], [ 145.57476857100005, -37.897415400999932 ], [ 145.575238761000037, -37.899329240999975 ], [ 145.57240592200003, -37.898218809999946 ], [ 145.570730462000029, -37.895943789999933 ], [ 145.569642182000052, -37.898008579999953 ], [ 145.568427902000053, -37.897677559999977 ], [ 145.56754985300006, -37.896997699999929 ], [ 145.568833633000054, -37.893291949999934 ], [ 145.567181933000029, -37.892213839999954 ], [ 145.564702964000048, -37.887211649999983 ], [ 145.562469895000049, -37.885430889999952 ], [ 145.562294955000084, -37.881922609999947 ], [ 145.555389817000105, -37.878835438999943 ], [ 145.55408946700004, -37.877551568999934 ], [ 145.553323398000089, -37.873578628999951 ], [ 145.551196878000042, -37.872133568999971 ], [ 145.549213648000091, -37.872659538999983 ], [ 145.544222199000046, -37.871293777999938 ], [ 145.541378230000078, -37.871734437999976 ], [ 145.539482460000045, -37.870687187999977 ], [ 145.539543301000094, -37.868953977999979 ], [ 145.537067581000088, -37.866957237999941 ], [ 145.534705992000113, -37.866126336999969 ], [ 145.530701002000114, -37.866466996999975 ], [ 145.530748523000057, -37.864370706999978 ], [ 145.529619903000025, -37.862944586999959 ], [ 145.522554825000043, -37.857894876999978 ], [ 145.519139585000062, -37.85774095599993 ], [ 145.519443785000021, -37.85871668599998 ], [ 145.516499546000091, -37.858290115999978 ], [ 145.516717636000067, -37.857203935999962 ], [ 145.514559206000058, -37.856800175999979 ], [ 145.514138836000029, -37.859595875999958 ], [ 145.51305525600003, -37.85947695599998 ], [ 145.512634817000048, -37.857078875999946 ], [ 145.506923008000058, -37.855187844999932 ], [ 145.503918798000086, -37.85646754499993 ], [ 145.503188838000028, -37.859669874999952 ], [ 145.48122985200007, -37.857183883999937 ], [ 145.477829843000109, -37.854034862999981 ], [ 145.475515854000037, -37.851683872999956 ], [ 145.477185843000029, -37.850727882999934 ], [ 145.478381833000071, -37.851680872999964 ], [ 145.480745833000014, -37.847983873999965 ], [ 145.479514833000053, -37.846129872999938 ], [ 145.480337833000021, -37.845166873999972 ], [ 145.479015874000083, -37.843406872999935 ], [ 145.479332844000055, -37.842017872999975 ], [ 145.478527874000065, -37.841583862999983 ], [ 145.478994854000121, -37.840719882999963 ], [ 145.477729835000105, -37.837490872999979 ], [ 145.478945835000104, -37.837168882999947 ], [ 145.478342815000019, -37.835714872999972 ], [ 145.480343855000115, -37.835366862999933 ], [ 145.479635865000091, -37.834446882999941 ], [ 145.481501855000033, -37.834038863999979 ], [ 145.4811988350001, -37.831947862999982 ], [ 145.483078835000015, -37.830705873999932 ], [ 145.481861855000034, -37.829856863999964 ], [ 145.484719845000086, -37.828577873999961 ], [ 145.483204835000038, -37.828368873999977 ], [ 145.483296855000049, -37.827536873999975 ], [ 145.488113834000046, -37.82396287399996 ], [ 145.489301835000106, -37.819998883999972 ], [ 145.491321855000024, -37.817740863999973 ], [ 145.493412864000106, -37.817032873999949 ], [ 145.493589854000106, -37.815466883999932 ], [ 145.495681854000054, -37.813853863999952 ], [ 145.500634824000031, -37.811834874999931 ], [ 145.505074833000094, -37.813560884999958 ] ] ] } },
{ "type": "Feature", "properties": { "suburb": "Yering" }, "geometry": { "type": "Polygon", "coordinates": [ [ [ 145.36872087200004, -37.668311014999972 ], [ 145.370733812000026, -37.667331974999968 ], [ 145.369038823000096, -37.664954984999952 ], [ 145.371779752000066, -37.66625195499995 ], [ 145.370689753000079, -37.664090934999933 ], [ 145.372125742000094, -37.664178944999946 ], [ 145.375637622000113, -37.66097786499995 ], [ 145.377030572000081, -37.66020184499996 ], [ 145.378333552000072, -37.66071283499997 ], [ 145.378961532000062, -37.659785824999972 ], [ 145.381584531000044, -37.660581804999936 ], [ 145.382320551000021, -37.662841814999979 ], [ 145.383358501000089, -37.661786795999944 ], [ 145.38509547000001, -37.661957795999967 ], [ 145.385366480000016, -37.662730785999941 ], [ 145.383991520000109, -37.663083795999967 ], [ 145.386391470000035, -37.663529775999962 ], [ 145.385872550000045, -37.664701805999982 ], [ 145.386831510000093, -37.665192795999928 ], [ 145.389778449000119, -37.664721765999957 ], [ 145.389012539000078, -37.66692278599993 ], [ 145.391893479000032, -37.666129745999967 ], [ 145.392395468000018, -37.667321745999971 ], [ 145.393853458000081, -37.666477735999933 ], [ 145.398044417000051, -37.668475716999978 ], [ 145.401377486000115, -37.673061716999939 ], [ 145.399383457000113, -37.672810726999955 ], [ 145.40085254600001, -37.675812726999936 ], [ 145.403568516000064, -37.674242706999962 ], [ 145.404051886000047, -37.675986866999949 ], [ 145.400871894000034, -37.693577866999931 ], [ 145.402990864000117, -37.69383187699998 ], [ 145.400310853000065, -37.708372876999931 ], [ 145.315263088000052, -37.698528870999951 ], [ 145.318986048000056, -37.696727820999968 ], [ 145.319275018000098, -37.693508780999935 ], [ 145.317072069000119, -37.692224790999944 ], [ 145.318130059000055, -37.69128976099995 ], [ 145.32658294700002, -37.688955691999979 ], [ 145.328420897000115, -37.690004681999937 ], [ 145.328880907000098, -37.691517681999983 ], [ 145.331036856000082, -37.692148661999965 ], [ 145.331423867000012, -37.687442611999984 ], [ 145.333392817000117, -37.686206571999946 ], [ 145.335604467000053, -37.682077411999956 ], [ 145.336757786000021, -37.682864511999981 ], [ 145.338066756000103, -37.682200492999982 ], [ 145.336947777000091, -37.681177481999953 ], [ 145.337088777000076, -37.678457441999967 ], [ 145.339269647000037, -37.675806432999934 ], [ 145.340890646000048, -37.67677340299997 ], [ 145.343475506000118, -37.673524382999972 ], [ 145.346452446000058, -37.673911362999945 ], [ 145.345474506000073, -37.674752352999974 ], [ 145.347325485000056, -37.675803342999984 ], [ 145.347112515000049, -37.676952362999941 ], [ 145.349614475000067, -37.676944332999938 ], [ 145.34772651500009, -37.679379352999945 ], [ 145.349882495000088, -37.679003322999961 ], [ 145.350481494000064, -37.681102332999956 ], [ 145.352580424000053, -37.682412333999935 ], [ 145.352994414000023, -37.681378313999971 ], [ 145.352019464000023, -37.680611322999937 ], [ 145.352941454000074, -37.679679293999982 ], [ 145.352795344000015, -37.676240293999967 ], [ 145.35403834400006, -37.67598527399997 ], [ 145.353721304000032, -37.674636273999965 ], [ 145.354945224000062, -37.673012243999949 ], [ 145.356529214000034, -37.672987233999947 ], [ 145.35674416400002, -37.671608203999938 ], [ 145.358901134000121, -37.670918173999951 ], [ 145.363386103000039, -37.674314133999985 ], [ 145.362294023000118, -37.670599143999937 ], [ 145.363962003000097, -37.669803103999982 ], [ 145.365193993000048, -37.670292083999982 ], [ 145.365493943000047, -37.668245053999954 ], [ 145.367246893000015, -37.668451033999929 ], [ 145.36826382300012, -37.667299004999961 ], [ 145.36872087200004, -37.668311014999972 ] ] ] } },
{ "type": "Feature", "properties": { "suburb": "Yuroke" }, "geometry": { "type": "Polygon", "coordinates": [ [ [ 144.852504143000033, -37.558003797999959 ], [ 144.857733972000119, -37.561690828999929 ], [ 144.86723897100012, -37.560893828999951 ], [ 144.866340010000044, -37.565550838999968 ], [ 144.875805008000043, -37.566634829999941 ], [ 144.874355988000048, -37.574145829999964 ], [ 144.879601985000022, -37.589991839999982 ], [ 144.883407983000097, -37.605323820999956 ], [ 144.869119626000042, -37.60356687999996 ], [ 144.871288057000015, -37.588813289999962 ], [ 144.843985992000057, -37.585695837999936 ], [ 144.847242953000091, -37.567149527999959 ], [ 144.851586053000119, -37.56472343799993 ], [ 144.853457263000109, -37.560002337999947 ], [ 144.852504143000033, -37.558003797999959 ] ] ] } }
]
}
