{"type": "FeatureCollection", "features": [{"id": "0", "type": "Feature", "properties": {"sal_name": "Abbotsford (Vic.)", "suburb": "Abbotsford"}, "geometry": {"type": "Polygon", "coordinates": [[[145.00195118200008, -37.79664577999995], [144.9992638320001, -37.79735088999996], [145.00767278000012, -37.80389089999994], [145.00459480000006, -37.80532893999998], [145.00015589100008, -37.804275959999984], [144.9992898910001, -37.80520494999996], [144.9999698910001, -37.80658697999996], [145.00079687100003, -37.807205969999984], [145.0080747500001, -37.807394949999946], [145.00896976900003, -37.80798293099997], [145.00938779900002, -37.810387970999955], [145.01551067800006, -37.81049092099994], [145.01541274800002, -37.81213171099995], [144.99135698200007, -37.809718078999936], [144.99360593300003, -37.796041238999976], [144.997634693, -37.79640888999995], [145.00129853200008, -37.79558450999997], [145.00195118200008, -37.79664577999995]]]}}, {"id": "1", "type": "Feature", "properties": {"sal_name": "Albert Park (Vic.)", "suburb": "Albert Park"}, "geometry": {"type": "Polygon", "coordinates": [[[144.9520529560001, -37.838757846999954], [144.95691474500006, -37.83722415699998], [144.95920899400005, -37.84215623699998], [144.962893634, -37.83936993799995], [144.9676697330001, -37.83736690799998], [144.9706119230001, -37.83886183799996], [144.97180094200007, -37.84139083799994], [144.97065192200012, -37.844234847999985], [144.97100593200003, -37.84614483799993], [144.97312191100002, -37.84794083799994], [144.97795659000008, -37.84950382899996], [144.97905491000006, -37.85274876899996], [144.97591588000012, -37.85388396899998], [144.97430787100006, -37.85217868799998], [144.97017822100008, -37.853719627999965], [144.96373170300012, -37.84833592799998], [144.96031337400007, -37.84404340699996], [144.95437194400006, -37.85119670699993], [144.942701617, -37.846086285999945], [144.9465359070001, -37.84099941599993], [144.95185278600002, -37.83992371699998], [144.9520529560001, -37.838757846999954]]]}}, {"id": "2", "type": "Feature", "properties": {"sal_name": "Altona (Vic.)", "suburb": "Altona"}, "geometry": {"type": "Polygon", "coordinates": [[[144.81957246500008, -37.87251470799998], [144.81247766600006, -37.87656374799997], [144.8077408360001, -37.880629806999934], [144.80832283600012, -37.881942626999944], [144.80521394700008, -37.880465826999966], [144.79909296800008, -37.87950282699995], [144.79811695800004, -37.87844482699995], [144.79760000900012, -37.87566962699998], [144.78836086100011, -37.873958555999934], [144.788761431, -37.870019525999965], [144.79158697000003, -37.87034182599996], [144.78951650200008, -37.85998782599995], [144.77676041400002, -37.86311607499994], [144.78049097500002, -37.846188824999956], [144.78191987500009, -37.84415840499997], [144.78563758400003, -37.84453889599996], [144.78936459400006, -37.842794605999984], [144.78904106400012, -37.84484261599994], [144.83487395500003, -37.85011894899998], [144.84147932400003, -37.849262548999945], [144.85294039200005, -37.85238713999996], [144.85178035100012, -37.85574290999995], [144.85291108100012, -37.85622932999996], [144.8677824880001, -37.85907408099996], [144.86112554900012, -37.86069518099998], [144.86167155900011, -37.85982816099994], [144.85619068000005, -37.86342223999998], [144.85080478100008, -37.863798309999936], [144.84961794100002, -37.86259782999997], [144.84992852100004, -37.859631], [144.84353708300011, -37.85749278999998], [144.83917390300007, -37.86496323899996], [144.83807507200004, -37.87139259899993], [144.82629028400004, -37.87086365799996], [144.81957246500008, -37.87251470799998]]]}}, {"id": "3", "type": "Feature", "properties": {"sal_name": "Armadale (Vic.)", "suburb": "Armadale"}, "geometry": {"type": "Polygon", "coordinates": [[[145.01232305400003, -37.84926975099995], [145.03005687100006, -37.85161311199994], [145.02919357100006, -37.85191263199994], [145.02878276100012, -37.85461614199994], [145.0279961110001, -37.85451334199996], [145.0279039510001, -37.85511083199998], [145.0294302310001, -37.85570962199995], [145.02832651000006, -37.85830401199996], [145.02850361000003, -37.86141077199994], [145.02754734000007, -37.86135353199995], [145.02789125000004, -37.86510832199997], [145.02699422000012, -37.864325521999945], [145.0267723400001, -37.86590566199993], [145.0151424920001, -37.86082700099996], [145.01013396300004, -37.86015965099995], [145.00989394400005, -37.85835984099998], [145.0109791640001, -37.857642820999956], [145.01037282400011, -37.85756378099995], [145.0103649340001, -37.855274830999974], [145.0115008140001, -37.854677600999935], [145.01123491400006, -37.85220685099995], [145.0119295840001, -37.85186941099994], [145.01232305400003, -37.84926975099995]]]}}, {"id": "4", "type": "Feature", "properties": {"sal_name": "Ascot Vale", "suburb": "Ascot Vale"}, "geometry": {"type": "Polygon", "coordinates": [[[144.9251883070001, -37.78018845499997], [144.92446377700003, -37.78082513499993], [144.92259775700006, -37.780343793999975], [144.92203828700008, -37.78370313399995], [144.917619338, -37.78360088399995], [144.91359163900006, -37.77937709399998], [144.90823774000012, -37.78251810299997], [144.90634050900007, -37.787386022999954], [144.90497037000011, -37.78714149299998], [144.90425720000007, -37.788704552999945], [144.90271796000002, -37.78964184299997], [144.90399013, -37.78456853299997], [144.89772118200005, -37.78035051299997], [144.8958742530001, -37.77304342299993], [144.89764424300006, -37.77123837299996], [144.90095840200001, -37.77001230299993], [144.9364900160001, -37.77377781499996], [144.93708011500007, -37.777761054999985], [144.93009594600005, -37.77702182499996], [144.92991078600005, -37.77775611499993], [144.932580905, -37.78120075499993], [144.9296513060001, -37.78144084499996], [144.9251883070001, -37.78018845499997]]]}}, {"id": "5", "type": "Feature", "properties": {"sal_name": "Ashburton", "suburb": "Ashburton"}, "geometry": {"type": "Polygon", "coordinates": [[[145.08212235100007, -37.86017156599996], [145.093659569, -37.861362156999974], [145.09216758800005, -37.87186970699997], [145.09089151800003, -37.87225517699994], [145.08751453900004, -37.871416195999984], [145.08081262000007, -37.87294624599997], [145.07497679000005, -37.87591930499997], [145.06900484200003, -37.874250304999975], [145.06888577200004, -37.872102294999934], [145.06611988300006, -37.86835332499993], [145.06532257300012, -37.86749540499994], [145.0641678930001, -37.868038834999936], [145.06157088400005, -37.86488135399998], [145.06207517400003, -37.862438503999954], [145.0635434940001, -37.86512174499995], [145.0649820330001, -37.86445394499998], [145.06558504300006, -37.867373174999955], [145.0684336930001, -37.86626411499998], [145.07521539100003, -37.86698985499993], [145.07475278200002, -37.86571194499993], [145.07609562200003, -37.85808683499994], [145.07818904200008, -37.859321285999954], [145.08231752100005, -37.85873008599998], [145.08212235100007, -37.86017156599996]]]}}, {"id": "6", "type": "Feature", "properties": {"sal_name": "Balaclava (Vic.)", "suburb": "Balaclava"}, "geometry": {"type": "Polygon", "coordinates": [[[145.000041645, -37.86644192999995], [144.9981849940001, -37.87599925999996], [144.99510395400011, -37.875624039999934], [144.9944670750001, -37.87435260999996], [144.99116082500007, -37.87451066999995], [144.9896614060001, -37.872116339999934], [144.9904467760001, -37.87170802999998], [144.991253206, -37.86534861999996], [145.000041645, -37.86644192999995]]]}}, {"id": "7", "type": "Feature", "properties": {"sal_name": "Balwyn", "suburb": "Balwyn"}, "geometry": {"type": "Polygon", "coordinates": [[[145.07236203800005, -37.80817657499995], [145.0613552100001, -37.80691017399994], [145.06252602100005, -37.800779183999964], [145.09235068500004, -37.804690695999966], [145.09707279400004, -37.80381616699998], [145.10133161400006, -37.80423015699995], [145.10089693400005, -37.80369783699996], [145.10407082300003, -37.80212496699994], [145.104886243, -37.80315924699994], [145.1035600130001, -37.80927421699994], [145.10161478300006, -37.811873806999984], [145.09986004300004, -37.81261374699994], [145.09948632300006, -37.814511126999946], [145.09298694400002, -37.81381635599996], [145.09196615400003, -37.81287620599994], [145.09067109400007, -37.81395238599998], [145.08849748500006, -37.81369161599997], [145.0869170750001, -37.819093615999975], [145.0846405650001, -37.81836639599993], [145.08516342500002, -37.81632201599996], [145.08210330500003, -37.81852181599993], [145.0771497060001, -37.81793410499995], [145.07615143700002, -37.81660510499995], [145.07547691700006, -37.81735485499996], [145.07009225800005, -37.81663216499993], [145.07051521800008, -37.81436588499997], [145.07208015800006, -37.814509604999955], [145.07259136800008, -37.81177900499995], [145.0716935480001, -37.811671444999945], [145.07236203800005, -37.80817657499995]]]}}, {"id": "8", "type": "Feature", "properties": {"sal_name": "Balwyn North", "suburb": "Balwyn North"}, "geometry": {"type": "Polygon", "coordinates": [[[145.0814597100001, -37.779172124999945], [145.0946932180001, -37.77933428599994], [145.09837383700005, -37.780799015999946], [145.10091040600003, -37.785840736999944], [145.10390128500012, -37.78818027699998], [145.10498161500004, -37.79025677699997], [145.10470589500005, -37.79123507699995], [145.10852543400006, -37.79261271699994], [145.10824621400002, -37.79420354699994], [145.10382390400002, -37.79666299699994], [145.10458204400004, -37.796899346999965], [145.1041809830001, -37.80207934699996], [145.10089693400005, -37.80369783699996], [145.10133161400006, -37.80423015699995], [145.09707279400004, -37.80381616699998], [145.09235068500004, -37.804690695999966], [145.06252602100005, -37.800779183999964], [145.0650426620001, -37.78749235399994], [145.06330625200007, -37.78502991399995], [145.0619637430001, -37.78561338399993], [145.06307363300004, -37.78142435399997], [145.0644785930001, -37.78161235399995], [145.06431358200007, -37.78291839399998], [145.06703746200003, -37.78365240399995], [145.06774844200004, -37.78293889399998], [145.0668385020001, -37.781740353999965], [145.06711849200008, -37.78092232399996], [145.06956239200008, -37.78123831499994], [145.07122131100004, -37.78074329499998], [145.07160931200008, -37.779693254999984], [145.07445036100012, -37.77971417499998], [145.07762337100007, -37.77689104499996], [145.08038212000008, -37.77738469499997], [145.0814597100001, -37.779172124999945]]]}}, {"id": "9", "type": "Feature", "properties": {"sal_name": "Bentleigh", "suburb": "Bentleigh"}, "geometry": {"type": "Polygon", "coordinates": [[[145.03226047400005, -37.91452502299995], [145.032348984, -37.913825042999974], [145.03728393300003, -37.91442083299995], [145.03761188300007, -37.912644832999945], [145.0518245400001, -37.91497084399998], [145.0519492300001, -37.91956417399996], [145.0510245700001, -37.91969894399995], [145.05175852000002, -37.92019605399997], [145.04964391900012, -37.93074684399994], [145.04884431900007, -37.93159423399993], [145.05194192800002, -37.93200784399994], [145.05168288800007, -37.93341084399998], [145.0486094790001, -37.932980663999956], [145.04832243900012, -37.934677963999945], [145.0343793710001, -37.932993042999954], [145.02246387500008, -37.92059882199993], [145.02551308400007, -37.92071914199994], [145.0260647440001, -37.91884923199996], [145.02410823500009, -37.91868101199998], [145.0243637750001, -37.91735871199995], [145.02324012500003, -37.91657695199996], [145.02424116500003, -37.910633271999984], [145.02874191500007, -37.91225186299994], [145.03226047400005, -37.91452502299995]]]}}, {"id": "10", "type": "Feature", "properties": {"sal_name": "Bentleigh East", "suburb": "Bentleigh East"}, "geometry": {"type": "Polygon", "coordinates": [[[145.08524054500003, -37.90949362599997], [145.07953916300005, -37.93873886599994], [145.04832243900012, -37.934677963999945], [145.0486094790001, -37.932980663999956], [145.05168288800007, -37.93341084399998], [145.05194192800002, -37.93200784399994], [145.04884431900007, -37.93159423399993], [145.04964391900012, -37.93074684399994], [145.05175852000002, -37.92019605399997], [145.0510245700001, -37.91969894399995], [145.0519492300001, -37.91956417399996], [145.05204186000003, -37.91738557399998], [145.05144640000003, -37.91731236399994], [145.05217290000007, -37.91281705399996], [145.05339616000003, -37.91299273399994], [145.05372597000007, -37.91120905399998], [145.05312314000003, -37.911140873999955], [145.05345164100004, -37.90563289399995], [145.08524054500003, -37.90949362599997]]]}}, {"id": "11", "type": "Feature", "properties": {"sal_name": "Blackburn", "suburb": "Blackburn"}, "geometry": {"type": "Polygon", "coordinates": [[[145.14056421600003, -37.80913123999994], [145.16674394200004, -37.81202371099994], [145.16628963100004, -37.81818521099996], [145.16464370100005, -37.81813256099997], [145.16393089100006, -37.82174485099995], [145.16585214100007, -37.82192808099995], [145.16540136000003, -37.82419832099998], [145.16681530000005, -37.82473399099996], [145.16627196000002, -37.82773304099993], [145.1677692300001, -37.82791370199993], [145.16722270900004, -37.83065569199994], [145.1660375900001, -37.830505770999935], [145.16535649900004, -37.833937910999964], [145.13630451500012, -37.83039446899994], [145.14056421600003, -37.80913123999994]]]}}, {"id": "12", "type": "Feature", "properties": {"sal_name": "Boronia", "suburb": "Boronia"}, "geometry": {"type": "Polygon", "coordinates": [[[145.3039431420001, -37.86087645099997], [145.3067148120001, -37.860628960999975], [145.30744488200003, -37.86135788099995], [145.30608675200006, -37.86309395099994], [145.30394292200003, -37.86283932099997], [145.30214884200007, -37.86420305099995], [145.30332184200006, -37.86643202099998], [145.30528981100008, -37.86771198099996], [145.3061738010001, -37.86910797099995], [145.30576387100007, -37.869715860999975], [145.30432687100006, -37.86985587099997], [145.30143034200012, -37.867677940999954], [145.29855487300006, -37.86703486099998], [145.2985529020001, -37.869918860999974], [145.29317239300008, -37.868078940999965], [145.29257485300002, -37.86945685999996], [145.28933004400005, -37.87148205999995], [145.2908973530001, -37.87337295999998], [145.28998065300004, -37.87419083999998], [145.28537687400012, -37.87416284999995], [145.2822837550001, -37.873025919999975], [145.27981588600005, -37.86937085999995], [145.27332286700005, -37.867574858999944], [145.26986988700003, -37.86854386899995], [145.26636384800008, -37.86727193899998], [145.2626258790001, -37.86802985799994], [145.26166187900003, -37.86912285799997], [145.25766176900004, -37.86851542799997], [145.25553882000008, -37.869435417999966], [145.2503753210001, -37.868295857999954], [145.25433998000005, -37.86825731799996], [145.25546681000003, -37.869103467999935], [145.25695185000006, -37.86623815799993], [145.25219634100006, -37.86476832799997], [145.25295484100002, -37.86325147799994], [145.251541201, -37.860457587999974], [145.25238982100007, -37.85882451799995], [145.2541465710001, -37.858889457999965], [145.254551901, -37.85810886799993], [145.25349289100006, -37.85776086799996], [145.2542788410001, -37.85625590799998], [145.2563237910001, -37.85692345799998], [145.25687604100006, -37.856428007999966], [145.2623558900001, -37.85818486799997], [145.26204188000008, -37.858790847999956], [145.26265063000005, -37.85899101799998], [145.26340790000006, -37.85845585799996], [145.266618869, -37.85957186899998], [145.26801838900008, -37.85573079899996], [145.26745486900006, -37.855664848999936], [145.2676469690001, -37.85346395899995], [145.26920788900009, -37.85249785899998], [145.27251336900008, -37.853344178999976], [145.273422879, -37.85260085899995], [145.2798419070001, -37.854198819999965], [145.2803575470001, -37.853922619999935], [145.27767293800002, -37.85113784899994], [145.27832985800012, -37.85073585899994], [145.28617461600004, -37.85182781999998], [145.28728020800008, -37.83331421999998], [145.29352692700002, -37.834047709999936], [145.30886327400003, -37.84173517099998], [145.30867168400005, -37.84266346099997], [145.31797933200005, -37.84390566199994], [145.31634482200002, -37.84574488199996], [145.30701984300003, -37.84997287099998], [145.30236284400007, -37.85065524099997], [145.29920187400012, -37.85213886099996], [145.29895885400003, -37.85296485099997], [145.30521542200006, -37.85913370099996], [145.30333834200007, -37.86027058099995], [145.3039431420001, -37.86087645099997]]]}}, {"id": "13", "type": "Feature", "properties": {"sal_name": "Box Hill (Vic.)", "suburb": "Box Hill"}, "geometry": {"type": "Polygon", "coordinates": [[[145.11580718000005, -37.81260638799995], [145.13945830600005, -37.81541127999998], [145.13630451500012, -37.83039446899994], [145.1129068890001, -37.82770784799993], [145.11580718000005, -37.81260638799995]]]}}, {"id": "14", "type": "Feature", "properties": {"sal_name": "Braybrook", "suburb": "Braybrook"}, "geometry": {"type": "Polygon", "coordinates": [[[144.84480476900012, -37.793543118999935], [144.84822073100008, -37.77309970899995], [144.85074872100006, -37.773416689999976], [144.85136174100012, -37.77021960999997], [144.85265873000003, -37.77321568999997], [144.85838261900005, -37.77596470999998], [144.86090560800005, -37.77607569999998], [144.86396018800008, -37.77422187999997], [144.86398292800004, -37.777680679999946], [144.8659463670001, -37.77791944099994], [144.86205294600006, -37.799525829999936], [144.84251785900005, -37.797297138999966], [144.84180987000002, -37.79665712899998], [144.84480476900012, -37.793543118999935]]]}}, {"id": "15", "type": "Feature", "properties": {"sal_name": "Brighton (Vic.)", "suburb": "Brighton"}, "geometry": {"type": "Polygon", "coordinates": [[[144.99921593800002, -37.92959585099993], [144.99407479900003, -37.92811452999996], [144.99285799900008, -37.93240062999996], [144.98866492000002, -37.92793161999998], [144.9855319710001, -37.92622464999994], [144.98584091100008, -37.92400560999994], [144.98671089100003, -37.92344357999997], [144.98615386100005, -37.922294559999955], [144.9872277710001, -37.921421529999975], [144.98741275100008, -37.919970519999936], [144.98611871100002, -37.91753450999994], [144.98614769200003, -37.91522850999996], [144.98479774200007, -37.91335350999998], [144.9854006920001, -37.91287748999997], [144.98478066200005, -37.91174550899996], [144.985645642, -37.90841746999996], [144.98370566300002, -37.905985518999955], [144.98405460300012, -37.90333849899997], [144.98340056400002, -37.901120498999944], [144.98587646400006, -37.89637143899995], [144.985931434, -37.89324443899994], [144.98486081400006, -37.89138381899994], [144.99067771300008, -37.89172347999994], [144.99227020400008, -37.88326035999995], [144.9970151330001, -37.883800959999974], [145.0010441820001, -37.88857625999998], [145.00596015000008, -37.898161150999954], [145.00868388900005, -37.90656499099998], [145.00703047800005, -37.91816183099996], [145.0059278770001, -37.923018430999946], [145.00521087700008, -37.92325085099998], [145.00586188700004, -37.92332801099997], [145.00468359700005, -37.92938038099993], [144.99921593800002, -37.92959585099993]]]}}, {"id": "16", "type": "Feature", "properties": {"sal_name": "Brighton East", "suburb": "Brighton East"}, "geometry": {"type": "Polygon", "coordinates": [[[145.0259936860001, -37.90215213199997], [145.02324012500003, -37.91657695199996], [145.0243637750001, -37.91735871199995], [145.02410823500009, -37.91868101199998], [145.0260647440001, -37.91884923199996], [145.02551308400007, -37.92071914199994], [145.02246387500008, -37.92059882199993], [145.0343793710001, -37.932993042999954], [145.02495930300006, -37.931821121999974], [145.02477589300008, -37.93280343199996], [145.00792052600002, -37.92976643099996], [145.00855427600004, -37.93187704099995], [145.00638339600005, -37.931617820999975], [145.00621447700007, -37.92956295099998], [145.00468359700005, -37.92938038099993], [145.00586188700004, -37.92332801099997], [145.00521087700008, -37.92325085099998], [145.0059278770001, -37.923018430999946], [145.00703047800005, -37.91816183099996], [145.00868388900005, -37.90656499099998], [145.0063271900001, -37.89980713099993], [145.0259936860001, -37.90215213199997]]]}}, {"id": "17", "type": "Feature", "properties": {"sal_name": "Broadmeadows (Vic.)", "suburb": "Broadmeadows"}, "geometry": {"type": "Polygon", "coordinates": [[[144.9585408810001, -37.69216791599996], [144.91616131800004, -37.69453328299994], [144.91645076800012, -37.691225352999936], [144.915523408, -37.69112075299995], [144.91738209900006, -37.684904202999974], [144.91377596900008, -37.68392788299997], [144.91109326000003, -37.68198442299996], [144.90306596100004, -37.68099243199998], [144.90398160200004, -37.67613307299996], [144.90726861100006, -37.67652553299996], [144.9095652210001, -37.675683042999935], [144.91012232100002, -37.67685063299996], [144.91399592000005, -37.67538650299997], [144.91809494000006, -37.66998284299996], [144.91781298000012, -37.668099832999985], [144.92049464000002, -37.66643052399996], [144.92071568000006, -37.66537149399994], [144.92198325000004, -37.66525008399998], [144.92452456900003, -37.66873209399995], [144.92324611900005, -37.67520309399998], [144.93754688600006, -37.67696483499998], [144.93644290600002, -37.68083579499995], [144.93811862500002, -37.68104136499994], [144.9385793560001, -37.67853807499995], [144.94013404500004, -37.67712410499996], [144.93946671600008, -37.672920534999946], [144.9499969640001, -37.67423784599998], [144.9520238030001, -37.67909379599996], [144.95522887200002, -37.68385246599996], [144.95628766100003, -37.68939600599998], [144.9581325910001, -37.689528905999964], [144.9585408810001, -37.69216791599996]]]}}, {"id": "18", "type": "Feature", "properties": {"sal_name": "Brunswick (Vic.)", "suburb": "Brunswick"}, "geometry": {"type": "Polygon", "coordinates": [[[144.97241995100012, -37.76191178799996], [144.97186950000003, -37.77054882799996], [144.97116286000005, -37.77047391799994], [144.97021629900007, -37.77715824799998], [144.96949195900004, -37.77756687799996], [144.97070226900007, -37.77827884799996], [144.97053173900008, -37.77927594799996], [144.94941021300008, -37.77672516599995], [144.9487998630001, -37.77567917599998], [144.949730573, -37.77579135599996], [144.95001392300003, -37.77481914599997], [144.9492604930001, -37.774726535999946], [144.9503399040001, -37.77020126599996], [144.94854187400006, -37.76998128599996], [144.95032567400006, -37.762823225999966], [144.95016200500004, -37.758918595999944], [144.95120404500005, -37.75576710599995], [144.9538662750001, -37.75421841599996], [144.97698979000006, -37.75690779799993], [144.97663297000008, -37.75899892799998], [144.97397153100007, -37.75868808799993], [144.97335308000004, -37.76202123799993], [144.97241995100012, -37.76191178799996]]]}}, {"id": "19", "type": "Feature", "properties": {"sal_name": "Brunswick East", "suburb": "Brunswick East"}, "geometry": {"type": "Polygon", "coordinates": [[[144.98383806800007, -37.763966858999936], [144.98557684800005, -37.76641179899997], [144.98448498800008, -37.76732186899994], [144.9842678880001, -37.77073288899993], [144.98687106700004, -37.77436482899998], [144.97920146800004, -37.77348377799996], [144.9781169480001, -37.78019502799998], [144.97053173900008, -37.77927594799996], [144.97070226900007, -37.77827884799996], [144.96973238900011, -37.778166167999984], [144.96956861, -37.77708644799998], [144.97021629900007, -37.77715824799998], [144.97089999000002, -37.77129877799996], [144.97198688000003, -37.76993295799997], [144.97147198000005, -37.76987684799997], [144.97241995100012, -37.76191178799996], [144.97335308000004, -37.76202123799993], [144.97397153100007, -37.75868808799993], [144.97663297000008, -37.75899892799998], [144.97698979000006, -37.75690779799993], [144.98018314, -37.75728682799996], [144.9831670090001, -37.761549817999935], [144.981462759, -37.76281782799998], [144.98383806800007, -37.763966858999936]]]}}, {"id": "20", "type": "Feature", "properties": {"sal_name": "Brunswick West", "suburb": "Brunswick West"}, "geometry": {"type": "Polygon", "coordinates": [[[144.94941021300008, -37.77672516599995], [144.93877469500012, -37.775434935999954], [144.9376756150001, -37.77716732499994], [144.93727856500004, -37.77401824499998], [144.9364900160001, -37.77377781499996], [144.9383742560001, -37.77133609499998], [144.93525832600005, -37.77073212499994], [144.93563832600012, -37.76972910499995], [144.93787121600008, -37.76860606499997], [144.93845517700004, -37.76109095499993], [144.93642720700007, -37.76012795499997], [144.93423625700007, -37.76053999499993], [144.93300393800007, -37.75885183499997], [144.9345669480001, -37.75679283499994], [144.9336249480001, -37.755129834999934], [144.93502092800009, -37.753369834999944], [144.932443959, -37.75259783499996], [144.9304209490001, -37.75361982499993], [144.92936693900003, -37.75194084499998], [144.92832295900007, -37.75257983499995], [144.92697896000004, -37.75192383499996], [144.92696195000008, -37.751060834999976], [144.9538662750001, -37.75421841599996], [144.95120404500005, -37.75576710599995], [144.95009079500005, -37.759274225999945], [144.95068026500007, -37.76037935599993], [144.94854187400006, -37.76998128599996], [144.9503399040001, -37.77020126599996], [144.9492604930001, -37.774726535999946], [144.95001392300003, -37.77481914599997], [144.949730573, -37.77579135599996], [144.9487998630001, -37.77567917599998], [144.94941021300008, -37.77672516599995]]]}}, {"id": "21", "type": "Feature", "properties": {"sal_name": "Bundoora (Vic.)", "suburb": "Bundoora"}, "geometry": {"type": "Polygon", "coordinates": [[[145.06958444000009, -37.708196173999966], [145.06541771000002, -37.709235373999945], [145.0656502500001, -37.709837033999975], [145.06454025000005, -37.71038592399998], [145.06511921000003, -37.711139113999934], [145.06302262000008, -37.71368399399995], [145.06098208100002, -37.71365042299993], [145.06002469100008, -37.71481521299995], [145.05680470100003, -37.71451904299994], [145.05936528100005, -37.71635724299995], [145.05898579000007, -37.71835674299996], [145.05629366100004, -37.72073887299996], [145.05633491000003, -37.722372812999936], [145.05784590000007, -37.723455642999966], [145.0554500400001, -37.72916263299993], [145.03860718300007, -37.72731065199997], [145.03623855400008, -37.723507291999965], [145.03489652400003, -37.72315845199995], [145.0346698940001, -37.72082812199994], [145.042185753, -37.71781784199993], [145.04513415300005, -37.71346971199995], [145.03054919600004, -37.71198460099998], [145.02756593700008, -37.71220170099997], [145.02572192700006, -37.71384084099998], [145.02533892700012, -37.71280184099993], [145.02685838700006, -37.71177714099997], [145.03119195600004, -37.711324840999964], [145.03402194500006, -37.71202883199993], [145.03542110600006, -37.70897519199997], [145.03370293600005, -37.70631283199998], [145.03517491600007, -37.70546083199997], [145.03496894600005, -37.70359785199997], [145.03608992600005, -37.70327684199998], [145.03475793600012, -37.70210284199993], [145.03779893600006, -37.69880785199996], [145.0407195560001, -37.698912501999985], [145.04081178600006, -37.69826039199995], [145.0324689470001, -37.69733066099997], [145.04112415600002, -37.69514892199993], [145.04411715600008, -37.689999531999945], [145.048762075, -37.68866711299995], [145.05223293500012, -37.68888567299996], [145.0521765750001, -37.68820899299993], [145.05070456500005, -37.68770700299996], [145.05174156500004, -37.68709298299996], [145.05185752500006, -37.68528294299995], [145.05013553600008, -37.68433594299995], [145.04624160600008, -37.68491999199995], [145.04533563600012, -37.68617599199996], [145.043838627, -37.68533100199994], [145.04292966700007, -37.68708203199998], [145.04172567700004, -37.68504300199993], [145.04016971700003, -37.684233991999974], [145.04162062700004, -37.68256294199995], [145.042241568, -37.676453831999936], [145.06966135300001, -37.678830233999975], [145.06976070300004, -37.67824040399995], [145.0847448300001, -37.67914188499998], [145.08437202000005, -37.680282724999984], [145.08601404, -37.68126472499995], [145.09156192900002, -37.67939065499996], [145.09169091900003, -37.68010464499997], [145.09020595900006, -37.68141367499993], [145.0951198780001, -37.68079060599996], [145.09854189800012, -37.68224259599998], [145.10161482700005, -37.68178755599996], [145.10364685700006, -37.68303654599998], [145.10202487700008, -37.68393856599994], [145.1025188970001, -37.68500986599997], [145.10190792600008, -37.68721756599996], [145.09964791700008, -37.68945484599993], [145.06824427200002, -37.68604986399998], [145.06769619200008, -37.68684606399995], [145.077717591, -37.68780018399997], [145.0771600500001, -37.69192252399995], [145.07786220000003, -37.69277844499993], [145.08080202000008, -37.69216694499994], [145.08101692900004, -37.69305285499996], [145.07912681900007, -37.69895292499996], [145.08001584900012, -37.699039804999984], [145.07946002900007, -37.702045924999936], [145.07645603900005, -37.70174824399993], [145.07568544900005, -37.70615501399993], [145.07672843900002, -37.70637400499993], [145.0763670890001, -37.70827887499996], [145.07506593900007, -37.70813684399997], [145.0749546090001, -37.70877598399994], [145.06958444000009, -37.708196173999966]]]}}, {"id": "22", "type": "Feature", "properties": {"sal_name": "Burnley", "suburb": "Burnley"}, "geometry": {"type": "Polygon", "coordinates": [[[145.00697500800004, -37.82728270999996], [145.01299399700008, -37.827415180999935], [145.01347747700004, -37.82505187099997], [145.01837000600005, -37.826203860999954], [145.02133694500003, -37.82517585099998], [145.0231390250001, -37.828036821999945], [145.02837097300005, -37.83116676199995], [145.02456792400005, -37.83449384199997], [145.022917064, -37.83415978199997], [145.02101308500005, -37.832054840999945], [145.0189251050001, -37.83161085099994], [145.01683211500006, -37.83224587099994], [145.01292216600007, -37.83049090099996], [145.01103117600007, -37.83127391099998], [145.01032318600005, -37.83306592099996], [145.009355206, -37.83350092099994], [145.0061650670001, -37.83147805999994], [145.00697500800004, -37.82728270999996]]]}}, {"id": "23", "type": "Feature", "properties": {"sal_name": "Burwood (Vic.)", "suburb": "Burwood"}, "geometry": {"type": "Polygon", "coordinates": [[[145.10731198700012, -37.859988957999974], [145.10771618700005, -37.85777981799998], [145.10383784700002, -37.85699221699997], [145.1022049080001, -37.85857584699994], [145.10155991700003, -37.86079485699997], [145.09919569800002, -37.86053821699994], [145.09902542800012, -37.86146018699998], [145.09374957900002, -37.86086914699996], [145.0982131610001, -37.835964926999964], [145.11111999800005, -37.837650947999975], [145.11017285800006, -37.84306885799998], [145.1167857470001, -37.84381714799997], [145.1199428860001, -37.84126184799993], [145.1216249160001, -37.84123785799994], [145.12104124600012, -37.84437709799994], [145.13348930400002, -37.84582518899998], [145.13144162300011, -37.85754958899997], [145.1139938560001, -37.85550055799996], [145.11300364500005, -37.86107083799993], [145.10731198700012, -37.859988957999974]]]}}, {"id": "24", "type": "Feature", "properties": {"sal_name": "Camberwell (Vic.)", "suburb": "Camberwell"}, "geometry": {"type": "Polygon", "coordinates": [[[145.09816067100007, -37.83625515699998], [145.09554286000002, -37.85081484699998], [145.0819988720001, -37.84881787599994], [145.0743019040001, -37.84876685499995], [145.07443980400012, -37.847971634999965], [145.06447336500003, -37.846865864999984], [145.0637468760001, -37.84741986499995], [145.06305063600007, -37.84670647399997], [145.05676292700002, -37.84600184399994], [145.05660290700007, -37.84693585399998], [145.05379792700012, -37.84660784399995], [145.05419591800012, -37.840289833999975], [145.05526890800002, -37.83895271399996], [145.0546953480001, -37.83860981399994], [145.054787948, -37.83562684399993], [145.05552794800008, -37.835239833999935], [145.055598948, -37.83380795399995], [145.0562246280001, -37.833877463999954], [145.05580969900006, -37.83175491399993], [145.05670160800003, -37.83132943399994], [145.0559509090001, -37.82981084399995], [145.05651592900006, -37.82987583399995], [145.05756592900002, -37.82519885399995], [145.0572814090001, -37.822311593999984], [145.05792351900004, -37.821295963999944], [145.06164344900003, -37.82175729399995], [145.06248185900006, -37.820434733999946], [145.0641167980001, -37.820986123999944], [145.06391440800007, -37.822040253999944], [145.06733938800005, -37.82202323499996], [145.06782549700006, -37.82473046499996], [145.06849274700005, -37.82454996499996], [145.06897640700004, -37.82559625499994], [145.07116250700005, -37.82547875499995], [145.07218391600009, -37.82783084499994], [145.07165178600007, -37.829837114999975], [145.07416455600003, -37.83013182499997], [145.07319391600004, -37.83206645499996], [145.07202912600007, -37.83193372499994], [145.07219249600007, -37.83313873499998], [145.08200953400012, -37.83393303599996], [145.08225594400005, -37.83257084599995], [145.08328791400004, -37.83269484599998], [145.08370707300003, -37.834291605999965], [145.0917449220001, -37.83464084599996], [145.0916486320001, -37.83521173599996], [145.09392102200002, -37.835474826999985], [145.0938113320001, -37.83608896699997], [145.09816067100007, -37.83625515699998]]]}}, {"id": "25", "type": "Feature", "properties": {"sal_name": "Canterbury (Vic.)", "suburb": "Canterbury"}, "geometry": {"type": "Polygon", "coordinates": [[[145.0585994590001, -37.82137732399997], [145.05973538000012, -37.81540221399996], [145.0649008590001, -37.81598544399998], [145.06485869900007, -37.81441268399993], [145.06529001900003, -37.81550255399998], [145.0669143780001, -37.815467274999946], [145.06717575900007, -37.814057694999974], [145.06830918800006, -37.81420102499993], [145.06803346800007, -37.81569229499996], [145.06918369800007, -37.81582780499997], [145.06946857800006, -37.814274154999964], [145.07051521800008, -37.81436588499997], [145.07009225800005, -37.81663216499993], [145.07547691700006, -37.81735485499996], [145.07615143700002, -37.81660510499995], [145.0771497060001, -37.81793410499995], [145.08210330500003, -37.81852181599993], [145.08516342500002, -37.81632201599996], [145.0846405650001, -37.81836639599993], [145.0871656050001, -37.81912065599994], [145.08622521400002, -37.82374525599994], [145.08665292400008, -37.82517474599996], [145.08764590400006, -37.82529185599998], [145.08558847300003, -37.83450618599994], [145.08370707300003, -37.834291605999965], [145.08328791400004, -37.83269484599998], [145.08225594400005, -37.83257084599995], [145.08200953400012, -37.83393303599996], [145.07219249600007, -37.83313873499998], [145.07202912600007, -37.83193372499994], [145.07319391600004, -37.83206645499996], [145.07416455600003, -37.83013182499997], [145.07165178600007, -37.829837114999975], [145.07218391600009, -37.82783084499994], [145.07116250700005, -37.82547875499995], [145.06897640700004, -37.82559625499994], [145.06849274700005, -37.82454996499996], [145.06782549700006, -37.82473046499996], [145.06733938800005, -37.82202323499996], [145.06391440800007, -37.822040253999944], [145.0641167980001, -37.820986123999944], [145.06248185900006, -37.820434733999946], [145.06164344900003, -37.82175729399995], [145.0585994590001, -37.82137732399997]]]}}, {"id": "26", "type": "Feature", "properties": {"sal_name": "Carlton (Vic.)", "suburb": "Carlton"}, "geometry": {"type": "Polygon", "coordinates": [[[144.96832924800003, -37.79225411799996], [144.9757214870001, -37.793033897999976], [144.97319393600003, -37.80790979799997], [144.95950997800003, -37.80628007699994], [144.95847497900002, -37.80402622699995], [144.95949234800003, -37.80413061699994], [144.95846957900005, -37.80191509699995], [144.95883570900003, -37.79984786699998], [144.9639815580001, -37.80041370699996], [144.96497763800005, -37.79455055699998], [144.96410141900003, -37.79272897699997], [144.96606668800007, -37.79321271699996], [144.96832924800003, -37.79225411799996]]]}}, {"id": "27", "type": "Feature", "properties": {"sal_name": "Carlton North", "suburb": "Carlton North"}, "geometry": {"type": "Polygon", "coordinates": [[[144.9757214870001, -37.793033897999976], [144.96839586800002, -37.792247017999955], [144.9652703690001, -37.79314755699994], [144.96078188900003, -37.79158056699998], [144.95876406000002, -37.78986596699997], [144.96023969100008, -37.778031056999964], [144.96268679000002, -37.77930087699997], [144.96290225000007, -37.781388696999954], [144.96400481000012, -37.78241692699993], [144.96359287000007, -37.78499094699998], [144.96952338900007, -37.78560664799994], [144.97053173900008, -37.77927594799996], [144.9781169480001, -37.78019502799998], [144.9757214870001, -37.793033897999976]]]}}, {"id": "28", "type": "Feature", "properties": {"sal_name": "Carnegie", "suburb": "Carnegie"}, "geometry": {"type": "Polygon", "coordinates": [[[145.05250428400007, -37.88303564399996], [145.067466071, -37.88463254499993], [145.06667993100007, -37.88505883499994], [145.066237741, -37.887831234999965], [145.065366411, -37.887845314999936], [145.06668632000003, -37.88880621499993], [145.06600793100006, -37.88901184499997], [145.0648470100001, -37.89248253499994], [145.0646048000001, -37.893775414999936], [145.0657348000001, -37.89390032499995], [145.06369697000002, -37.89940087499997], [145.06370185900005, -37.90285126499998], [145.06101951000005, -37.90251673499995], [145.0603576200001, -37.90648666499993], [145.05392964100008, -37.90569189399997], [145.0546932210001, -37.90172149399996], [145.04469602300003, -37.90051109399997], [145.0461047440001, -37.893378233999954], [145.04478990400003, -37.889637842999946], [145.04964126400012, -37.88101266399997], [145.05250428400007, -37.88303564399996]]]}}, {"id": "29", "type": "Feature", "properties": {"sal_name": "Carrum", "suburb": "Carrum"}, "geometry": {"type": "Polygon", "coordinates": [[[145.13418186800004, -38.07618986099993], [145.13364312700003, -38.083291730999974], [145.13175016800005, -38.083807770999954], [145.12796617900005, -38.08181281999998], [145.12384222900005, -38.08215090999994], [145.1244526490001, -38.084742809999966], [145.12279277900006, -38.084986829999934], [145.11987982100004, -38.073692869999945], [145.13201486900005, -38.069148850999966], [145.1362138280001, -38.07516266099998], [145.13461285800008, -38.075399180999966], [145.13418186800004, -38.07618986099993]]]}}, {"id": "30", "type": "Feature", "properties": {"sal_name": "Caulfield", "suburb": "Caulfield"}, "geometry": {"type": "Polygon", "coordinates": [[[145.03766667600007, -37.88886580299993], [145.01495105000004, -37.88602126099994], [145.01631651000002, -37.879142480999974], [145.03460892700002, -37.88137983299998], [145.03817643600007, -37.886210792999975], [145.03766667600007, -37.88886580299993]]]}}, {"id": "31", "type": "Feature", "properties": {"sal_name": "Caulfield North", "suburb": "Caulfield North"}, "geometry": {"type": "Polygon", "coordinates": [[[145.01052754300008, -37.86021208099993], [145.0151424920001, -37.86082700099996], [145.03246129900003, -37.86833280199994], [145.0401581970001, -37.875094832999935], [145.03941265700007, -37.87690139299997], [145.03545196700009, -37.87684252299994], [145.03460892700002, -37.88137983299998], [145.0071793620001, -37.87803853099996], [145.01052754300008, -37.86021208099993]]]}}, {"id": "32", "type": "Feature", "properties": {"sal_name": "Caulfield South", "suburb": "Caulfield South"}, "geometry": {"type": "Polygon", "coordinates": [[[145.01495105000004, -37.88602126099994], [145.03766667600007, -37.88886580299993], [145.03489197400006, -37.903275932999975], [145.01222109900004, -37.90051103099995], [145.01495105000004, -37.88602126099994]]]}}, {"id": "33", "type": "Feature", "properties": {"sal_name": "Chadstone", "suburb": "Chadstone"}, "geometry": {"type": "Polygon", "coordinates": [[[145.09178919800001, -37.87440598699993], [145.10776389500006, -37.872862847999954], [145.1106849140001, -37.87349883799993], [145.106892893, -37.89313810799996], [145.10377936400005, -37.890902867999955], [145.10106416400004, -37.89159934699995], [145.09788728500007, -37.89059992699998], [145.09526581500006, -37.89109224699996], [145.09156391600004, -37.88871984699995], [145.09143265600005, -37.889615686999946], [145.09082456600004, -37.88954312699997], [145.0892379170001, -37.887760336999975], [145.09178919800001, -37.87440598699993]]]}}, {"id": "34", "type": "Feature", "properties": {"sal_name": "Cheltenham (Vic.)", "suburb": "Cheltenham"}, "geometry": {"type": "Polygon", "coordinates": [[[145.05708123500006, -37.95798071499996], [145.0590300450001, -37.94761962499996], [145.07735650200004, -37.949827195999944], [145.075454271, -37.960256845999936], [145.0844738190001, -37.96135974699996], [145.08402891900005, -37.963693846999945], [145.09318413800008, -37.96483579699998], [145.0922529170001, -37.96987085699993], [145.087070938, -37.96924405699997], [145.08625005700003, -37.976238716999944], [145.08557403800012, -37.97626507699994], [145.06430005200002, -37.973791794999954], [145.0651082710001, -37.974781864999954], [145.05417397300005, -37.97347509499997], [145.0522520940001, -37.97310635499997], [145.05242777400008, -37.97220797499995], [145.03603405700005, -37.97019826299993], [145.03624684700003, -37.969079662999945], [145.02706830900001, -37.96802207299993], [145.02861196900005, -37.960527852999974], [145.0311956590001, -37.96083125299998], [145.03179027900012, -37.955062692999945], [145.03044971000008, -37.95490518299994], [145.0307041100001, -37.95348131299994], [145.03254998900002, -37.95369685299994], [145.0323649290001, -37.95464905299997], [145.0334489490001, -37.95525135299994], [145.04207100700012, -37.95622438399994], [145.04222463700012, -37.95544231399998], [145.053211905, -37.95761084399993], [145.05571970500012, -37.95647076499995], [145.05708123500006, -37.95798071499996]]]}}, {"id": "35", "type": "Feature", "properties": {"sal_name": "Clayton", "suburb": "Clayton"}, "geometry": {"type": "Polygon", "coordinates": [[[145.12823384800004, -37.90509184899997], [145.14195576500003, -37.90667660999998], [145.1413288750001, -37.90984464999997], [145.1504588030001, -37.91093348099997], [145.14932194300002, -37.91742152099994], [145.15038646300002, -37.91755330099994], [145.14969570300002, -37.919066430999976], [145.1490792830001, -37.91899369099997], [145.147543992, -37.927169670999945], [145.14337452300003, -37.92454819999995], [145.1416184730001, -37.93136100999993], [145.1075275490001, -37.92711642799998], [145.10873070000002, -37.919350717999976], [145.11137785900007, -37.91923209799995], [145.11223093900003, -37.91801050799995], [145.1132727900001, -37.91274667799996], [145.1218850780001, -37.913806438999984], [145.1244827490001, -37.89913889899998], [145.12921171800008, -37.89967680899997], [145.12823384800004, -37.90509184899997]]]}}, {"id": "36", "type": "Feature", "properties": {"sal_name": "Clifton Hill", "suburb": "Clifton Hill"}, "geometry": {"type": "Polygon", "coordinates": [[[145.00115475200005, -37.79498386999995], [145.00078468200002, -37.79598192999998], [144.997634693, -37.79640888999995], [144.98510198500003, -37.794155898999975], [144.98568050500012, -37.79079594899997], [144.9956539540001, -37.786981838999964], [144.99559744400005, -37.78468449899998], [144.9982618040001, -37.785597819999964], [145.0026358130001, -37.78299582999995], [145.00504795200004, -37.785422849999975], [145.00807194200002, -37.78686584999997], [145.0084969510001, -37.788807849999955], [145.005148952, -37.79230282999998], [145.00115475200005, -37.79498386999995]]]}}, {"id": "37", "type": "Feature", "properties": {"sal_name": "Coburg", "suburb": "Coburg"}, "geometry": {"type": "Polygon", "coordinates": [[[144.964859025, -37.733934406999936], [144.97037011400005, -37.735383216999935], [144.98291286200003, -37.73594239799996], [144.97979168100005, -37.742741887999955], [144.9789730220001, -37.74272180799994], [144.98202186100002, -37.745502827999985], [144.9801577710001, -37.74629184799994], [144.9813912510001, -37.74876735799995], [144.98060179100003, -37.74988486799998], [144.98182327000006, -37.75209133799996], [144.9792970300001, -37.753993857999944], [144.98018314, -37.75728682799996], [144.9462529960001, -37.753323275999946], [144.94727485700002, -37.746857655999975], [144.94610345700005, -37.746318205999955], [144.9472336870001, -37.739813235999975], [144.94924096700004, -37.73957782599996], [144.9500219580001, -37.73254482599998], [144.964859025, -37.733934406999936]]]}}, {"id": "38", "type": "Feature", "properties": {"sal_name": "Coburg North", "suburb": "Coburg North"}, "geometry": {"type": "Polygon", "coordinates": [[[144.985273763, -37.72135627799997], [144.98291286200003, -37.73594239799996], [144.97037011400005, -37.735383216999935], [144.96775197400007, -37.734219836999955], [144.9494699280001, -37.73249282599994], [144.95030293800005, -37.72997582599993], [144.95168000800004, -37.730109495999955], [144.9520349280001, -37.72767483599995], [144.9507789280001, -37.727529835999974], [144.9507858280001, -37.72648015599998], [144.95179793800003, -37.72507784599998], [144.9508044790001, -37.72368312599997], [144.95214366900007, -37.71811050599996], [144.97271637500012, -37.720190586999934], [144.9787080740001, -37.719236577999936], [144.9794385040001, -37.71971125799996], [144.97819396400007, -37.72035312799994], [144.9786154640001, -37.72141225799993], [144.985273763, -37.72135627799997]]]}}, {"id": "39", "type": "Feature", "properties": {"sal_name": "Collingwood (Vic.)", "suburb": "Collingwood"}, "geometry": {"type": "Polygon", "coordinates": [[[144.99141772200005, -37.809348658999966], [144.98255921400005, -37.80890803899996], [144.98510198500003, -37.794155898999975], [144.9902895140001, -37.794714488999944], [144.99362031300006, -37.79596608899993], [144.99141772200005, -37.809348658999966]]]}}, {"id": "40", "type": "Feature", "properties": {"sal_name": "Cranbourne", "suburb": "Cranbourne"}, "geometry": {"type": "Polygon", "coordinates": [[[145.2954104790001, -38.08450193199997], [145.2882468460001, -38.121478871999955], [145.29125159500006, -38.12913971199998], [145.28618791600002, -38.12853277199997], [145.28360477400008, -38.14302411199998], [145.2793864250001, -38.14253466099996], [145.27896430500004, -38.14483232099997], [145.27066486700005, -38.14386287099995], [145.27087751700003, -38.14272630099998], [145.26542882800004, -38.14209585999998], [145.26564782800006, -38.140939869999954], [145.25773485000002, -38.13281084999994], [145.26825633900012, -38.12647608999998], [145.24923251300004, -38.12403789899997], [145.25240520400007, -38.10935878899994], [145.2651010610001, -38.110749029999965], [145.26934587300002, -38.08892585999996], [145.27120532300012, -38.08906036999997], [145.26483348500005, -38.080719089999945], [145.2954104790001, -38.08450193199997]]]}}, {"id": "41", "type": "Feature", "properties": {"sal_name": "Cremorne (Vic.)", "suburb": "Cremorne"}, "geometry": {"type": "Polygon", "coordinates": [[[144.99793420900005, -37.82567266999996], [144.99659936900002, -37.83428104999996], [144.99114857000006, -37.833038698999985], [144.98793577100002, -37.829608948999976], [144.9888493210001, -37.82461614899995], [144.99793420900005, -37.82567266999996]]]}}, {"id": "42", "type": "Feature", "properties": {"sal_name": "Dandenong", "suburb": "Dandenong"}, "geometry": {"type": "Polygon", "coordinates": [[[145.19508383900006, -37.967530403999945], [145.23412886200003, -37.97224185699997], [145.2356868720001, -37.974131856999975], [145.23494986100002, -37.97833584699998], [145.23417587100005, -37.97847286699994], [145.23425687100007, -37.979508866999936], [145.23285888200007, -37.97957085699994], [145.2324888810001, -37.98054685699998], [145.23314285100003, -37.98056785699998], [145.2318548820001, -37.98094484699993], [145.23264287100005, -37.98193086699996], [145.2317698710001, -37.98356385699998], [145.23232186100006, -37.98385286699994], [145.23204687100008, -37.98545884699996], [145.23090186100012, -37.985509856999954], [145.23010967100004, -37.98858464699998], [145.22769946100004, -37.99024775699996], [145.22653088100003, -37.99345849699995], [145.22865850100004, -37.99375776699998], [145.22732986000005, -38.00075685699994], [145.22553786000003, -38.00052084699996], [145.22602988000006, -38.001782866999974], [145.2185698620001, -37.99826686599994], [145.21823472200003, -37.99986668599996], [145.21342694300006, -37.99929104599994], [145.21251086200004, -38.00394386599993], [145.20787989300004, -38.003382854999984], [145.20805487300004, -38.00250186499994], [145.19357437600002, -38.000676243999976], [145.1946858760001, -37.99810985399995], [145.19210488700003, -37.99479885399995], [145.1926699070001, -37.98989100399996], [145.1940488780001, -37.982568853999965], [145.196529348, -37.981450344999985], [145.1969465080001, -37.98040609499998], [145.19644787800007, -37.97875885399998], [145.1931848490001, -37.97796348399993], [145.19508383900006, -37.967530403999945]]]}}, {"id": "43", "type": "Feature", "properties": {"sal_name": "Docklands", "suburb": "Docklands"}, "geometry": {"type": "Polygon", "coordinates": [[[144.95221011700005, -37.82371641699996], [144.9479409380001, -37.82337492599993], [144.947975938, -37.82522183599997], [144.94687892800005, -37.826582825999935], [144.94010204900007, -37.825720445999934], [144.93785792000006, -37.82308383599997], [144.92855287200007, -37.821163844999944], [144.920626383, -37.82079852499993], [144.91990018400008, -37.818531683999936], [144.93240990200002, -37.815076534999946], [144.93444379200002, -37.81266651499993], [144.93502592200002, -37.80944583499996], [144.94319294000002, -37.81252684599997], [144.94782943000007, -37.81094326599998], [144.9503346790001, -37.813466776999974], [144.95144128900006, -37.81315365699993], [144.95599301700008, -37.82304007699997], [144.95221011700005, -37.82371641699996]]]}}, {"id": "44", "type": "Feature", "properties": {"sal_name": "Doncaster", "suburb": "Doncaster"}, "geometry": {"type": "Polygon", "coordinates": [[[145.1383391380001, -37.798027238999964], [145.13684617800004, -37.79749025899997], [145.13711116800005, -37.79675826899995], [145.13362019900012, -37.79621231899995], [145.13282519900008, -37.79532632899998], [145.12925429000006, -37.796053418999975], [145.12814232000005, -37.79746243899996], [145.12412137, -37.79874649799996], [145.11660244200004, -37.79562564799994], [145.11467050200008, -37.79613564799996], [145.1128454630001, -37.79512467799998], [145.10979746300006, -37.79482270699998], [145.1083824640001, -37.79242070699996], [145.1047443650001, -37.79127016699994], [145.10390128500012, -37.78818027699998], [145.10091040600003, -37.785840736999944], [145.09966046600005, -37.782598406999966], [145.1025319160001, -37.78254384699994], [145.1023712860001, -37.77995454699993], [145.1035412860001, -37.78007282699997], [145.10475319700004, -37.772406126999954], [145.10933945600004, -37.77303725699994], [145.10915655600002, -37.77405092699996], [145.1110399250001, -37.77427484699996], [145.111217935, -37.77329684699998], [145.1134549850001, -37.77360559699997], [145.11735876400007, -37.775758087999975], [145.11778391400003, -37.77368084799997], [145.11980590400003, -37.77391685799995], [145.119370494, -37.77630235799995], [145.12323146300002, -37.77958303799994], [145.13170384300008, -37.76690809899998], [145.13253601200006, -37.76707172899995], [145.1361765910001, -37.77008738899997], [145.13534289100005, -37.77117284899998], [145.13547491100007, -37.773284838999984], [145.1395679100001, -37.77678385899998], [145.1433089090001, -37.77726385999995], [145.14513091900005, -37.77856684999995], [145.14386487800004, -37.78611281999997], [145.14513419800005, -37.787158819999945], [145.14341957800002, -37.788762719999966], [145.14223058700009, -37.79707670999994], [145.1383391380001, -37.798027238999964]]]}}, {"id": "45", "type": "Feature", "properties": {"sal_name": "East Melbourne", "suburb": "East Melbourne"}, "geometry": {"type": "Polygon", "coordinates": [[[144.99135698200007, -37.809718078999936], [144.98910304100002, -37.82310612899994], [144.98448557200004, -37.82192539899995], [144.9786189230001, -37.81857983899994], [144.97471795400008, -37.81587384799997], [144.97136958600004, -37.80771491799993], [144.99135698200007, -37.809718078999936]]]}}, {"id": "46", "type": "Feature", "properties": {"sal_name": "Elsternwick", "suburb": "Elsternwick"}, "geometry": {"type": "Polygon", "coordinates": [[[145.01631651000002, -37.879142480999974], [145.01295485900005, -37.89667284099994], [145.0047502100001, -37.89580428099998], [145.0010441820001, -37.88857625999998], [144.9967511630001, -37.88348830999996], [144.9980100140001, -37.87690325999995], [145.01631651000002, -37.879142480999974]]]}}, {"id": "47", "type": "Feature", "properties": {"sal_name": "Eltham (Vic.)", "suburb": "Eltham"}, "geometry": {"type": "Polygon", "coordinates": [[[145.15549600200006, -37.733955539999954], [145.15176114200005, -37.735641579999935], [145.14997720200006, -37.73840663999994], [145.14843621300008, -37.737210619999985], [145.1429333640001, -37.738911678999955], [145.13774459500007, -37.73825580899995], [145.1356769150001, -37.74090040899995], [145.1341555150001, -37.73821575899996], [145.13472050600012, -37.734854568999936], [145.135633105, -37.733707608999964], [145.13773635500002, -37.733166608999966], [145.13489139600006, -37.732084638999936], [145.13603825600012, -37.72557746899997], [145.13503717700007, -37.72486227899998], [145.1377942370001, -37.71795139899996], [145.13362612800006, -37.71331951899998], [145.1316110690001, -37.70769153799995], [145.14701903600007, -37.709403288999965], [145.1456367070001, -37.707299338999974], [145.14671075700005, -37.70632750899995], [145.1491555560001, -37.70606129999993], [145.14915639600008, -37.70409529999995], [145.15033797600006, -37.70330784999993], [145.15322654600004, -37.70318426999995], [145.1526165260001, -37.700086219999946], [145.15437045600004, -37.69954420999994], [145.1534084660001, -37.69802618999995], [145.15232248600012, -37.69849120999993], [145.15106450700011, -37.69749919999998], [145.15167044700001, -37.69587917999996], [145.151127437, -37.69517117999993], [145.1520153670001, -37.69373415999996], [145.1513113970001, -37.692358129999946], [145.15256936700007, -37.691635109999936], [145.1531152970001, -37.68939205999993], [145.15421328700006, -37.68997306999995], [145.15557725700012, -37.68838902999994], [145.16462830500006, -37.68954097999995], [145.16433492500005, -37.69163384999996], [145.16774891400007, -37.69229486099994], [145.16889176400002, -37.69463775099996], [145.17268334300002, -37.69432751099998], [145.17723135200004, -37.69812180099996], [145.17298805000007, -37.72392133099993], [145.17623392000007, -37.72306785199993], [145.17749991900007, -37.72348084199996], [145.17769694900005, -37.72439284199993], [145.17892713900005, -37.72438755199994], [145.1810651290001, -37.72188938199997], [145.1812606190001, -37.723979751999934], [145.1828510780001, -37.72399918199994], [145.18705692800006, -37.72278386199997], [145.18961890800006, -37.72076384199994], [145.19180262700002, -37.72111534299995], [145.19074430700005, -37.72614242299994], [145.1891858670001, -37.72595459199994], [145.18885418700006, -37.72760749199995], [145.19500684600007, -37.72730265299998], [145.193817716, -37.73177093299995], [145.19019651600001, -37.73223923299997], [145.18790153700002, -37.73028723199997], [145.1847705670001, -37.73086429199998], [145.1813246480001, -37.729828321999946], [145.1804726580001, -37.73205737199993], [145.1783797180001, -37.733832391999954], [145.1798337670001, -37.73736643199993], [145.1774907880001, -37.73844945199994], [145.17613236800003, -37.73490426199993], [145.16502188000004, -37.73425053099993], [145.16242794000004, -37.73771659099998], [145.15549600200006, -37.733955539999954]]]}}, {"id": "48", "type": "Feature", "properties": {"sal_name": "Elwood", "suburb": "Elwood"}, "geometry": {"type": "Polygon", "coordinates": [[[144.9807123370001, -37.873058268999955], [144.98597899600009, -37.871812588999944], [144.9867149060001, -37.87060183899996], [144.98862604600004, -37.87046663999996], [144.9970151330001, -37.883800959999974], [144.99227020400008, -37.88326035999995], [144.99067771300008, -37.89172347999994], [144.9849958640001, -37.89098937899996], [144.98129933600012, -37.88667045899996], [144.97566435700003, -37.88210750899998], [144.975747317, -37.87912249899995], [144.9773188270001, -37.87867087899997], [144.97558328700006, -37.87872448899998], [144.97450646800007, -37.876261528999976], [144.97757271700004, -37.875059678999946], [144.97750395800006, -37.874388848999956], [144.9804478970001, -37.87380283899995], [144.9807123370001, -37.873058268999955]]]}}, {"id": "49", "type": "Feature", "properties": {"sal_name": "Epping (Vic.)", "suburb": "Epping"}, "geometry": {"type": "Polygon", "coordinates": [[[145.0370625500001, -37.66103880199995], [144.99931195700003, -37.657481838999956], [144.99536594800009, -37.65902984899998], [144.98826022900005, -37.657547197999975], [144.9822552490001, -37.66515761799997], [144.98146768900006, -37.669970897999974], [144.97753796000006, -37.66954084799994], [144.97596995000004, -37.670630846999984], [144.97471596000003, -37.67001183699995], [144.97407090000002, -37.66905987699994], [144.97592707, -37.66769285699996], [144.9758558200001, -37.66576983699997], [144.9723529910001, -37.66370486699998], [144.9734977710001, -37.66080886699996], [144.97222593200001, -37.65930379699995], [144.97513505100005, -37.65918282699994], [144.97697790100005, -37.65822180699996], [144.97483878200012, -37.655500846999985], [144.9755811220001, -37.654471876999935], [144.9745698920001, -37.65234481699997], [144.97628309200002, -37.65006986699996], [144.97445250300007, -37.64685930699994], [144.9715825830001, -37.645246146999966], [144.97105446400008, -37.64324742699995], [144.96933907400012, -37.643077336999966], [144.97023982400003, -37.64049199699997], [144.968925785, -37.63854492699994], [144.96690116500008, -37.63825107699995], [144.96499138600007, -37.635478715999966], [144.96122359600008, -37.63561578599996], [144.95851960700008, -37.634353715999964], [144.9586579070001, -37.633339225999975], [144.95744179700012, -37.63188483599998], [144.95902833700006, -37.628590645999964], [144.958748968, -37.62768758599998], [144.95565008800008, -37.626049415999944], [144.95548594900004, -37.62377781599997], [144.95280103900006, -37.623192175999975], [144.95514462900007, -37.62250205599997], [144.95736977900003, -37.62073580599997], [144.95542327900012, -37.61926394599993], [144.95614651900007, -37.617314635999946], [144.95458845000007, -37.61532313599997], [145.0645196690001, -37.626335522999966], [145.06372174900002, -37.630276582999954], [145.06287549900003, -37.63119431299998], [145.06062414000007, -37.631427852999934], [145.0603577590001, -37.63291312299998], [145.06378966800003, -37.63730652299995], [145.06413547800003, -37.63881710299995], [145.062754938, -37.64365383299997], [145.06389059800006, -37.64349111299998], [145.06611304700004, -37.64867040299998], [145.06773389600005, -37.64901499399997], [145.04220642100006, -37.65176840199996], [145.0395645200001, -37.65684472199996], [145.0371805210001, -37.65958078199998], [145.0370625500001, -37.66103880199995]]]}}, {"id": "50", "type": "Feature", "properties": {"sal_name": "Essendon", "suburb": "Essendon"}, "geometry": {"type": "Polygon", "coordinates": [[[144.91648758100007, -37.756950453999934], [144.9166988400001, -37.76071472399997], [144.91598221100003, -37.76111854399994], [144.90641107200008, -37.760584112999936], [144.90732835300003, -37.755971872999964], [144.88948207600004, -37.75392169199995], [144.89233761700007, -37.737314511999955], [144.91017195300003, -37.74447183299998], [144.9082089540001, -37.741301842999974], [144.93348858900004, -37.744045374999985], [144.93386095900007, -37.744584834999955], [144.93283895900004, -37.745454834999975], [144.92855795000003, -37.745699824999974], [144.92829395, -37.74705883499996], [144.9292099500001, -37.74758383499994], [144.92741295000008, -37.74926483499996], [144.92672496000012, -37.75144883499996], [144.92843194900001, -37.75261383499998], [144.92936693900003, -37.75194084499998], [144.9304209490001, -37.75361982499993], [144.932443959, -37.75259783499996], [144.93495694800004, -37.75327683499995], [144.93363495800008, -37.75506082499993], [144.93459194800005, -37.756666834999976], [144.93298094800002, -37.75864283499993], [144.93382296800007, -37.759380834999945], [144.91648758100007, -37.756950453999934]]]}}, {"id": "51", "type": "Feature", "properties": {"sal_name": "Fawkner", "suburb": "Fawkner"}, "geometry": {"type": "Polygon", "coordinates": [[[144.97269652800003, -37.69243440699995], [144.97605565700007, -37.695019437999974], [144.9772512070001, -37.69399700799994], [144.978931557, -37.69455038799998], [144.9786573770001, -37.69709141799996], [144.98068761600007, -37.69809303799997], [144.97958352600006, -37.70063149799995], [144.9810533760001, -37.70113682799996], [144.98252494500002, -37.70294383799995], [144.9818415950001, -37.70391208799998], [144.97854593600005, -37.704717837999965], [144.98082813500002, -37.70734884799998], [144.97877106500005, -37.70800413799998], [144.9771190450001, -37.71019681799993], [144.9787679650001, -37.711313847999975], [144.97901408500002, -37.71247578799995], [144.97702454500006, -37.713637037999945], [144.98066417400003, -37.71437494799994], [144.98073987400005, -37.715704537999954], [144.97962188400004, -37.716659867999965], [144.9781163350001, -37.71668579799996], [144.97850622400006, -37.719422907999956], [144.97271637500012, -37.720190586999934], [144.96298759700005, -37.71920292699997], [144.96053570900006, -37.70451782699996], [144.959273939, -37.70438285599994], [144.95820865000007, -37.69510069599994], [144.9571170810001, -37.69218465599994], [144.9585408810001, -37.69216791599996], [144.9581325910001, -37.689528905999964], [144.96542981000005, -37.690366826999934], [144.96720283900004, -37.691360706999944], [144.97206678800012, -37.69098585699993], [144.97044027900006, -37.69259591699995], [144.97269652800003, -37.69243440699995]]]}}, {"id": "52", "type": "Feature", "properties": {"sal_name": "Fitzroy (Vic.)", "suburb": "Fitzroy"}, "geometry": {"type": "Polygon", "coordinates": [[[144.98510198500003, -37.794155898999975], [144.98255921400005, -37.80890803899996], [144.97319393600003, -37.80790979799997], [144.97574593700006, -37.792899847999934], [144.98291391500004, -37.79333782899994], [144.9828139450001, -37.79391182899997], [144.98510198500003, -37.794155898999975]]]}}, {"id": "53", "type": "Feature", "properties": {"sal_name": "Fitzroy North", "suburb": "Fitzroy North"}, "geometry": {"type": "Polygon", "coordinates": [[[144.97574593700006, -37.792899847999934], [144.97920146800004, -37.77348377799996], [144.9882531070001, -37.774919858999965], [144.99011106600005, -37.779646828999944], [144.99200789500003, -37.78046286899996], [144.99202085500008, -37.78251784899993], [144.99559744400005, -37.78468449899998], [144.9956539540001, -37.786981838999964], [144.98568050500012, -37.79079594899997], [144.98510198500003, -37.794155898999975], [144.9828139450001, -37.79391182899997], [144.98291391500004, -37.79333782899994], [144.97574593700006, -37.792899847999934]]]}}, {"id": "54", "type": "Feature", "properties": {"sal_name": "Flemington", "suburb": "Flemington"}, "geometry": {"type": "Polygon", "coordinates": [[[144.9382056940001, -37.78896677599994], [144.92131470700008, -37.78744533399998], [144.92292785600011, -37.78913446499996], [144.91293021700005, -37.79514781399996], [144.90385317900007, -37.79172962299998], [144.90270715000008, -37.78975458299993], [144.90497037000011, -37.78714149299998], [144.90634050900007, -37.787386022999954], [144.90823774000012, -37.78251810299997], [144.91359163900006, -37.77937709399998], [144.917619338, -37.78360088399995], [144.92203828700008, -37.78370313399995], [144.92259775700006, -37.780343793999975], [144.9264385770001, -37.78031382499995], [144.93041192600003, -37.78151862499993], [144.932580905, -37.78120075499993], [144.9380438940001, -37.784637335999946], [144.94036806300005, -37.78760599599997], [144.9382056940001, -37.78896677599994]]]}}, {"id": "55", "type": "Feature", "properties": {"sal_name": "Footscray", "suburb": "Footscray"}, "geometry": {"type": "Polygon", "coordinates": [[[144.90632630700009, -37.80950381399998], [144.90545837700006, -37.81527786299995], [144.89985697800012, -37.81466079299997], [144.90106256800004, -37.81204206299998], [144.89826429800007, -37.811238722999974], [144.90023708800004, -37.80694409299997], [144.89710615900003, -37.805668982999975], [144.89741395900012, -37.803967532999934], [144.87948702300002, -37.801485871999944], [144.87991940300003, -37.797685341999966], [144.88138783300008, -37.797832581999955], [144.88351724300003, -37.78635048199993], [144.90282917000002, -37.78900459299996], [144.90359417900004, -37.791575612999964], [144.91347607700004, -37.79535958399998], [144.9160540370001, -37.79722858399998], [144.91639103600005, -37.798748573999944], [144.91508305600007, -37.800099613999976], [144.9124270970001, -37.79956463399998], [144.9104191670001, -37.80062268399996], [144.90632630700009, -37.80950381399998]]]}}, {"id": "56", "type": "Feature", "properties": {"sal_name": "Frankston", "suburb": "Frankston"}, "geometry": {"type": "Polygon", "coordinates": [[[145.16317150700002, -38.132359522999934], [145.1733948650001, -38.135147863999975], [145.1733548640001, -38.14177385399995], [145.1723073830001, -38.148952003999966], [145.16638788300008, -38.159201853999946], [145.16127387200004, -38.17688586299994], [145.15067547400008, -38.17516900299995], [145.13643500800003, -38.16336260099996], [145.1239717510001, -38.15996294099995], [145.12315547100002, -38.15737270099993], [145.11976889200002, -38.15645383999998], [145.1190861220001, -38.15531723999993], [145.11785096200003, -38.154987149999954], [145.11758787200006, -38.15559982999997], [145.1095104540001, -38.15341397999998], [145.11226040400004, -38.15210693999995], [145.11775613300006, -38.14386775999998], [145.12225366400003, -38.129300599999965], [145.1241418840001, -38.12936073999998], [145.12511001400003, -38.13076448999993], [145.12559914400003, -38.128459850999946], [145.13170625300006, -38.130121300999974], [145.13248669300003, -38.12831536099998], [145.133994292, -38.12846466099995], [145.13933891200008, -38.124843760999966], [145.14653624000005, -38.12573587199995], [145.14597092000008, -38.12862409199994], [145.1505048790001, -38.129157851999935], [145.15106789000004, -38.12628985199996], [145.16370907700002, -38.12784408299996], [145.16317150700002, -38.132359522999934]]]}}, {"id": "57", "type": "Feature", "properties": {"sal_name": "Glen Iris (Vic.)", "suburb": "Glen Iris"}, "geometry": {"type": "Polygon", "coordinates": [[[145.09554286000002, -37.85081484699998], [145.093659569, -37.861362156999974], [145.08212235100007, -37.86017156599996], [145.08269734100008, -37.85884715599997], [145.07960217100003, -37.85953535599998], [145.07609562200003, -37.85808683499994], [145.07475278200002, -37.86571194499993], [145.07521539100003, -37.86698985499993], [145.0684336930001, -37.86626411499998], [145.06558504300006, -37.867373174999955], [145.0649820330001, -37.86445394499998], [145.0635434940001, -37.86512174499995], [145.06207517400003, -37.862438503999954], [145.06157088400005, -37.86488135399998], [145.063567873, -37.866833344999975], [145.0629190830001, -37.867432074999954], [145.0616345840001, -37.867420083999946], [145.0607282840001, -37.86585883399994], [145.05996017400003, -37.866260473999944], [145.05945593400008, -37.86463554399995], [145.05787540500012, -37.865630513999974], [145.03973790800012, -37.86337184299998], [145.04054524800006, -37.85851096299996], [145.04120593800008, -37.858167882999965], [145.040681908, -37.857741852999936], [145.04143091900005, -37.85360384299997], [145.04223388900004, -37.852784792999955], [145.0416892290001, -37.85271284299995], [145.04216350900003, -37.85042935299998], [145.04446457900008, -37.84820595299993], [145.04498908900007, -37.84541857299996], [145.05344383700003, -37.845625773999984], [145.05355975800012, -37.84491487399998], [145.05411882700002, -37.844980473999954], [145.05379792700012, -37.84660784399995], [145.05660290700007, -37.84693585399998], [145.05676292700002, -37.84600184399994], [145.06305063600007, -37.84670647399997], [145.0637468760001, -37.84741986499995], [145.06447336500003, -37.846865864999984], [145.07443980400012, -37.847971634999965], [145.0743019040001, -37.84876685499995], [145.09152844000005, -37.84995007599997], [145.09554286000002, -37.85081484699998]]]}}, {"id": "58", "type": "Feature", "properties": {"sal_name": "Glen Waverley", "suburb": "Glen Waverley"}, "geometry": {"type": "Polygon", "coordinates": [[[145.1507599690001, -37.85975645099995], [145.19570971100006, -37.865163043999985], [145.19470688100012, -37.86540985399995], [145.19540490100007, -37.86618285399993], [145.19416989100012, -37.86625685399997], [145.19512889100008, -37.86690685399998], [145.19401987100002, -37.86848986399997], [145.19482287000005, -37.86862885399995], [145.19289089100005, -37.87064385399998], [145.19327491, -37.87156285399993], [145.19217688100002, -37.87162685399994], [145.19340488000012, -37.87422286399993], [145.19181688000003, -37.87444985399998], [145.19263590000003, -37.87475185399995], [145.19266488000005, -37.875707853999984], [145.1912478800001, -37.876840853999965], [145.19198690000007, -37.877662863999944], [145.19086091000008, -37.87897284299993], [145.19205088, -37.87929585399996], [145.19087288000003, -37.88056986299995], [145.1924208790001, -37.88085984399993], [145.193137889, -37.882439863999934], [145.19412389900003, -37.88207385399994], [145.19534288900002, -37.88323685399996], [145.19455287900007, -37.884469843999966], [145.1954848680001, -37.88489786399998], [145.19432387900008, -37.88568685399997], [145.1959868880001, -37.88618185399997], [145.19503989800012, -37.88731784399994], [145.19626487800008, -37.888656853999976], [145.19715693800003, -37.88840642399998], [145.1971538680001, -37.88927385399995], [145.19846388700012, -37.88928286399994], [145.20028589700007, -37.89139585399994], [145.19916888700004, -37.89207686399993], [145.20016789700003, -37.89294184399995], [145.17635887100005, -37.890252852999936], [145.17356115000007, -37.90486187199997], [145.14293721600006, -37.90124273999993], [145.1507599690001, -37.85975645099995]]]}}, {"id": "59", "type": "Feature", "properties": {"sal_name": "Glenroy (Vic.)", "suburb": "Glenroy"}, "geometry": {"type": "Polygon", "coordinates": [[[144.90372970900012, -37.698977372999934], [144.89781160000007, -37.69828726199995], [144.90241312000012, -37.694673232999946], [144.90491709000003, -37.69384715299998], [144.9190087170001, -37.694678273999955], [144.9571170810001, -37.69218465599994], [144.95820865000007, -37.69510069599994], [144.959273939, -37.70438285599994], [144.9392302230001, -37.701988194999956], [144.9364171320001, -37.71504271499998], [144.93377957200005, -37.71473822499996], [144.93348020200006, -37.716236134999974], [144.92687997400003, -37.71540176399998], [144.92724753400012, -37.71345939399998], [144.92376054500005, -37.71198798399996], [144.92311109500008, -37.71212164399998], [144.92397476400004, -37.71497608399994], [144.9206716550001, -37.71531213399993], [144.91944295500002, -37.71148583399997], [144.91710097600003, -37.711951073999955], [144.9173647550001, -37.713635963999934], [144.90903009700003, -37.712611762999984], [144.90893197700007, -37.71311683299996], [144.9012145680001, -37.712300392999964], [144.89754346900008, -37.70925225199994], [144.89814287900003, -37.70797681199997], [144.90066691900006, -37.70650465199998], [144.9012723090001, -37.70506335299996], [144.9031969890001, -37.70424582299995], [144.9030362090001, -37.70210435299998], [144.90429129900008, -37.700858822999976], [144.90372970900012, -37.698977372999934]]]}}, {"id": "60", "type": "Feature", "properties": {"sal_name": "Greensborough", "suburb": "Greensborough"}, "geometry": {"type": "Polygon", "coordinates": [[[145.09921159700002, -37.68940574599998], [145.10190792600008, -37.68721756599996], [145.1025188970001, -37.68500986599997], [145.10202487700008, -37.68393856599994], [145.10361491700007, -37.682890835999956], [145.1064499160001, -37.681527855999946], [145.1123848850001, -37.682314916999985], [145.11814524400006, -37.679225876999965], [145.13346768100007, -37.68470371799998], [145.13054673200008, -37.68598427799998], [145.11680382400004, -37.687909426999965], [145.11435424400008, -37.68903700699997], [145.11368705400002, -37.69071287699995], [145.12890690100005, -37.692587027999934], [145.12791486100002, -37.693566817999965], [145.12747106100005, -37.69620713799998], [145.13630781900008, -37.69704933899993], [145.12893423000003, -37.70039076799998], [145.1280535300001, -37.701877647999936], [145.1281084200001, -37.70469575799996], [145.12019803200008, -37.70027516699997], [145.11476322300007, -37.699875746999965], [145.11661537200007, -37.70608867699997], [145.11257092300002, -37.705536836999954], [145.11076494300005, -37.70719517699996], [145.11489568100012, -37.711688666999976], [145.11399446200005, -37.71111530699994], [145.11412575200006, -37.71217249699998], [145.11131335200002, -37.713516356999946], [145.11226987200007, -37.71390725699996], [145.1115788520001, -37.71540272699997], [145.11308280100002, -37.71578785699995], [145.11313755100002, -37.71643864699996], [145.11089159200003, -37.716556716999946], [145.11216289100003, -37.71844414699996], [145.11090232100003, -37.72031905699998], [145.1051665320001, -37.71915000699994], [145.09346277400005, -37.71835132599995], [145.09200353500012, -37.717273845999955], [145.09404710500007, -37.71316253599997], [145.0931391250001, -37.712796165999976], [145.0935656250001, -37.71213810599994], [145.09447097500004, -37.71250393599996], [145.0961548350001, -37.70881440599993], [145.09409666500005, -37.70859337599995], [145.09294210500002, -37.711358565999944], [145.08915675600008, -37.710505884999975], [145.0895549060001, -37.70811375499994], [145.08744498700003, -37.70783283499998], [145.0902009570001, -37.70237637499997], [145.092447127, -37.69532189599994], [145.0907871080001, -37.69286977499996], [145.0882181280001, -37.691062804999945], [145.07733456100004, -37.68769802399993], [145.06769619200008, -37.68684606399995], [145.0686581120001, -37.686081713999954], [145.09921159700002, -37.68940574599998]]]}}, {"id": "61", "type": "Feature", "properties": {"sal_name": "Hampton (Vic.)", "suburb": "Hampton"}, "geometry": {"type": "Polygon", "coordinates": [[[145.02287066200006, -37.94277589199993], [145.0238779220001, -37.94332185199994], [145.0235478520001, -37.945483001999946], [145.02273207200005, -37.946454191999976], [145.02056343200002, -37.946183221999945], [145.02038063200007, -37.94707476199994], [145.001260956, -37.94433785099994], [144.99595600700002, -37.94502282999997], [144.9935490470001, -37.94451684999996], [144.99215642800004, -37.940007], [144.99912665600004, -37.94165881099997], [144.99919497700012, -37.941160640999954], [144.99775647700005, -37.937847010999974], [144.99285799900008, -37.93240062999996], [144.99407479900003, -37.92811452999996], [144.99921593800002, -37.92959585099993], [145.00621447700007, -37.92956295099998], [145.00638339600005, -37.931617820999975], [145.00855427600004, -37.93187704099995], [145.00792052600002, -37.92976643099996], [145.0241767130001, -37.932277201999966], [145.02524674300003, -37.93356484199995], [145.02287066200006, -37.94277589199993]]]}}, {"id": "62", "type": "Feature", "properties": {"sal_name": "Hampton East", "suburb": "Hampton East"}, "geometry": {"type": "Polygon", "coordinates": [[[145.02524674300003, -37.93356484199995], [145.02495930300006, -37.931821121999974], [145.0343793710001, -37.932993042999954], [145.03653265100002, -37.93558048299997], [145.03663153000002, -37.93943409299993], [145.03919521900002, -37.94523253299997], [145.023382652, -37.94323449199993], [145.02287066200006, -37.94277589199993], [145.0238300730001, -37.93763572199998], [145.02454492300012, -37.93728084199995], [145.02524674300003, -37.93356484199995]]]}}, {"id": "63", "type": "Feature", "properties": {"sal_name": "Hawthorn (Vic.)", "suburb": "Hawthorn"}, "geometry": {"type": "Polygon", "coordinates": [[[145.04539993100002, -37.82336885299998], [145.04469526100002, -37.824318912999956], [145.04539084100008, -37.824404382999944], [145.044762901, -37.82560485299996], [145.04533091100006, -37.82567483299994], [145.04519845100003, -37.82676817299995], [145.04378149100012, -37.83262736299997], [145.04317581100008, -37.83255859299993], [145.04193594000003, -37.83935320299997], [145.0433629800001, -37.83953230299994], [145.0441484900001, -37.840962832999935], [145.045738249, -37.84114835299994], [145.0453969790001, -37.84314453299993], [145.04123357000003, -37.84295239299996], [145.04086601000006, -37.84487487299998], [145.04029993000006, -37.84480084299997], [145.04008991000012, -37.84033758299995], [145.0390639310001, -37.83901985299997], [145.0329289020001, -37.83736084199995], [145.0280739330001, -37.83766585199993], [145.02476594400002, -37.83466484199994], [145.02834600300002, -37.83102975199995], [145.0231390250001, -37.828036821999945], [145.02182896500005, -37.82541286199995], [145.01837000600005, -37.826203860999954], [145.01658800600012, -37.825137910999956], [145.014462728, -37.81487196099994], [145.01541274800002, -37.81213171099995], [145.04630258200007, -37.81580146299996], [145.046479792, -37.81934702299998], [145.0456399210001, -37.82228883299996], [145.04509457200004, -37.82220982299998], [145.04539993100002, -37.82336885299998]]]}}, {"id": "64", "type": "Feature", "properties": {"sal_name": "Hawthorn East", "suburb": "Hawthorn East"}, "geometry": {"type": "Polygon", "coordinates": [[[145.0572814090001, -37.822311593999984], [145.05651592900006, -37.82987583399995], [145.0559509090001, -37.82981084399995], [145.05670160800003, -37.83132943399994], [145.0557219090001, -37.83220089399998], [145.0562246280001, -37.833877463999954], [145.055598948, -37.83380795399995], [145.05552794800008, -37.835239833999935], [145.054787948, -37.83562684399993], [145.0546953480001, -37.83860981399994], [145.05526890800002, -37.83895271399996], [145.05419591800012, -37.840289833999975], [145.05344383700003, -37.845625773999984], [145.04498908900007, -37.84541857299996], [145.04446457900008, -37.84820595299993], [145.0427829890001, -37.84765557299994], [145.040268, -37.84563060299996], [145.04029993000006, -37.84480084299997], [145.04086601000006, -37.84487487299998], [145.04123357000003, -37.84295239299996], [145.0453969790001, -37.84314453299993], [145.045738249, -37.84114835299994], [145.0441484900001, -37.840962832999935], [145.0433629800001, -37.83953230299994], [145.04193594000003, -37.83935320299997], [145.04317581100008, -37.83255859299993], [145.04378149100012, -37.83262736299997], [145.04519845100003, -37.82676817299995], [145.04533091100006, -37.82567483299994], [145.044762901, -37.82560485299996], [145.04539084100008, -37.824404382999944], [145.04469526100002, -37.824318912999956], [145.0464271520001, -37.819629032999956], [145.04630258200007, -37.81580146299996], [145.05936239000005, -37.81735923399998], [145.0585994590001, -37.82137732399997], [145.0572814090001, -37.822311593999984]]]}}, {"id": "65", "type": "Feature", "properties": {"sal_name": "Heidelberg", "suburb": "Heidelberg"}, "geometry": {"type": "Polygon", "coordinates": [[[145.05878175700002, -37.746432693999964], [145.0789932240001, -37.74833886499994], [145.07871388400008, -37.74989388499995], [145.07925470300006, -37.74995515499995], [145.08064422400003, -37.742387804999964], [145.08381600300004, -37.743336634999935], [145.0862519430001, -37.745267844999944], [145.08196494300012, -37.75056384499993], [145.08247393300007, -37.75144738499995], [145.08168597300005, -37.75427244499997], [145.0832829520001, -37.75484442499993], [145.08160001200008, -37.756347474999984], [145.0803159830001, -37.75404546499993], [145.07778401300004, -37.754468524999936], [145.0772370630001, -37.756041564999975], [145.0805730520001, -37.75785753499997], [145.07898311300005, -37.75824056499994], [145.074943103, -37.75694062499997], [145.07311617400012, -37.75851166499996], [145.0734582130001, -37.759573674999956], [145.07683713300003, -37.758547584999974], [145.07720914300012, -37.76013463499993], [145.06008290600005, -37.75863448399997], [145.05672220700012, -37.75714432299998], [145.05573257700007, -37.75592573299997], [145.05783534700004, -37.74732406299995], [145.05878175700002, -37.746432693999964]]]}}, {"id": "66", "type": "Feature", "properties": {"sal_name": "Highett", "suburb": "Highett"}, "geometry": {"type": "Polygon", "coordinates": [[[145.03919521900002, -37.94523253299997], [145.03931007900007, -37.94472583299995], [145.05910358500012, -37.94723563499997], [145.05708123500006, -37.95798071499996], [145.05571970500012, -37.95647076499995], [145.05316792500003, -37.95760784399994], [145.04222463700012, -37.95544231399998], [145.04207100700012, -37.95622438399994], [145.0334489490001, -37.95525135299994], [145.0323649290001, -37.95464905299997], [145.03254998900002, -37.95369685299994], [145.0307041100001, -37.95348131299994], [145.0305441700001, -37.954339232999985], [145.02968160000012, -37.954376802999946], [145.02137591100006, -37.95341284199998], [145.02190166200012, -37.947867961999975], [145.02321792200007, -37.947413841999946], [145.0221916920001, -37.946389831999966], [145.0235478520001, -37.945483001999946], [145.0238779220001, -37.94332185199994], [145.03919521900002, -37.94523253299997]]]}}, {"id": "67", "type": "Feature", "properties": {"sal_name": "Hughesdale", "suburb": "Hughesdale"}, "geometry": {"type": "Polygon", "coordinates": [[[145.074172577, -37.90812674599994], [145.07818797900006, -37.88713838599995], [145.081037938, -37.888362325999935], [145.08411400700004, -37.89179432599997], [145.08823201600012, -37.89296327599993], [145.08524054500003, -37.90949362599997], [145.074172577, -37.90812674599994]]]}}, {"id": "68", "type": "Feature", "properties": {"sal_name": "Ivanhoe (Vic.)", "suburb": "Ivanhoe"}, "geometry": {"type": "Polygon", "coordinates": [[[145.03126594100002, -37.755620851999936], [145.0449720890001, -37.75707191299995], [145.0460920490001, -37.751124662999985], [145.05638202700004, -37.75504354299994], [145.0526118670001, -37.75914830299996], [145.0539036770001, -37.76004858299996], [145.05361784600007, -37.76360905299998], [145.05102484700012, -37.76541972299998], [145.05188551600008, -37.76616635299996], [145.05193792600005, -37.768319152999936], [145.05161705600005, -37.769295822999936], [145.049650906, -37.770157832999985], [145.0490442460001, -37.77168745299997], [145.05048916600003, -37.773148522999975], [145.04939931600006, -37.774073062999946], [145.05648892400006, -37.779005853999934], [145.0591514240001, -37.77832753399997], [145.0610044540001, -37.776770443999965], [145.06278382300002, -37.77712255399996], [145.0636744630001, -37.78024054399998], [145.06323861300007, -37.78145334399994], [145.06071570300003, -37.77993734399996], [145.05550795400006, -37.78249241399993], [145.05457194400003, -37.781138382999984], [145.05338858400012, -37.78383270299997], [145.0557569240001, -37.783968423999966], [145.0549149740001, -37.78507140399995], [145.05245505400012, -37.78413845299997], [145.05145003500002, -37.78188541299994], [145.04781609600002, -37.78107241299995], [145.04772206600012, -37.77985239299994], [145.04649311600008, -37.780691402999935], [145.04495518600004, -37.78004740299997], [145.044743196, -37.78114043299996], [145.04371119600012, -37.780289412999934], [145.04020252600003, -37.784208682999974], [145.038131807, -37.78344673199996], [145.03686280700003, -37.78183059199995], [145.03802237700006, -37.78133784199997], [145.03858830700005, -37.77931924199993], [145.0344860780001, -37.77890480199994], [145.03594085800012, -37.775051711999936], [145.03410340900007, -37.772603441999934], [145.03681816800008, -37.77255817199995], [145.03682429900005, -37.77060328199997], [145.03227566900011, -37.77064144199994], [145.03077987000006, -37.76510410199995], [145.027833621, -37.76380765199997], [145.0284269010001, -37.76148731199993], [145.02993588100003, -37.76022428199997], [145.0291158010001, -37.75778624199995], [145.03216979100011, -37.75690020199994], [145.03126594100002, -37.755620851999936]]]}}, {"id": "69", "type": "Feature", "properties": {"sal_name": "Keilor", "suburb": "Keilor"}, "geometry": {"type": "Polygon", "coordinates": [[[144.83747546900008, -37.71748478799998], [144.8443607170001, -37.72408970899994], [144.84957714600012, -37.726322108999966], [144.8509739650001, -37.731257708999976], [144.84996054500004, -37.73447348899998], [144.84106863600005, -37.73367430899998], [144.8415231670001, -37.728769958999976], [144.8367299580001, -37.727792817999955], [144.83381597900006, -37.72562082799993], [144.8304214090001, -37.72458371799996], [144.8297197290001, -37.73240668799997], [144.8261962790001, -37.731023197999946], [144.82697886900007, -37.729930527999954], [144.82623697000008, -37.728552837999985], [144.82268498000008, -37.72685582699995], [144.82653105000009, -37.72465035799996], [144.82497648000003, -37.72428453699996], [144.8211636210001, -37.72088406699993], [144.8221264220001, -37.71630827699994], [144.82123410200006, -37.715340416999936], [144.81093548400008, -37.71417191599994], [144.810809854, -37.71053178599993], [144.81288772400012, -37.71025860699996], [144.806623746, -37.70434765599998], [144.801700406, -37.70442914599994], [144.80193622700006, -37.70184603599995], [144.80505022600005, -37.70214153599994], [144.81001714500007, -37.70109302599997], [144.8071060860001, -37.69896269599997], [144.81151353500002, -37.699362735999955], [144.80949512600012, -37.69755584599994], [144.81051285600006, -37.69609685599994], [144.82060294400003, -37.69234583699995], [144.82089093500008, -37.69065680699998], [144.81879791500012, -37.68737386699996], [144.820454465, -37.684248036999975], [144.8266649740001, -37.68489879699996], [144.82623584400005, -37.68743075699996], [144.83513107200008, -37.688443897999946], [144.83455762200003, -37.69179620799997], [144.83797917100003, -37.692181577999975], [144.83766939100008, -37.69393964799997], [144.84041898100008, -37.69601669799994], [144.8399689700001, -37.69859582799995], [144.8375989110001, -37.700040987999955], [144.83853806000002, -37.70132187799993], [144.84245097000007, -37.69931380799994], [144.84474199900012, -37.700434858999984], [144.84211341900004, -37.70409228799997], [144.84165599900007, -37.70879982799994], [144.84260616900008, -37.709821698999974], [144.8380451600001, -37.70931192799998], [144.84033075900004, -37.71212575799996], [144.8415644590001, -37.712572128999966], [144.8407874390001, -37.71414571799994], [144.8376811490001, -37.71597338799995], [144.83833347900008, -37.717201417999945], [144.83747546900008, -37.71748478799998]]]}}, {"id": "70", "type": "Feature", "properties": {"sal_name": "Kensington (Vic.)", "suburb": "Kensington"}, "geometry": {"type": "Polygon", "coordinates": [[[144.9363449640001, -37.791342844999974], [144.93590933300004, -37.802273164999974], [144.92719930400006, -37.79964479499995], [144.91649936600004, -37.79820110399993], [144.91293021700005, -37.79514781399996], [144.92292785600011, -37.78913446499996], [144.92131470700008, -37.78744533399998], [144.9224688370001, -37.78738965399998], [144.9378372640001, -37.788927445999946], [144.9363449640001, -37.791342844999974]]]}}, {"id": "71", "type": "Feature", "properties": {"sal_name": "Kew (Vic.)", "suburb": "Kew"}, "geometry": {"type": "Polygon", "coordinates": [[[145.04052058600007, -37.79015787299994], [145.04069435600002, -37.79129081299993], [145.03975959600007, -37.792560812999966], [145.03628815600007, -37.79528799199994], [145.0462956440001, -37.79838249299996], [145.0464297840001, -37.80113658299996], [145.0506342530001, -37.79931500299995], [145.06252602100005, -37.800779183999964], [145.05936239000005, -37.81735923399998], [145.01541274800002, -37.81213171099995], [145.01551067800006, -37.81049092099994], [145.00938779900002, -37.810387970999955], [145.0083687890001, -37.807508939999934], [145.00079687100003, -37.807205969999984], [144.999376911, -37.80564297999996], [145.0003238710001, -37.804219959999955], [145.00459480000006, -37.80532893999998], [145.00767278000012, -37.80389089999994], [144.9993138420001, -37.79750188999998], [145.00165279200007, -37.797107869999934], [145.00285777200008, -37.79576980999997], [145.00399876100005, -37.796126819999984], [145.0048387710001, -37.79808686999996], [145.00807471100006, -37.79629479999994], [145.00964166000006, -37.796530779999955], [145.00669775100005, -37.798773869999934], [145.00699180000004, -37.80089687999998], [145.01093672000002, -37.79905683099997], [145.01236467, -37.799122840999985], [145.01480370900003, -37.80009385099993], [145.01636064900003, -37.80294387099997], [145.0194766180001, -37.803646870999955], [145.02107663800007, -37.80285386099996], [145.01851859900012, -37.80022684099998], [145.02086660800012, -37.79839784099994], [145.01770862900003, -37.797292820999985], [145.0177515890001, -37.79547878099993], [145.01385964000008, -37.793592710999974], [145.01414361000002, -37.79210366099994], [145.01915453900006, -37.79286671099993], [145.01960454900006, -37.79228870099996], [145.01333652100004, -37.78558051099998], [145.0209454500001, -37.78694858099993], [145.0281954080001, -37.78688659199997], [145.0318994270001, -37.789920621999954], [145.04052058600007, -37.79015787299994]]]}}, {"id": "72", "type": "Feature", "properties": {"sal_name": "Kew East", "suburb": "Kew East"}, "geometry": {"type": "Polygon", "coordinates": [[[145.06252602100005, -37.800779183999964], [145.0506342530001, -37.79931500299995], [145.0464297840001, -37.80113658299996], [145.0462956440001, -37.79838249299996], [145.03628815600007, -37.79528799199994], [145.04069435600002, -37.79129081299993], [145.04043239600003, -37.78975453299995], [145.04172635600003, -37.78820752299998], [145.04126036600007, -37.786088502999974], [145.04313131600009, -37.786948492999954], [145.04524422600002, -37.78441547299997], [145.04485320600008, -37.783917472999974], [145.04107935600007, -37.785448472999974], [145.04010035600004, -37.78503248299995], [145.04371119600012, -37.780289412999934], [145.044743196, -37.78114043299996], [145.04495518600004, -37.78004740299997], [145.04649311600008, -37.780691402999935], [145.04772206600012, -37.77985239299994], [145.04781609600002, -37.78107241299995], [145.05145003500002, -37.78188541299994], [145.05245505400012, -37.78413845299997], [145.0548390240001, -37.78507640399994], [145.0557569240001, -37.783968423999966], [145.05338858400012, -37.78383270299997], [145.05457194400003, -37.781138382999984], [145.05550795400006, -37.78249241399993], [145.06071570300003, -37.77993734399996], [145.06307363300004, -37.78142435399997], [145.0619637430001, -37.78561338399993], [145.06330625200007, -37.78502991399995], [145.0650426620001, -37.78749235399994], [145.06252602100005, -37.800779183999964]]]}}, {"id": "73", "type": "Feature", "properties": {"sal_name": "Kingsville", "suburb": "Kingsville"}, "geometry": {"type": "Polygon", "coordinates": [[[144.8854349510001, -37.80257683199994], [144.88347151100004, -37.81281120199998], [144.8692338830001, -37.81118849099994], [144.8854349510001, -37.80257683199994]]]}}, {"id": "74", "type": "Feature", "properties": {"sal_name": "Lilydale (Vic.)", "suburb": "Lilydale"}, "geometry": {"type": "Polygon", "coordinates": [[[145.36533786600012, -37.73470850499996], [145.3740229240001, -37.73850184499997], [145.37634768400005, -37.73487445599994], [145.41330133700012, -37.73923120799998], [145.40804686500007, -37.76748714799993], [145.37502010100002, -37.76408946599997], [145.3758812100001, -37.76760378599994], [145.37422813000012, -37.769412305999936], [145.37737187000005, -37.77137985599995], [145.37795480900002, -37.772825815999965], [145.37716987900012, -37.77428787599996], [145.37499386000002, -37.77255086599996], [145.37210412000002, -37.773108814999944], [145.36961789100008, -37.77225087499994], [145.36783380100007, -37.77311798499994], [145.36596216100008, -37.77243866499998], [145.36422333200005, -37.77400089499997], [145.36305624200008, -37.77353649499997], [145.36411106100002, -37.77998341499995], [145.362075451, -37.78489355499994], [145.36092756000005, -37.79182287499998], [145.35906566000006, -37.79693061499995], [145.3557424810001, -37.79455661399993], [145.3532041310001, -37.79423074399995], [145.35347196200007, -37.786429183999985], [145.34968188300002, -37.78467273399997], [145.34510788400007, -37.784697853999944], [145.34581886400008, -37.78108885399996], [145.3435829540001, -37.780816293999976], [145.34440894500005, -37.77640874399998], [145.33038623700008, -37.775332892999984], [145.32902799800002, -37.77460714199998], [145.33000914700006, -37.774715492999974], [145.33235569700003, -37.77137130299997], [145.34093101100007, -37.72637242299993], [145.36533786600012, -37.73470850499996]]]}}, {"id": "75", "type": "Feature", "properties": {"sal_name": "Maidstone", "suburb": "Maidstone"}, "geometry": {"type": "Polygon", "coordinates": [[[144.87166427700004, -37.773803990999966], [144.88557694400004, -37.775602841999955], [144.88269176300003, -37.79077263199997], [144.87935745400011, -37.79040328199994], [144.8788757640001, -37.79114613199994], [144.86391558700006, -37.78947349099997], [144.8659463670001, -37.77791944099994], [144.86398292800004, -37.777680679999946], [144.86355598800003, -37.77649882999998], [144.8647256280001, -37.77261759999993], [144.8670636380001, -37.772080580999955], [144.87188728700005, -37.772643390999974], [144.87166427700004, -37.773803990999966]]]}}, {"id": "76", "type": "Feature", "properties": {"sal_name": "Malvern (Vic.)", "suburb": "Malvern"}, "geometry": {"type": "Polygon", "coordinates": [[[145.0298459710001, -37.84851625199997], [145.03085169100007, -37.845828291999965], [145.03001299200002, -37.845349331999955], [145.0310650020001, -37.84371631199997], [145.04029993000006, -37.84480084299997], [145.040268, -37.84563060299996], [145.04391820900003, -37.84806646299995], [145.04216350900003, -37.85042935299998], [145.040034428, -37.86445353299996], [145.03926891800006, -37.864372842999956], [145.03901892800002, -37.86566584299993], [145.0395275180001, -37.86710335299995], [145.03895691800005, -37.86702927299996], [145.0383629470001, -37.87031711299994], [145.0372949980001, -37.87024165299994], [145.0373282070001, -37.872884822999936], [145.03254032900008, -37.86838279299997], [145.0267723400001, -37.86590566199993], [145.02699422000012, -37.864325521999945], [145.02789125000004, -37.86510832199997], [145.02754734000007, -37.86135353199995], [145.02850361000003, -37.86141077199994], [145.02832651000006, -37.85830401199996], [145.0294302310001, -37.85570962199995], [145.0279039510001, -37.85511083199998], [145.02908794100006, -37.85402784199994], [145.02919357100006, -37.85191263199994], [145.02999398100008, -37.852024331999985], [145.0298459710001, -37.84851625199997]]]}}, {"id": "77", "type": "Feature", "properties": {"sal_name": "Malvern East", "suburb": "Malvern East"}, "geometry": {"type": "Polygon", "coordinates": [[[145.09209046800004, -37.871797156999946], [145.08823201600012, -37.89296327599993], [145.0859880270001, -37.89264230599997], [145.08411400700004, -37.89179432599997], [145.0804239680001, -37.88797035599998], [145.07182205000004, -37.88483049499996], [145.0628531320001, -37.884655574999954], [145.0518592640001, -37.88278265399998], [145.0459731950001, -37.87650667299994], [145.0401581970001, -37.875094832999935], [145.0386332270001, -37.87405583299994], [145.0373282070001, -37.872884822999936], [145.0372949980001, -37.87024165299994], [145.0383629470001, -37.87031711299994], [145.03969672800008, -37.86621361299996], [145.03901892800002, -37.86566584299993], [145.03926891800006, -37.864372842999956], [145.040034428, -37.86445353299996], [145.04023441800007, -37.863395742999955], [145.05787540500012, -37.865630513999974], [145.05945593400008, -37.86463554399995], [145.05996017400003, -37.866260473999944], [145.0607282840001, -37.86585883399994], [145.0616345840001, -37.867420083999946], [145.06359284300004, -37.86707132499998], [145.0641678930001, -37.868038834999936], [145.06532257300012, -37.86749540499994], [145.06874580200008, -37.87183929499997], [145.06900484200003, -37.874250304999975], [145.0730637810001, -37.87583031499997], [145.07497679000005, -37.87591930499997], [145.07987461000005, -37.87318324599994], [145.08751453900004, -37.871416195999984], [145.09089151800003, -37.87225517699994], [145.09209046800004, -37.871797156999946]]]}}, {"id": "78", "type": "Feature", "properties": {"sal_name": "Maribyrnong", "suburb": "Maribyrnong"}, "geometry": {"type": "Polygon", "coordinates": [[[144.90282917000002, -37.78900459299996], [144.88351724300003, -37.78635048199993], [144.88555497400012, -37.775568831999976], [144.87166427700004, -37.773803990999966], [144.87188728700005, -37.772643390999974], [144.8740376170001, -37.77143454099996], [144.87450762700007, -37.77016352099997], [144.8743676470001, -37.76896150099998], [144.8706236580001, -37.76638145099997], [144.87240562800002, -37.762350340999944], [144.87835753700006, -37.759078270999964], [144.8820094670001, -37.75588620199994], [144.8856504160001, -37.75642424199998], [144.88417443600008, -37.759796291999976], [144.88499641600004, -37.761626311999976], [144.88949835500011, -37.762085311999954], [144.8937253140001, -37.76572731199997], [144.89915720300007, -37.76461927299994], [144.9018552120001, -37.76583828299994], [144.90210523200005, -37.76942032299996], [144.89764424300006, -37.77123837299996], [144.89585523300002, -37.77324642299993], [144.89772118200005, -37.78035051299997], [144.90399013, -37.78456853299997], [144.90282917000002, -37.78900459299996]]]}}, {"id": "79", "type": "Feature", "properties": {"sal_name": "McKinnon", "suburb": "McKinnon"}, "geometry": {"type": "Polygon", "coordinates": [[[145.025275146, -37.90610116199997], [145.0527427410001, -37.90961594399994], [145.05248428100003, -37.91106852399997], [145.05372597000007, -37.91120905399998], [145.05339616000003, -37.91299273399994], [145.05217290000007, -37.91281705399996], [145.0518245400001, -37.91497084399998], [145.03761188300007, -37.912644832999945], [145.03728393300003, -37.91442083299995], [145.032348984, -37.913825042999974], [145.03226047400005, -37.91452502299995], [145.02874191500007, -37.91225186299994], [145.02424116500003, -37.910633271999984], [145.025275146, -37.90610116199997]]]}}, {"id": "80", "type": "Feature", "properties": {"sal_name": "Melbourne", "suburb": "Melbourne"}, "geometry": {"type": "Polygon", "coordinates": [[[144.95950997800003, -37.80628007699994], [144.9712895460001, -37.80754223799994], [144.97471795400008, -37.81587384799997], [144.98448557200004, -37.82192539899995], [144.98910304100002, -37.82310612899994], [144.9878514510001, -37.83062015899998], [144.9848589610001, -37.82833379899995], [144.9836846810001, -37.83428276899997], [144.97891435200006, -37.833662318999984], [144.97859874200003, -37.835184298999934], [144.97667982200005, -37.83493861799997], [144.97633315200005, -37.836621667999964], [144.9774261020001, -37.837148388999935], [144.98031292000007, -37.84505010899994], [144.98502930900008, -37.845674438999936], [144.9842077290001, -37.85065421899998], [144.9823555690001, -37.85042103899997], [144.9824586090001, -37.851863468999966], [144.98121914900003, -37.85177573899995], [144.98145165900007, -37.85241566899998], [144.98383212900012, -37.85279871899996], [144.98371073900012, -37.853491228999985], [144.9817558090001, -37.85325279899996], [144.98359758900006, -37.854126518999976], [144.9834999190001, -37.85467483899998], [144.98221091900007, -37.854504848999966], [144.9825777090001, -37.85551377899998], [144.97961022900006, -37.85402428899994], [144.97795659000008, -37.84950382899996], [144.9730519410001, -37.84790683799997], [144.9708039420001, -37.84574083799998], [144.97090195200008, -37.84316484799996], [144.97179492200007, -37.84158682799995], [144.97143594200008, -37.83979784799993], [144.9676697330001, -37.83736690799998], [144.97000219300003, -37.83620661799995], [144.9716969530001, -37.83424883799995], [144.971610273, -37.832323007999946], [144.9702221330001, -37.83272083799994], [144.96962598400012, -37.830882677999966], [144.9713273530001, -37.829881857999965], [144.97140437400003, -37.826867137999955], [144.96825759500007, -37.819211027999984], [144.96138866600006, -37.82050130699997], [144.95599301700008, -37.82304007699997], [144.95144128900006, -37.81315365699993], [144.95645247800007, -37.81174164699996], [144.95539875800011, -37.80947382699998], [144.955993529, -37.80586502699998], [144.95846370800007, -37.80613651699997], [144.9566414090001, -37.80215387699997], [144.95733376900012, -37.80154122699997], [144.95360778000008, -37.798498646999974], [144.95459354000002, -37.79770675699996], [144.95777052900007, -37.79806250699994], [144.9575620490001, -37.799703516999955], [144.95883570900003, -37.79984786699998], [144.95846957900005, -37.80191509699995], [144.95949234800003, -37.80413061699994], [144.95847497900002, -37.80402622699995], [144.95950997800003, -37.80628007699994]]]}}, {"id": "81", "type": "Feature", "properties": {"sal_name": "Melton (Vic.)", "suburb": "Melton"}, "geometry": {"type": "Polygon", "coordinates": [[[144.56705402900002, -37.69019979999996], [144.5703060300001, -37.672898809999936], [144.59783750500003, -37.67632279199995], [144.59821604400008, -37.677920821999976], [144.59921702400004, -37.67759681199993], [144.59967301400002, -37.67895882199997], [144.6006250040001, -37.67792282199997], [144.602103004, -37.67806682199995], [144.601921994, -37.67681681199997], [144.6051310030001, -37.67640781199998], [144.60555703400007, -37.67496981199997], [144.6047340340001, -37.67471480199998], [144.60456700400005, -37.67356681199993], [144.60625301400012, -37.67299782199996], [144.6055310040001, -37.67243781199994], [144.60552502400003, -37.670657811999945], [144.60689099400008, -37.67000981199993], [144.60692235400006, -37.66810881199996], [144.60933657400005, -37.66659882299996], [144.60965904400007, -37.66475350299993], [144.6127014330001, -37.66388698299994], [144.61234300400008, -37.66155481299995], [144.6134310340001, -37.66086482299994], [144.61127202400007, -37.65686081299998], [144.61231701400004, -37.656412812999974], [144.6117980250001, -37.65548381299993], [144.61312202400006, -37.655185822999954], [144.613280034, -37.654269812999985], [144.60824500600006, -37.65059981199994], [144.60897200600004, -37.650131821999935], [144.6085019960001, -37.64829081199997], [144.64373000900002, -37.65255380499997], [144.64357527900006, -37.654356854999946], [144.64541009900006, -37.655700174999936], [144.64659930800008, -37.65865721499995], [144.6478454180001, -37.65923180499993], [144.64656900800003, -37.66152782499995], [144.64488500800007, -37.66244880499994], [144.6449200180001, -37.666235814999936], [144.6459399270001, -37.66695196499995], [144.64430586800006, -37.66819516499993], [144.64689995700007, -37.67128389499993], [144.6429562070001, -37.67242164499993], [144.641556497, -37.67507006499994], [144.64231369700008, -37.67594130499998], [144.6432671870001, -37.67574860499997], [144.6433332470001, -37.67797127499995], [144.64012500700005, -37.679254284999956], [144.6382140180001, -37.678381824999974], [144.63912410700004, -37.68017295499993], [144.63490601800004, -37.683331813999985], [144.62448501900008, -37.682258813999965], [144.6210069980001, -37.70239482399995], [144.61470539000004, -37.69766594299995], [144.6096117410001, -37.696017222999956], [144.58998200400003, -37.69496481099998], [144.577239017, -37.69147181099993], [144.56705402900002, -37.69019979999996]]]}}, {"id": "82", "type": "Feature", "properties": {"sal_name": "Mernda", "suburb": "Mernda"}, "geometry": {"type": "Polygon", "coordinates": [[[145.06142093500011, -37.58205784299997], [145.0585029450001, -37.581749842999955], [145.06099885600008, -37.56734344299997], [145.11853664600005, -37.57363940699997], [145.11691195600008, -37.57506384599998], [145.11786693600004, -37.57546685699998], [145.117702946, -37.57680784699994], [145.11562795600003, -37.57774984599996], [145.11468092600012, -37.57713185599994], [145.11204493600007, -37.58040383599996], [145.11245793600006, -37.581380845999945], [145.11373594600002, -37.580882835999944], [145.1135649360001, -37.58223084599996], [145.11448291600004, -37.582738855999935], [145.113828946, -37.58385684599995], [145.1148739350001, -37.58519084599993], [145.11344193500008, -37.58558984599995], [145.11402396500011, -37.58609284599993], [145.11340192500006, -37.58627584599998], [145.11376094500008, -37.58809184599994], [145.11214592500005, -37.58986584599995], [145.11243194500003, -37.59040684599995], [145.11104910500012, -37.58959556599996], [145.11049693500001, -37.590711855999984], [145.10768993600004, -37.59075684599998], [145.11015894500008, -37.59444885599993], [145.10820192500012, -37.59475284599995], [145.10834397500003, -37.59582817599994], [145.10625793600002, -37.596142845999964], [145.10692095500008, -37.59814383599996], [145.105460955, -37.598978855999974], [145.10475792500006, -37.600491845999954], [145.10589395500006, -37.60247183599995], [145.10308892500007, -37.604494855999974], [145.1028099250001, -37.60702985599994], [145.1042029450001, -37.60831384599993], [145.10501196400003, -37.61230984599996], [145.1074579430001, -37.61379985599996], [145.10968093300005, -37.613643845999945], [145.10594092400004, -37.61480984599996], [145.10914292300004, -37.61565284599993], [145.10945693300005, -37.61644083599998], [145.10850895300007, -37.617110855999954], [145.04487979500004, -37.609995751999975], [145.0470322760001, -37.59511688199996], [145.05343554500007, -37.59615383199997], [145.05244956500007, -37.59469647199995], [145.05366866500003, -37.59185518199996], [145.0592305340001, -37.59407058299996], [145.06142093500011, -37.58205784299997]]]}}, {"id": "83", "type": "Feature", "properties": {"sal_name": "Middle Park (Vic.)", "suburb": "Middle Park"}, "geometry": {"type": "Polygon", "coordinates": [[[144.96031337400007, -37.84404340699996], [144.97017822100008, -37.853719627999965], [144.96828139100012, -37.85438383799993], [144.96568551100006, -37.85749390799998], [144.9633219220001, -37.85545433799996], [144.95437194400006, -37.85119670699993], [144.96031337400007, -37.84404340699996]]]}}, {"id": "84", "type": "Feature", "properties": {"sal_name": "Mont Albert", "suburb": "Mont Albert"}, "geometry": {"type": "Polygon", "coordinates": [[[145.10307098300007, -37.81076376699997], [145.11580718000005, -37.81260638799995], [145.1134934490001, -37.82492072799994], [145.10277697100003, -37.82317093699993], [145.10007988200005, -37.82385545699998], [145.10216461200002, -37.814858536999964], [145.09948632300006, -37.814511126999946], [145.09986004300004, -37.81261374699994], [145.1027117530001, -37.81201277699995], [145.10307098300007, -37.81076376699997]]]}}, {"id": "85", "type": "Feature", "properties": {"sal_name": "Moonee Ponds", "suburb": "Moonee Ponds"}, "geometry": {"type": "Polygon", "coordinates": [[[144.9162590210001, -37.756926593999935], [144.93214604800005, -37.75871994499994], [144.93400294800006, -37.75949483499994], [144.93423625700007, -37.76053999499993], [144.93642720700007, -37.76012795499997], [144.93841418700003, -37.76091095499993], [144.93787121600008, -37.76860606499997], [144.93522835600004, -37.770605124999975], [144.9383742560001, -37.77133609499998], [144.9364900160001, -37.77377781499996], [144.90095840200001, -37.77001230299993], [144.9022712420001, -37.76896529299995], [144.90158569300002, -37.76538530299996], [144.90356961200007, -37.76486938299996], [144.90397276200008, -37.763367252999956], [144.90334174300006, -37.762396552999974], [144.9048418220001, -37.762577342999975], [144.903821353, -37.759929882999984], [144.91598221100003, -37.76111854399994], [144.9166988400001, -37.76071472399997], [144.9162590210001, -37.756926593999935]]]}}, {"id": "86", "type": "Feature", "properties": {"sal_name": "Murrumbeena", "suburb": "Murrumbeena"}, "geometry": {"type": "Polygon", "coordinates": [[[145.06662715000004, -37.88909287499996], [145.065366411, -37.887845314999936], [145.066237741, -37.887831234999965], [145.06667993100007, -37.88505883499994], [145.067466071, -37.88463254499993], [145.07151104000002, -37.88474850499995], [145.07818797900006, -37.88713838599995], [145.074172577, -37.90812674599994], [145.0603576200001, -37.90648666499993], [145.06101951000005, -37.90251673499995], [145.06370185900005, -37.90285126499998], [145.06369697000002, -37.89940087499997], [145.0657348000001, -37.89390032499995], [145.0646048000001, -37.893775414999936], [145.0648470100001, -37.89248253499994], [145.06600793100006, -37.88901184499997], [145.06662715000004, -37.88909287499996]]]}}, {"id": "87", "type": "Feature", "properties": {"sal_name": "Newport (Vic.)", "suburb": "Newport"}, "geometry": {"type": "Polygon", "coordinates": [[[144.86567418100003, -37.83306816099997], [144.881992598, -37.83492954199994], [144.8844989480001, -37.837113891999934], [144.88410189800004, -37.83864974199997], [144.8924439760001, -37.83946583299996], [144.8915760760001, -37.838131972999975], [144.89709892500002, -37.83824084299994], [144.89836795500003, -37.841190892999975], [144.89715400500006, -37.84253889299998], [144.89767004500004, -37.843602902999976], [144.9011940040001, -37.84713488299997], [144.89941904400007, -37.84562487299996], [144.90072801400004, -37.84836087299993], [144.9038979930001, -37.84999485399993], [144.90078002400003, -37.84851487299994], [144.89857403400003, -37.84495290299998], [144.89722401500012, -37.844098902999974], [144.89946503400006, -37.84881588299993], [144.9055989730001, -37.85171887399997], [144.89938506400006, -37.849643872999934], [144.89753407400008, -37.84755590299994], [144.89605608500005, -37.84760189299993], [144.8952401250001, -37.848695892999956], [144.89847563400008, -37.851201612999944], [144.88840133600002, -37.85024734299998], [144.88773127600007, -37.84925726199998], [144.88628598600008, -37.851447141999984], [144.8895443350001, -37.85789256299995], [144.87470942800007, -37.849118971999985], [144.8711499090001, -37.84946033099993], [144.8630519500001, -37.84851783099998], [144.8633683700001, -37.84665201099995], [144.86099094100007, -37.84639582099993], [144.86157395100008, -37.84277384099994], [144.86398095100003, -37.84303609099993], [144.86567418100003, -37.83306816099997]]]}}, {"id": "88", "type": "Feature", "properties": {"sal_name": "Noble Park", "suburb": "Noble Park"}, "geometry": {"type": "Polygon", "coordinates": [[[145.17265404600005, -37.947528982999984], [145.19508383900006, -37.967530403999945], [145.1931848490001, -37.97796348399993], [145.19644787800007, -37.97875885399998], [145.1969465080001, -37.98040609499998], [145.19408387800001, -37.98319185399998], [145.192598878, -37.98301285399998], [145.19185588900007, -37.98019186399995], [145.19059188900007, -37.98235786399994], [145.18432926000003, -37.981820493999976], [145.1829628800001, -37.984429863999935], [145.1762858610001, -37.98314784299998], [145.1760719010001, -37.984234852999975], [145.17034928200007, -37.98368475299998], [145.170545542, -37.98197243299995], [145.16875485200012, -37.98293985299995], [145.16549887300005, -37.97995186199995], [145.16429543300012, -37.98121450199994], [145.1585919040001, -37.98116185199996], [145.1591739050001, -37.97812985199994], [145.15839564500004, -37.97803548199994], [145.15862410500006, -37.97680325199997], [145.15973848500005, -37.975974691999966], [145.16127188400003, -37.97614286199996], [145.16140532400004, -37.97544515199996], [145.1595359050001, -37.97451186199993], [145.16065390500012, -37.96989583199996], [145.1600592850001, -37.96982324199996], [145.16022597500012, -37.96892469199997], [145.16098948500007, -37.96817540199993], [145.16000318600004, -37.96719550199998], [145.16181591500003, -37.96645785199996], [145.16199589500002, -37.965533851999965], [145.16071387600005, -37.96489386199994], [145.16098791600007, -37.96347985199998], [145.16248295600008, -37.96366660199993], [145.16290237600003, -37.96149267199996], [145.1623658960001, -37.96071485199997], [145.16371070600007, -37.95726079199994], [145.162687096, -37.95648435199996], [145.16996286500012, -37.957179862999965], [145.17161788600004, -37.948410862999935], [145.17265404600005, -37.947528982999984]]]}}, {"id": "89", "type": "Feature", "properties": {"sal_name": "North Melbourne", "suburb": "North Melbourne"}, "geometry": {"type": "Polygon", "coordinates": [[[144.94036806300005, -37.78760599599997], [144.95733376900012, -37.80154122699997], [144.9566414090001, -37.80215387699997], [144.95846370800007, -37.80613651699997], [144.9420821010001, -37.80435505599996], [144.9410419610001, -37.80537298599995], [144.93590933300004, -37.802273164999974], [144.93549400300003, -37.796749544999955], [144.93672095400007, -37.79038084499996], [144.94036806300005, -37.78760599599997]]]}}, {"id": "90", "type": "Feature", "properties": {"sal_name": "Northcote", "suburb": "Northcote"}, "geometry": {"type": "Polygon", "coordinates": [[[145.00181683300002, -37.78305388999996], [144.999523973, -37.78512379999995], [144.99782978400003, -37.785617799999955], [144.99202085500008, -37.78251784899993], [144.99200789500003, -37.78046286899996], [144.99011106600005, -37.779646828999944], [144.98859795600004, -37.77515079899996], [144.98711298700005, -37.77464787899993], [144.9844590780001, -37.77122283899996], [144.98448498800008, -37.76732186899994], [144.98557181800004, -37.766195798999945], [144.98383806800007, -37.763966858999936], [144.981462759, -37.76281782799998], [144.9831670090001, -37.761549817999935], [144.98095282000008, -37.75888461799997], [144.98590476900006, -37.75960650899998], [144.98567375800008, -37.76076587899996], [144.98645321800007, -37.761230428999966], [144.99278067700004, -37.76169454899997], [144.99335894700005, -37.762440838999964], [144.99622627600002, -37.762778398999956], [144.9963754160001, -37.76220745899997], [144.9999192360001, -37.76268471999998], [144.99982418600007, -37.76324698999997], [145.01704160300005, -37.76511760099993], [145.01671251200003, -37.76708914099993], [145.017802662, -37.76720470099997], [145.01607807200003, -37.77405345099993], [145.0155666720001, -37.773996100999966], [145.01473757200006, -37.77862769099994], [145.01585969100006, -37.77876268099993], [145.0152095210001, -37.77916273099993], [145.01431099100012, -37.78382058099993], [145.0042340430001, -37.78435583999993], [145.00181683300002, -37.78305388999996]]]}}, {"id": "91", "type": "Feature", "properties": {"sal_name": "Oak Park", "suburb": "Oak Park"}, "geometry": {"type": "Polygon", "coordinates": [[[144.92893894300005, -37.72166383499996], [144.92332787400005, -37.72087441399998], [144.92122795400007, -37.72129731399997], [144.92235751300007, -37.72437304399995], [144.91952095400006, -37.72502184399997], [144.9169431040001, -37.723640683999974], [144.91459440500012, -37.723805133999974], [144.9124712350001, -37.72091260299993], [144.91126724600008, -37.72092261299997], [144.91069726600006, -37.72191262299998], [144.9095363460001, -37.72085458299995], [144.90932636600007, -37.71939253299996], [144.9106143360001, -37.718581522999955], [144.909365416, -37.71736147299998], [144.9056225270001, -37.71723743299998], [144.90461658700008, -37.71574542299993], [144.90348055700008, -37.716923462999944], [144.90231752800003, -37.71667749299996], [144.90299554800004, -37.71442441299996], [144.9012145680001, -37.712300392999964], [144.9173647550001, -37.713635963999934], [144.91710097600003, -37.711951073999955], [144.91944295500002, -37.71148583399997], [144.9206716550001, -37.71531213399993], [144.92397476400004, -37.71497608399994], [144.92311109500008, -37.71212164399998], [144.92376054500005, -37.71198798399996], [144.92724753400012, -37.71345939399998], [144.92687997400003, -37.71540176399998], [144.9299469230001, -37.71620346499998], [144.92921915300008, -37.71684785399998], [144.92893894300005, -37.72166383499996]]]}}, {"id": "92", "type": "Feature", "properties": {"sal_name": "Oakleigh", "suburb": "Oakleigh"}, "geometry": {"type": "Polygon", "coordinates": [[[145.08524054500003, -37.90949362599997], [145.0892379170001, -37.887760336999975], [145.09082456600004, -37.88954312699997], [145.09143265600005, -37.889615686999946], [145.09156391600004, -37.88871984699995], [145.09526581500006, -37.89109224699996], [145.09788728500007, -37.89059992699998], [145.10106416400004, -37.89159934699995], [145.10377936400005, -37.890902867999955], [145.106892893, -37.89313810799996], [145.106153983, -37.897001167999974], [145.09803401400006, -37.89624147699993], [145.10547373200006, -37.90080746799998], [145.103399802, -37.91158288799994], [145.08524054500003, -37.90949362599997]]]}}, {"id": "93", "type": "Feature", "properties": {"sal_name": "Ormond", "suburb": "Ormond"}, "geometry": {"type": "Polygon", "coordinates": [[[145.04469602300003, -37.90051109399997], [145.0546932210001, -37.90172149399996], [145.053276621, -37.90661668399997], [145.053865921, -37.90691884399996], [145.05312314000003, -37.911140873999955], [145.05248428100003, -37.91106852399997], [145.0527427410001, -37.90961594399994], [145.04939361100003, -37.90876505399996], [145.025275146, -37.90610116199997], [145.0259936860001, -37.90215213199997], [145.03489197400006, -37.903275932999975], [145.03614495500005, -37.89679485299996], [145.04515504300002, -37.89818475399994], [145.04469602300003, -37.90051109399997]]]}}, {"id": "94", "type": "Feature", "properties": {"sal_name": "Pakenham", "suburb": "Pakenham"}, "geometry": {"type": "Polygon", "coordinates": [[[145.5032938180001, -38.12255487699997], [145.4842397220001, -38.12011498499993], [145.48367992200008, -38.12223889499995], [145.4799241820001, -38.12177103499994], [145.47880626200003, -38.12684680499996], [145.4754347930001, -38.12640687499993], [145.47586082300006, -38.12429587499997], [145.47419481300005, -38.124066884999934], [145.47428880300004, -38.12332688499998], [145.46446483500006, -38.121994883999946], [145.46429182500003, -38.12281088399993], [145.4537278470001, -38.12194887299995], [145.4530188770001, -38.12374461299993], [145.45088862800003, -38.115591052999946], [145.45366097800002, -38.11576088299995], [145.45574680700008, -38.11444192299996], [145.4560027880001, -38.110510912999985], [145.45555492800008, -38.108999892999975], [145.45095775900006, -38.10542689299996], [145.4487707510001, -38.096984892999956], [145.4519347910001, -38.090198802999964], [145.45219481100003, -38.08781687299995], [145.4322478250001, -38.087433861999955], [145.43825882700003, -38.05837288199996], [145.44134777700003, -38.056528741999955], [145.44197590700003, -38.05149676199994], [145.43242379900005, -38.05019688099998], [145.43419882900002, -38.04241787099994], [145.43409083000006, -38.038708880999934], [145.43187783000008, -38.03634387099993], [145.43080999100005, -38.033085520999975], [145.43430982100006, -38.03187087099997], [145.43539384100006, -38.02918587099998], [145.43520681100006, -38.027293880999935], [145.431804832, -38.024674870999945], [145.432981852, -38.02449486099994], [145.43329283200012, -38.02073687099994], [145.43844991100002, -38.02235014199994], [145.442285, -38.02614194199998], [145.44406696900012, -38.026437311999985], [145.447303389, -38.025012971999956], [145.44544181000003, -38.02317387199997], [145.4490838590001, -38.020857871999965], [145.45125585900007, -38.02097587299994], [145.45180974900006, -38.01785566299998], [145.4603768070001, -38.01837421299996], [145.4654286660001, -38.022336913999936], [145.4679177060001, -38.021275903999936], [145.47420760500006, -38.01579994399998], [145.48032182400004, -38.015243864999945], [145.4859398330001, -38.01588387499993], [145.48468883300006, -38.02060886499993], [145.49021384200012, -38.02120688499997], [145.4888068020001, -38.02734888499998], [145.49279982100006, -38.02804487599997], [145.49456482000005, -38.02945888599993], [145.4976988190001, -38.03358088599998], [145.49817882900004, -38.03641787599997], [145.50492081700008, -38.03951686599993], [145.5044587970001, -38.041066875999945], [145.5138408250001, -38.04220086699996], [145.51413983600003, -38.04089587699997], [145.51642885500007, -38.04119825699996], [145.51822882600004, -38.03294287699998], [145.5252613440001, -38.034270377999974], [145.5331064730001, -38.033107117999975], [145.53577842200002, -38.035421938999946], [145.53602782200005, -38.03955187899993], [145.52877283300006, -38.03856887799998], [145.52670481300004, -38.04809986799995], [145.5305538120001, -38.048640887999966], [145.52732991100004, -38.06412181799993], [145.52184713100007, -38.065161057999944], [145.51995968100005, -38.073772917999975], [145.53056920900008, -38.07511634799994], [145.5285125480001, -38.08477846799997], [145.53598098700002, -38.085772918999965], [145.53406579600005, -38.09502687899993], [145.54479927400007, -38.096421229999976], [145.53955013200004, -38.12207500899996], [145.52098981500012, -38.12646586799997], [145.5213548150001, -38.124729867999974], [145.51382380600012, -38.12362687799998], [145.5136958060001, -38.12241087799998], [145.51239881700008, -38.121822866999935], [145.50583983800004, -38.12152387699996], [145.5032938180001, -38.12255487699997]]]}}, {"id": "95", "type": "Feature", "properties": {"sal_name": "Parkville (Vic.)", "suburb": "Parkville"}, "geometry": {"type": "Polygon", "coordinates": [[[144.96023969100008, -37.778031056999964], [144.95876406000002, -37.78986596699997], [144.96078188900003, -37.79158056699998], [144.96376590900002, -37.79247929699994], [144.96489700900008, -37.793921746999956], [144.9639815580001, -37.80041370699996], [144.9575620490001, -37.799703516999955], [144.95777052900007, -37.79806250699994], [144.95459354000002, -37.79770675699996], [144.95360778000008, -37.798498646999974], [144.94088213300006, -37.78835207599997], [144.93993284400005, -37.787002005999966], [144.9387391140001, -37.78084400599994], [144.93682840500003, -37.777091164999945], [144.93643136600008, -37.773853144999975], [144.93727856500004, -37.77401824499998], [144.9376756150001, -37.77716732499994], [144.93877469500012, -37.775434935999954], [144.96023969100008, -37.778031056999964]]]}}, {"id": "96", "type": "Feature", "properties": {"sal_name": "Pascoe Vale", "suburb": "Pascoe Vale"}, "geometry": {"type": "Polygon", "coordinates": [[[144.9364449420001, -37.713707134999936], [144.94866215000002, -37.71524603599994], [144.94909095000003, -37.716054835999955], [144.95211150900002, -37.715645655999936], [144.95195203900005, -37.71999783599995], [144.95119218900004, -37.72129488599995], [144.9516247790001, -37.72237264599994], [144.9508044790001, -37.72368312599997], [144.95179793800003, -37.72507784599998], [144.95095230800007, -37.725511135999966], [144.9507789280001, -37.727529835999974], [144.9520349280001, -37.72767483599995], [144.95168000800004, -37.730109495999955], [144.95030293800005, -37.72997582599993], [144.95027216800008, -37.73130618599998], [144.9496529380001, -37.73124583599997], [144.94956044700007, -37.73604421599998], [144.93120796100004, -37.73336783499997], [144.9311067110001, -37.73390865499994], [144.92879089100006, -37.733612284999936], [144.92907731100001, -37.735269624999944], [144.9285659410001, -37.73527283499993], [144.92432402200006, -37.73238782399994], [144.92546896200008, -37.730287793999935], [144.92476195200004, -37.72897077399995], [144.9225520230001, -37.72881878399994], [144.92179202300008, -37.72674574399997], [144.91952095400006, -37.72502184399997], [144.92235751300007, -37.72437304399995], [144.92122795400007, -37.72129731399997], [144.92332787400005, -37.72087441399998], [144.92893894300005, -37.72166383499996], [144.92921915300008, -37.71684785399998], [144.9299469230001, -37.71620346499998], [144.92911903300012, -37.715684833999944], [144.93348020200006, -37.716236134999974], [144.93377957200005, -37.71473822499996], [144.9364171320001, -37.71504271499998], [144.9364449420001, -37.713707134999936]]]}}, {"id": "97", "type": "Feature", "properties": {"sal_name": "Point Cook", "suburb": "Point Cook"}, "geometry": {"type": "Polygon", "coordinates": [[[144.79673835500012, -37.91218122699996], [144.7971674040001, -37.91879429699998], [144.79922345300008, -37.92305931699997], [144.79608350400008, -37.923847326999976], [144.79347360400004, -37.92703337699993], [144.7813737560001, -37.92762641599995], [144.77460088700002, -37.92889442499995], [144.76953701800005, -37.93120446499995], [144.761034418, -37.93733362399996], [144.75365168000008, -37.93913870399996], [144.74404393100008, -37.93925275299995], [144.74049602200012, -37.94126581299997], [144.7427709530001, -37.92880182299996], [144.72830772500004, -37.92707043199994], [144.72525982600007, -37.92378181199996], [144.71782653800005, -37.919436530999974], [144.71563302900006, -37.91693282099993], [144.7152889790001, -37.91539981099993], [144.71354398900007, -37.91485482099995], [144.71686676100012, -37.896111890999975], [144.71451820100003, -37.89601850099996], [144.7120480210001, -37.897669260999976], [144.70998345200007, -37.89582115099995], [144.7095360730001, -37.88354651099996], [144.71121766300007, -37.88099520099996], [144.7142301230001, -37.87924721099995], [144.75130615700004, -37.86981467299995], [144.75480500700007, -37.869553853999946], [144.75355411600003, -37.87647260399996], [144.752391557, -37.87645047299998], [144.75143799600005, -37.88239091299994], [144.75246798600006, -37.88250791399997], [144.7517159460001, -37.88665007399993], [144.75600589500004, -37.88712700399998], [144.75585102500008, -37.88796731399998], [144.7623877730001, -37.888655093999944], [144.7633307540001, -37.883574893999935], [144.76669594300006, -37.88393189399994], [144.76779769300003, -37.88487095499994], [144.7702236330001, -37.88399791499995], [144.7727876020001, -37.88494796499998], [144.775340851, -37.88774078499995], [144.7777835400001, -37.89233211499993], [144.78077753000002, -37.894128095999974], [144.78039752900008, -37.89880716599998], [144.78266347900012, -37.89985014599995], [144.78646845800006, -37.90002111599995], [144.7891004380001, -37.898701105999976], [144.7916863470001, -37.89855109599995], [144.79735224600006, -37.89963909699998], [144.7997871660001, -37.89881107699995], [144.79981917600003, -37.896964056999934], [144.80124416600006, -37.89494501699994], [144.80450861600002, -37.89433708699994], [144.80220116600003, -37.89793705699998], [144.8010011560001, -37.89853607699996], [144.8013101560001, -37.899236076999955], [144.79795628500005, -37.905292146999955], [144.79748532500003, -37.90737418699996], [144.79823729500004, -37.90769418699995], [144.79673835500012, -37.91218122699996]]]}}, {"id": "98", "type": "Feature", "properties": {"sal_name": "Port Melbourne", "suburb": "Port Melbourne"}, "geometry": {"type": "Polygon", "coordinates": [[[144.93979292900008, -37.825452825999946], [144.9414489390001, -37.82578483599997], [144.94081394900002, -37.82633583599994], [144.94976272700012, -37.83408507699994], [144.945580037, -37.84303260599995], [144.942701617, -37.846086285999945], [144.93400205900002, -37.84219384599993], [144.93336465900006, -37.84382528599997], [144.93189735900012, -37.843285814999945], [144.93001341900003, -37.847352684999976], [144.93128149900008, -37.843004184999984], [144.93073600900004, -37.84229667499994], [144.92717072000005, -37.84131404499993], [144.9258554800001, -37.845111704999965], [144.92524549000007, -37.84497471499998], [144.92691843000011, -37.84002169499996], [144.9185305520001, -37.839674774999935], [144.91333773200006, -37.84206980399995], [144.91732877100003, -37.84745040399997], [144.91264439100007, -37.84998580399997], [144.90630617300008, -37.84168131399997], [144.906486394, -37.83936294399996], [144.90297686400004, -37.83945135299996], [144.90721891200008, -37.84951283399994], [144.89917110500005, -37.84038279299995], [144.89836795500003, -37.841190892999975], [144.8976589450001, -37.839730922999934], [144.8974057060001, -37.831398932999946], [144.899649586, -37.82791693299998], [144.90556845600008, -37.82287487399998], [144.90703889500003, -37.82329584399997], [144.9128737850001, -37.82102883399995], [144.92037665300006, -37.82001752499997], [144.920626383, -37.82079852499993], [144.92855287200007, -37.821163844999944], [144.93785792000006, -37.82308383599997], [144.93979292900008, -37.825452825999946]]]}}, {"id": "99", "type": "Feature", "properties": {"sal_name": "Prahran", "suburb": "Prahran"}, "geometry": {"type": "Polygon", "coordinates": [[[145.00137221500006, -37.85899129999996], [145.0024449860001, -37.85307837999994], [144.9842077290001, -37.85065421899998], [144.98502930900008, -37.845674438999936], [145.01232305400003, -37.84926975099995], [145.0119295840001, -37.85186941099994], [145.01123491400006, -37.85220685099995], [145.0115008140001, -37.854677600999935], [145.0103649340001, -37.855274830999974], [145.01037282400011, -37.85756378099995], [145.0109791640001, -37.857642820999956], [145.00989394400005, -37.85835984099998], [145.01013396300004, -37.86015965099995], [145.00137221500006, -37.85899129999996]]]}}, {"id": "100", "type": "Feature", "properties": {"sal_name": "Preston (Vic.)", "suburb": "Preston"}, "geometry": {"type": "Polygon", "coordinates": [[[145.0046603280001, -37.73074268999994], [145.00472361900006, -37.72964536999996], [145.01000180800008, -37.73064789999995], [145.01034990800008, -37.72942397999998], [145.0116156570001, -37.729597799999965], [145.0114025370001, -37.73081498999994], [145.01370604700003, -37.73107163999998], [145.0149377470001, -37.73022918999993], [145.01446291700006, -37.731142869999985], [145.031216964, -37.73293876199995], [145.03136996400008, -37.73213615199995], [145.03785693200007, -37.73290185199994], [145.03768833200002, -37.73489496199994], [145.03397135300008, -37.73513902199994], [145.03379842300012, -37.73654204199994], [145.03199641300012, -37.737747071999934], [145.03303447200005, -37.741378071999975], [145.03509855200002, -37.74358406199997], [145.03338757200004, -37.74562809199995], [145.0352886820001, -37.74578704199996], [145.03610157100002, -37.746845081999936], [145.03147965200003, -37.75082313199994], [145.03180369100005, -37.752721141999984], [145.03061693100005, -37.75469283199993], [145.03137394100008, -37.755718841999965], [144.98084682, -37.75025784799993], [144.9813912510001, -37.74876735799995], [144.9801577710001, -37.74629184799994], [144.98202186100002, -37.745502827999985], [144.9789730220001, -37.74272180799994], [144.97979168100005, -37.742741887999955], [144.98297623200006, -37.73576932799995], [144.9842196720001, -37.72790575799996], [145.0046603280001, -37.73074268999994]]]}}, {"id": "101", "type": "Feature", "properties": {"sal_name": "Princes Hill", "suburb": "Princes Hill"}, "geometry": {"type": "Polygon", "coordinates": [[[144.96147882100001, -37.77818244699995], [144.97053173900008, -37.77927594799996], [144.96952338900007, -37.78560664799994], [144.96359287000007, -37.78499094699998], [144.96400481000012, -37.78241692699993], [144.96147882100001, -37.77818244699995]]]}}, {"id": "102", "type": "Feature", "properties": {"sal_name": "Reservoir (Vic.)", "suburb": "Reservoir"}, "geometry": {"type": "Polygon", "coordinates": [[[145.0220903170001, -37.71516373099996], [145.025131277, -37.715973590999965], [145.03165722500012, -37.72196034199993], [145.0346698940001, -37.72082812199994], [145.03489652400003, -37.72315845199995], [145.036142594, -37.72340719199997], [145.0380785530001, -37.72672555199995], [145.03892597300012, -37.72692096199995], [145.03836022300004, -37.72838091199998], [145.03938423300008, -37.72825391199996], [145.040309212, -37.729323911999984], [145.04032630200004, -37.73039691199995], [145.0382572630001, -37.73012792199995], [145.0401932520001, -37.73201592199996], [145.04000429200005, -37.73272493199994], [145.03827434200002, -37.73375993199994], [145.03785693200007, -37.73290185199994], [145.03222691400003, -37.73222434199994], [145.03136996400008, -37.73213615199995], [145.031216964, -37.73293876199995], [145.01446291700006, -37.731142869999985], [145.0152285370001, -37.730581969999946], [145.0149377470001, -37.73022918999993], [145.01370604700003, -37.73107163999998], [145.0114025370001, -37.73081498999994], [145.0116156570001, -37.729597799999965], [145.01034990800008, -37.72942397999998], [145.01000180800008, -37.73064789999995], [145.00472361900006, -37.72964536999996], [145.0046603280001, -37.73074268999994], [144.98432045200002, -37.72797261799997], [144.985273763, -37.72135627799997], [144.9786154640001, -37.72141225799993], [144.97819396400007, -37.72035312799994], [144.9794385040001, -37.71971125799996], [144.9781163350001, -37.71668579799996], [144.98046415400006, -37.71613103799996], [144.98086879400012, -37.71460482799995], [144.97702454500006, -37.713637037999945], [144.97901408500002, -37.71247578799995], [144.97719795500007, -37.71001482799994], [144.97877106500005, -37.70800413799998], [144.98082813500002, -37.70734884799998], [144.9784942860001, -37.704798567999944], [144.9825020950001, -37.70322784799998], [144.981071046, -37.70115158799996], [144.9794409960001, -37.70029265799997], [144.98062822600002, -37.69779039799994], [144.9786573770001, -37.69709141799996], [144.97871635700005, -37.694320887999936], [144.9772265370001, -37.694001657999934], [144.9759775770001, -37.69500033799994], [144.9729095780001, -37.69251824699995], [144.97060477800005, -37.69274402699995], [144.9703560690001, -37.692193836999934], [144.97206678800012, -37.69098585699993], [145.04081178600006, -37.69826039199995], [145.0403429060001, -37.69903384199995], [145.03777195600003, -37.69882485199997], [145.03475793600012, -37.70210284199993], [145.03608992600005, -37.70327684199998], [145.03496894600005, -37.70359785199997], [145.03517491600007, -37.70546083199997], [145.03370293600005, -37.70631283199998], [145.03542110600006, -37.70897519199997], [145.03402194500006, -37.71202883199993], [145.03171493600007, -37.71132384099997], [145.02685838700006, -37.71177714099997], [145.02540594700008, -37.712521840999955], [145.02572192700006, -37.71384084099998], [145.0220903170001, -37.71516373099996]]]}}, {"id": "103", "type": "Feature", "properties": {"sal_name": "Richmond (Vic.)", "suburb": "Richmond"}, "geometry": {"type": "Polygon", "coordinates": [[[144.99661969900012, -37.83400038999997], [144.99793420900005, -37.82567266999996], [144.9888493210001, -37.82461614899995], [144.99135698200007, -37.809718078999936], [145.01541274800002, -37.81213171099995], [145.0144158170001, -37.81649193099997], [145.01687701600008, -37.82541889099997], [145.01340772700007, -37.825087130999975], [145.01299399700008, -37.827415180999935], [145.00697500800004, -37.82728270999996], [145.0061650670001, -37.83147805999994], [145.0038402780001, -37.83156], [145.00390327700006, -37.83440697999998], [145.0006952880001, -37.833451009999976], [144.99661969900012, -37.83400038999997]]]}}, {"id": "104", "type": "Feature", "properties": {"sal_name": "Ringwood (Vic.)", "suburb": "Ringwood"}, "geometry": {"type": "Polygon", "coordinates": [[[145.23743387800005, -37.822880865999934], [145.23683411800005, -37.82673543599998], [145.22956634900004, -37.82636460599997], [145.2276995190001, -37.82701384599994], [145.2277768990001, -37.82948484599996], [145.2294458990001, -37.82948784599995], [145.22944687900008, -37.83043685599995], [145.22760789900008, -37.83066485599994], [145.22812988900012, -37.83193486599998], [145.22735750900006, -37.83237120599995], [145.22887389800007, -37.83289286599995], [145.22892412800002, -37.83885732599998], [145.22678365800004, -37.83929597599996], [145.22274299900005, -37.83785750499993], [145.21661870000003, -37.83817268499996], [145.21672236100005, -37.832372274999955], [145.21335206100002, -37.832374794999964], [145.21371429400006, -37.810706624999966], [145.21629688300004, -37.810249864999946], [145.22071692300005, -37.80758636499996], [145.23011943100005, -37.80469682599994], [145.2382345110001, -37.796616995999955], [145.24749551000002, -37.79007100699994], [145.24922317100004, -37.78048293699993], [145.26439697800004, -37.78241370799998], [145.26395700800003, -37.78472728799994], [145.2616008980001, -37.78503184799996], [145.25769787800004, -37.78858184799998], [145.2573739080001, -37.79073985799994], [145.2541648980001, -37.79498284699997], [145.2552392780001, -37.79612777699998], [145.25636595800006, -37.795322547999945], [145.2568915180001, -37.795790057999966], [145.2541309180001, -37.79779623699994], [145.25457022800003, -37.798622096999964], [145.24754054900006, -37.80280024699994], [145.24753981800006, -37.80401697699995], [145.24627564900004, -37.804593326999964], [145.24664783800006, -37.80511517699995], [145.24554651900007, -37.80511169699997], [145.2428198990001, -37.80795284699997], [145.2419272190001, -37.80737483699994], [145.2412311590001, -37.80792881699995], [145.24205178900002, -37.808753026999966], [145.24073088900002, -37.809780856999964], [145.23755703900008, -37.81095550599997], [145.2386549890001, -37.811189515999956], [145.23786666900003, -37.81251146599993], [145.24143690900007, -37.81231984699997], [145.2408568180001, -37.82152731699995], [145.2415444070001, -37.82278609699995], [145.23743387800005, -37.822880865999934]]]}}, {"id": "105", "type": "Feature", "properties": {"sal_name": "Ripponlea", "suburb": "Ripponlea"}, "geometry": {"type": "Polygon", "coordinates": [[[144.99510395400011, -37.875624039999934], [144.9981849940001, -37.87599925999996], [144.9967511630001, -37.88348830999996], [144.99116082500007, -37.87451066999995], [144.9944670750001, -37.87435260999996], [144.99510395400011, -37.875624039999934]]]}}, {"id": "106", "type": "Feature", "properties": {"sal_name": "Rosanna", "suburb": "Rosanna"}, "geometry": {"type": "Polygon", "coordinates": [[[145.0762313460001, -37.73315410499998], [145.07876498500002, -37.73342904499998], [145.07841115500003, -37.73520970499993], [145.07981896500007, -37.73440388499995], [145.08036182500007, -37.73500339499998], [145.08071693400007, -37.740160844999934], [145.08381600300004, -37.743336634999935], [145.08064422400003, -37.742387804999964], [145.07925470300006, -37.74995515499995], [145.07871388400008, -37.74989388499995], [145.0789932240001, -37.74833886499994], [145.05878175700002, -37.746432693999964], [145.05783534700004, -37.74732406299995], [145.06085323900004, -37.72970845399993], [145.0695630470001, -37.73023613399994], [145.072250907, -37.731020583999964], [145.0719270070001, -37.73322789399998], [145.07525763600006, -37.73262078499994], [145.07532701600007, -37.73172508499994], [145.07649341600006, -37.73184037499993], [145.0762313460001, -37.73315410499998]]]}}, {"id": "107", "type": "Feature", "properties": {"sal_name": "Sandringham (Vic.)", "suburb": "Sandringham"}, "geometry": {"type": "Polygon", "coordinates": [[[145.0280596890001, -37.96317312299993], [145.02199996000002, -37.962466441999936], [145.0221329200001, -37.96183885199997], [145.02001790100007, -37.96141685199996], [145.01777092100008, -37.962382841999954], [145.0103302120001, -37.961364731999936], [145.002642185, -37.95207573099998], [144.99827715600009, -37.94809573099997], [144.99571083600006, -37.94677889999997], [144.99487016700004, -37.94503063999997], [145.001260956, -37.94433785099994], [145.01732474300002, -37.94619110199994], [145.0173029230001, -37.94697883199996], [145.01741179300006, -37.946329341999956], [145.02038063200007, -37.94707476199994], [145.02056343200002, -37.946183221999945], [145.0221916920001, -37.946389831999966], [145.02321792200007, -37.947413841999946], [145.02190166200012, -37.947867961999975], [145.02137591100006, -37.95341284199998], [145.0305441700001, -37.954339232999985], [145.03044971000008, -37.95490518299994], [145.03179027900012, -37.955062692999945], [145.0311956590001, -37.96083125299998], [145.02861196900005, -37.960527852999974], [145.0280596890001, -37.96317312299993]]]}}, {"id": "108", "type": "Feature", "properties": {"sal_name": "Seddon (Vic.)", "suburb": "Seddon"}, "geometry": {"type": "Polygon", "coordinates": [[[144.8854349510001, -37.80257683199994], [144.89741395900012, -37.803967532999934], [144.89710615900003, -37.805668982999975], [144.90023708800004, -37.80694409299997], [144.89849296800003, -37.81073983299996], [144.89076063000005, -37.809288651999964], [144.88978988000008, -37.810195171999965], [144.88416848100007, -37.809202651999954], [144.8854349510001, -37.80257683199994]]]}}, {"id": "109", "type": "Feature", "properties": {"sal_name": "South Melbourne", "suburb": "South Melbourne"}, "geometry": {"type": "Polygon", "coordinates": [[[144.9657207040001, -37.83803199799996], [144.95920899400005, -37.84215623699998], [144.95691474500006, -37.83722415699998], [144.95240754600002, -37.838543286999936], [144.95185278600002, -37.83992371699998], [144.94707018600002, -37.841309785999954], [144.9465359070001, -37.84099941599993], [144.94976272700012, -37.83408507699994], [144.94081394900002, -37.82633583599994], [144.9414489390001, -37.82578483599997], [144.94703095800003, -37.82661882599996], [144.94959883700005, -37.83015663699996], [144.95276977700007, -37.82821606699997], [144.95407505600008, -37.83106680699996], [144.962795335, -37.828566216999945], [144.96585100400011, -37.83146901799995], [144.97041726400005, -37.83014574799995], [144.96962598400012, -37.830882677999966], [144.96986465400005, -37.83186518799994], [144.9702221330001, -37.83272083799994], [144.971610273, -37.832323007999946], [144.9716969530001, -37.83424883799995], [144.96956010300005, -37.83652269799995], [144.9657207040001, -37.83803199799996]]]}}, {"id": "110", "type": "Feature", "properties": {"sal_name": "South Wharf", "suburb": "South Wharf"}, "geometry": {"type": "Polygon", "coordinates": [[[144.947975938, -37.82522183599997], [144.9479409380001, -37.82337492599993], [144.953330047, -37.82369124699994], [144.95599301700008, -37.82304007699997], [144.9569770160001, -37.82517649699997], [144.952977937, -37.827590836999946], [144.94687892800005, -37.826582825999935], [144.947975938, -37.82522183599997]]]}}, {"id": "111", "type": "Feature", "properties": {"sal_name": "South Yarra", "suburb": "South Yarra"}, "geometry": {"type": "Polygon", "coordinates": [[[145.00037430800012, -37.833515019999936], [145.00390327700006, -37.83440697999998], [145.0038402780001, -37.83156], [145.0064482370001, -37.831562959999985], [145.0031923560001, -37.848089509999966], [144.98031292000007, -37.84505010899994], [144.9774261020001, -37.837148388999935], [144.97633315200005, -37.836621667999964], [144.97667982200005, -37.83493861799997], [144.97859874200003, -37.835184298999934], [144.97891435200006, -37.833662318999984], [144.9836846810001, -37.83428276899997], [144.9848589610001, -37.82833379899995], [144.9878514510001, -37.83062015899998], [144.98793577100002, -37.829608948999976], [144.99137899000004, -37.83313941899996], [144.99669240900005, -37.83428903999993], [145.00037430800012, -37.833515019999936]]]}}, {"id": "112", "type": "Feature", "properties": {"sal_name": "Southbank", "suburb": "Southbank"}, "geometry": {"type": "Polygon", "coordinates": [[[144.96138866600006, -37.82050130699997], [144.96825759500007, -37.819211027999984], [144.97115631400004, -37.82564115799994], [144.9713273530001, -37.829881857999965], [144.96585100400011, -37.83146901799995], [144.962795335, -37.828566216999945], [144.95407505600008, -37.83106680699996], [144.95276977700007, -37.82821606699997], [144.94959883700005, -37.83015663699996], [144.94698795800002, -37.82733283599998], [144.94703095800003, -37.82661882599996], [144.95310955700006, -37.82754960699998], [144.9569770160001, -37.82517649699997], [144.95599301700008, -37.82304007699997], [144.96138866600006, -37.82050130699997]]]}}, {"id": "113", "type": "Feature", "properties": {"sal_name": "Spotswood", "suburb": "Spotswood"}, "geometry": {"type": "Polygon", "coordinates": [[[144.87115290100007, -37.82422916099995], [144.8810957600001, -37.82528412199997], [144.88120460000005, -37.82470687199998], [144.88431370900003, -37.82460108199996], [144.88689465900006, -37.82256607199997], [144.88895964800008, -37.82464804199998], [144.8930835980001, -37.825529992999975], [144.8949311870001, -37.82698712299998], [144.8958627070001, -37.82178348299993], [144.90556845600008, -37.82287487399998], [144.899649586, -37.82791693299998], [144.8977136960001, -37.830782932999966], [144.897224885, -37.838326922999954], [144.8915760760001, -37.838131972999975], [144.8924439760001, -37.83946583299996], [144.88410189800004, -37.83864974199997], [144.8844989480001, -37.837113891999934], [144.881992598, -37.83492954199994], [144.86700114200005, -37.824628910999934], [144.87115290100007, -37.82422916099995]]]}}, {"id": "114", "type": "Feature", "properties": {"sal_name": "Springvale (Vic.)", "suburb": "Springvale"}, "geometry": {"type": "Polygon", "coordinates": [[[145.14337452300003, -37.92454819999995], [145.15674582000008, -37.93313454099996], [145.18344366500003, -37.93648411299995], [145.18310286500002, -37.93830786299998], [145.18580189400006, -37.938980853999965], [145.18706391400008, -37.940237853999975], [145.18656288300008, -37.944478853999954], [145.18495688400003, -37.946156852999934], [145.1815538740001, -37.946429862999935], [145.18072189400004, -37.95096386299997], [145.17600638500005, -37.95051221299997], [145.17265404600005, -37.947528982999984], [145.17161788600004, -37.948410862999935], [145.16996286500012, -37.957179862999965], [145.162687096, -37.95648435199996], [145.16371070600007, -37.95726079199994], [145.1623658960001, -37.96071485199997], [145.16290237600003, -37.96149267199996], [145.16248295600008, -37.96366660199993], [145.1365874500001, -37.96048430999997], [145.1400877320001, -37.942352719999974], [145.139691082, -37.93947592999996], [145.14337452300003, -37.92454819999995]]]}}, {"id": "115", "type": "Feature", "properties": {"sal_name": "St Albans (Vic.)", "suburb": "St Albans"}, "geometry": {"type": "Polygon", "coordinates": [[[144.81528982100008, -37.72969779699997], [144.82909999700007, -37.746081697999955], [144.82775354700004, -37.747548267999946], [144.83063251700003, -37.747893257999976], [144.83166360600012, -37.74960394799996], [144.82948346700005, -37.75080624799995], [144.82911397700002, -37.75233982799995], [144.8221569970001, -37.75772911699994], [144.81865796700004, -37.76331882699998], [144.81193254800007, -37.76848632699995], [144.80627625900001, -37.76819319599997], [144.804912069, -37.765022295999984], [144.80078198, -37.76338983599993], [144.80121655000005, -37.76082377599994], [144.79925522100007, -37.76053108599996], [144.79751972100007, -37.75851968599994], [144.79471984200006, -37.758222805999935], [144.79738945200006, -37.75654588599997], [144.79246152300004, -37.74800077499998], [144.77872485600005, -37.746620243999985], [144.78201346700007, -37.727555534999965], [144.80185486400012, -37.72817393599996], [144.81528982100008, -37.72969779699997]]]}}, {"id": "116", "type": "Feature", "properties": {"sal_name": "St Kilda (Vic.)", "suburb": "St Kilda"}, "geometry": {"type": "Polygon", "coordinates": [[[144.99063486600005, -37.866839109999944], [144.991099436, -37.86752913999993], [144.9901779160001, -37.87207983999997], [144.98755192600004, -37.87028783899996], [144.98609692600007, -37.87093883899996], [144.98597899600009, -37.871812588999944], [144.9807123370001, -37.873058268999955], [144.9804478970001, -37.87380283899995], [144.97750395800006, -37.874388848999956], [144.97757271700004, -37.875059678999946], [144.97450646800007, -37.876261528999976], [144.9742852380001, -37.873495498999944], [144.9731192490001, -37.872474487999966], [144.97548495800004, -37.87159686899997], [144.97561277800003, -37.87024785899996], [144.9696868200001, -37.86457587799998], [144.97227493000003, -37.862902847999976], [144.97262453000008, -37.86116613799993], [144.9731829000001, -37.86156984799993], [144.97669744900008, -37.85931591899998], [144.97653688900004, -37.85831110899994], [144.97065882100003, -37.85353971799998], [144.97430787100006, -37.85217868799998], [144.97591588000012, -37.85388396899998], [144.97905491000006, -37.85274876899996], [144.979867989, -37.854312998999944], [144.9816686790001, -37.85532091899995], [144.9825777090001, -37.85551377899998], [144.98221091900007, -37.854504848999966], [144.9834999190001, -37.85467483899998], [144.98332756900004, -37.85564383899998], [144.98990172700007, -37.85652518999996], [144.99328158700007, -37.85789491999998], [144.99262601600003, -37.86158114999995], [144.99160795700004, -37.86145044999995], [144.99197006600002, -37.86435131999997], [144.99110644600012, -37.86424053999997], [144.9914151260001, -37.865780479999955], [144.99063486600005, -37.866839109999944]]]}}, {"id": "117", "type": "Feature", "properties": {"sal_name": "St Kilda East", "suburb": "St Kilda East"}, "geometry": {"type": "Polygon", "coordinates": [[[144.99328158700007, -37.85789491999998], [145.01052754300008, -37.86021208099993], [145.0071793620001, -37.87803853099996], [144.9980100140001, -37.87690325999995], [145.000041645, -37.86644192999995], [144.99091744600003, -37.86530802999994], [144.99110644600012, -37.86424053999997], [144.99197006600002, -37.86435131999997], [144.99160795700004, -37.86145044999995], [144.99262601600003, -37.86158114999995], [144.99328158700007, -37.85789491999998]]]}}, {"id": "118", "type": "Feature", "properties": {"sal_name": "St Kilda West", "suburb": "St Kilda West"}, "geometry": {"type": "Polygon", "coordinates": [[[144.97017822100008, -37.853719627999965], [144.9752279600001, -37.85705521899996], [144.97669744900008, -37.85931591899998], [144.9731829000001, -37.86156984799993], [144.97262453000008, -37.86116613799993], [144.9726939100001, -37.862339737999946], [144.97112248000008, -37.863329067999985], [144.9703139300001, -37.860773827999935], [144.96568551100006, -37.85749390799998], [144.96828139100012, -37.85438383799993], [144.97017822100008, -37.853719627999965]]]}}, {"id": "119", "type": "Feature", "properties": {"sal_name": "Sunbury", "suburb": "Sunbury"}, "geometry": {"type": "Polygon", "coordinates": [[[144.71079419600005, -37.48235750799995], [144.7136884250001, -37.483922777999965], [144.71184047500003, -37.48639679799993], [144.71229047500003, -37.48761581799994], [144.7150554650001, -37.48674278899995], [144.71883441400007, -37.48734775899993], [144.71953536400008, -37.483678708999946], [144.72079534400007, -37.48315267899994], [144.72618135300002, -37.48651765899996], [144.73252626200008, -37.48731861999994], [144.73583429100006, -37.49156164999994], [144.7395183100001, -37.49384362999996], [144.74057129000005, -37.49317062999995], [144.73905724000008, -37.48968559999997], [144.74013924000008, -37.489269589999935], [144.74545623900008, -37.49213561099998], [144.74586623900007, -37.49387861099996], [144.75021725800002, -37.496584620999954], [144.75194520700006, -37.49700463099998], [144.75753637600008, -37.49482516099994], [144.75977222500012, -37.50159461199996], [144.76100351500008, -37.501733781999974], [144.76043221500004, -37.49950886199997], [144.7627916450001, -37.49955099199997], [144.76626714400004, -37.50263854199994], [144.76628002400003, -37.50513083199996], [144.76996901300004, -37.50663282199997], [144.76833899300004, -37.508898811999984], [144.7702139920001, -37.51555182199996], [144.76825402200006, -37.517307821999964], [144.77009800200005, -37.52039782199995], [144.76757398200004, -37.521741831999975], [144.76926200100002, -37.52287482199995], [144.7700870110001, -37.52579483299996], [144.772688, -37.52661682299998], [144.77117099100008, -37.52823483299994], [144.77164198000003, -37.52976082299995], [144.77677000900007, -37.530166822999945], [144.7754969990001, -37.534196822999945], [144.77709602900006, -37.53588282299995], [144.77559299900008, -37.536578832999965], [144.77862099800006, -37.538375832999975], [144.7760869880001, -37.54108782299994], [144.7793271280001, -37.54196005299997], [144.77683300800004, -37.54475381299994], [144.77811601700012, -37.54657283299997], [144.77564299800008, -37.54638683299993], [144.77556101800008, -37.547502822999945], [144.77388753800005, -37.54729149299993], [144.77462789700007, -37.55147777299993], [144.77318899800002, -37.55284782299998], [144.7714060080001, -37.552373812999974], [144.7703210080001, -37.552891812999974], [144.7711709880001, -37.55425782299994], [144.77032002800001, -37.55792681299994], [144.7718109770001, -37.55809383299993], [144.77331400700007, -37.56140281299997], [144.77197215700005, -37.56304702299997], [144.76975938700002, -37.56276684299996], [144.7691389570001, -37.566476662999946], [144.7728336660001, -37.56616851299998], [144.77590908600007, -37.56722597299995], [144.77740175500003, -37.56960351299995], [144.77714008500004, -37.572380212999974], [144.77539341500005, -37.574241022999956], [144.77430698500007, -37.57737383299997], [144.7720349750001, -37.57906182299996], [144.77404400400007, -37.580313832999934], [144.77385398400008, -37.582216812999945], [144.76995399500004, -37.583975832999954], [144.76013097700002, -37.58261282199993], [144.7599739850001, -37.59859982199998], [144.769619002, -37.60657082299997], [144.77572698100005, -37.610324822999985], [144.7805040300001, -37.615121803999955], [144.77972500900012, -37.61838982399996], [144.7771600100001, -37.62084783399996], [144.7762520000001, -37.62316482399996], [144.76978098000006, -37.62473582299998], [144.76903098100001, -37.62402783299996], [144.77024599100002, -37.622539822999954], [144.76997900100002, -37.62129482299997], [144.76379798200003, -37.62277782299998], [144.75754801300002, -37.618674821999946], [144.75621700300007, -37.61903782199994], [144.75486599300007, -37.62137981199993], [144.7516980140001, -37.62137981199993], [144.75170699400007, -37.616791811999974], [144.74846801500007, -37.61869983199995], [144.7095181420001, -37.61421485899996], [144.69972107500007, -37.60405681799995], [144.69132300700005, -37.59364362799994], [144.6817380000001, -37.579565386999946], [144.6644874860001, -37.55911805599993], [144.65609880800002, -37.55286724499996], [144.64805932000002, -37.54289128399995], [144.641248452, -37.53829201399998], [144.63241534400004, -37.53010833299993], [144.638057956, -37.49948876299993], [144.64503453600003, -37.49503080399995], [144.64803253500008, -37.49685878399998], [144.64908749500012, -37.49612774399998], [144.651283475, -37.49651172399996], [144.6516009940001, -37.49883384399993], [144.6552544530001, -37.49989769499996], [144.65652841300005, -37.50004167499998], [144.65975388300012, -37.498367834999954], [144.66053005300012, -37.49912879499993], [144.66338486200004, -37.49875385499996], [144.66581730200005, -37.50110655499998], [144.66787911100005, -37.49822985499998], [144.67136391100007, -37.498854825999956], [144.67377919000012, -37.50041942599995], [144.67515714, -37.49878140599998], [144.67886410900007, -37.499516365999966], [144.6817510090001, -37.497831315999974], [144.6799090400001, -37.49617830599993], [144.67787807000002, -37.49646834599997], [144.67835001000003, -37.49438629599996], [144.6836679490001, -37.49249121599996], [144.68498796900008, -37.495558236999955], [144.68623791900006, -37.49468420699998], [144.68609289900007, -37.49301019699993], [144.68929186800005, -37.49330515699995], [144.6880368190001, -37.490348136999955], [144.69168170900002, -37.48668106699995], [144.69254770800012, -37.48698204699997], [144.6923397280001, -37.48852405699995], [144.69299274800005, -37.48916706699998], [144.69752871700007, -37.48924600699996], [144.69779665700003, -37.488247996999974], [144.69653766800002, -37.487192006999976], [144.69619861800004, -37.48504899699998], [144.6998675970001, -37.48482993799996], [144.70081053800004, -37.48192889799998], [144.70173048700008, -37.482437887999936], [144.70195758700004, -37.48526291799993], [144.70319453700006, -37.48482089799995], [144.704670447, -37.48235186799997], [144.71079419600005, -37.48235750799995]]]}}, {"id": "120", "type": "Feature", "properties": {"sal_name": "Sunshine (Vic.)", "suburb": "Sunshine"}, "geometry": {"type": "Polygon", "coordinates": [[[144.8392299400001, -37.796917108999935], [144.84370961900004, -37.80285688899994], [144.83857896000006, -37.802261828999974], [144.83297370000003, -37.80291702799997], [144.832066961, -37.80122183799995], [144.83038096100006, -37.80119981799993], [144.82989196100004, -37.800407837999956], [144.83002997100004, -37.799379827999985], [144.83260497100002, -37.79860482799995], [144.83069796100006, -37.796959827999956], [144.82731897200006, -37.79920281799997], [144.82200596300004, -37.80128982799994], [144.82083996300003, -37.79893282799998], [144.82243578300006, -37.79756262799998], [144.8216322730001, -37.797393667999984], [144.82169297300004, -37.79578081799997], [144.8232869630001, -37.79388582799993], [144.8261335630001, -37.79344459799995], [144.8249228530001, -37.79116303799998], [144.82568997300007, -37.79040582799996], [144.8255005430001, -37.788102857999945], [144.82422683400011, -37.786101617999975], [144.82082971400007, -37.78714921799997], [144.8169881650001, -37.78664013699995], [144.81491240600008, -37.78463915699996], [144.81535580600007, -37.78410838699995], [144.8273419630001, -37.785357827999974], [144.82792086400002, -37.78182813799998], [144.8240165950001, -37.77660421799993], [144.8471717210001, -37.77906286899997], [144.84480476900012, -37.793543118999935], [144.84392376900007, -37.795100108999975], [144.8418138500001, -37.79633213899996], [144.84251785900005, -37.797297138999966], [144.8392299400001, -37.796917108999935]]]}}, {"id": "121", "type": "Feature", "properties": {"sal_name": "Sunshine North", "suburb": "Sunshine North"}, "geometry": {"type": "Polygon", "coordinates": [[[144.8335085760001, -37.75065156799997], [144.83929243500006, -37.746616168999935], [144.84080043500012, -37.747436178999976], [144.84507042400003, -37.746577128999945], [144.84686494400012, -37.748051878999945], [144.84959762300002, -37.75459023899998], [144.84835359200008, -37.75906033899997], [144.84866391200012, -37.76045678899993], [144.853856951, -37.76241582999995], [144.854097711, -37.76536646999995], [144.85121778100006, -37.76844456999993], [144.85074872100006, -37.773416689999976], [144.84822073100008, -37.77309970899995], [144.8471717210001, -37.77906286899997], [144.8240165950001, -37.77660421799993], [144.81589925700007, -37.76587965699997], [144.81865796700004, -37.76331882699998], [144.8221569970001, -37.75772911699994], [144.82911397700002, -37.75233982799995], [144.82948346700005, -37.75080624799995], [144.83166360600012, -37.74960394799996], [144.8335085760001, -37.75065156799997]]]}}, {"id": "122", "type": "Feature", "properties": {"sal_name": "Sunshine West", "suburb": "Sunshine West"}, "geometry": {"type": "Polygon", "coordinates": [[[144.80560096500005, -37.802967826999975], [144.80701110500002, -37.80279081699996], [144.80226296600006, -37.80062182599994], [144.7892077580001, -37.800197615999934], [144.78974207900012, -37.79588460599996], [144.78805997900008, -37.79543482499997], [144.78783597900008, -37.79221682499997], [144.78855999000007, -37.788083814999936], [144.7903009700001, -37.784352834999936], [144.7891378600001, -37.784242794999955], [144.79060618000005, -37.78151911499998], [144.81535580600007, -37.78410838699995], [144.81526689500004, -37.785421276999955], [144.8169881650001, -37.78664013699995], [144.82082971400007, -37.78714921799997], [144.82430283400004, -37.78613171799998], [144.82576159300004, -37.788994127999956], [144.8249228530001, -37.79116303799998], [144.82615626300003, -37.793344237999975], [144.8232869630001, -37.79388582799993], [144.82169297300004, -37.79578081799997], [144.8216322730001, -37.797393667999984], [144.82243578300006, -37.79756262799998], [144.82088398300004, -37.79875681799996], [144.82145094300006, -37.800520837999954], [144.82246097200004, -37.80127683799998], [144.83069796100006, -37.796959827999956], [144.83260497100002, -37.79860482799995], [144.82983794100005, -37.799544827999966], [144.83010695100006, -37.80092982799994], [144.83224797100002, -37.80138983799998], [144.83477096000001, -37.80597181899998], [144.83076596000012, -37.810375817999955], [144.8283519900001, -37.81186782799995], [144.82882295000002, -37.815503837999984], [144.8267661000001, -37.81688683799996], [144.80909459300005, -37.81540543699998], [144.8083213440001, -37.81042073699996], [144.80684765400008, -37.80938605699998], [144.80664497500004, -37.80446482699995], [144.80560096500005, -37.802967826999975]]]}}, {"id": "123", "type": "Feature", "properties": {"sal_name": "Surrey Hills", "suburb": "Surrey Hills"}, "geometry": {"type": "Polygon", "coordinates": [[[145.09298694400002, -37.81381635599996], [145.10216461200002, -37.814858536999964], [145.10007988200005, -37.82385545699998], [145.10277697100003, -37.82317093699993], [145.1134934490001, -37.82492072799994], [145.11111999800005, -37.837650947999975], [145.0982131610001, -37.835964926999964], [145.0938113320001, -37.83608896699997], [145.09392102200002, -37.835474826999985], [145.0916486320001, -37.83521173599996], [145.0917449220001, -37.83464084599996], [145.08565796300002, -37.83409195599995], [145.08764590400006, -37.82529185599998], [145.08665292400008, -37.82517474599996], [145.08622521400002, -37.82374525599994], [145.08849748500006, -37.81369161599997], [145.09067109400007, -37.81395238599998], [145.09196615400003, -37.81287620599994], [145.09298694400002, -37.81381635599996]]]}}, {"id": "124", "type": "Feature", "properties": {"sal_name": "Thornbury", "suburb": "Thornbury"}, "geometry": {"type": "Polygon", "coordinates": [[[144.98084682, -37.75025784799993], [145.03137394100008, -37.755718841999965], [145.03225279100002, -37.75677521199998], [145.0291158010001, -37.75778624199995], [145.02993588100003, -37.76022428199997], [145.0284269010001, -37.76148731199993], [145.027836911, -37.76358508199996], [145.03071150000005, -37.76502075199994], [145.03120918000002, -37.76661876199995], [144.98645321800007, -37.761230428999966], [144.98567375800008, -37.76076587899996], [144.98590476900006, -37.75960650899998], [144.98095282000008, -37.75888461799997], [144.97924589000002, -37.754209867999975], [144.98182327000006, -37.75209133799996], [144.98084682, -37.75025784799993]]]}}, {"id": "125", "type": "Feature", "properties": {"sal_name": "Toorak", "suburb": "Toorak"}, "geometry": {"type": "Polygon", "coordinates": [[[145.0126291460001, -37.83051251099994], [145.01683211500006, -37.83224587099994], [145.01918107500012, -37.83160986099995], [145.02173293400006, -37.83233483199996], [145.02270204400008, -37.833987811999975], [145.02462391400002, -37.83448585199994], [145.0280739330001, -37.83766585199993], [145.03269191200002, -37.83734284199994], [145.03098992200012, -37.84419785199998], [145.03001299200002, -37.845349331999955], [145.03085169100007, -37.845828291999965], [145.0294958610001, -37.85153741199997], [145.0031923560001, -37.848089509999966], [145.0064482370001, -37.831562959999985], [145.00971224600005, -37.83350792099998], [145.0108441860001, -37.83144892099995], [145.0126291460001, -37.83051251099994]]]}}, {"id": "126", "type": "Feature", "properties": {"sal_name": "Travancore", "suburb": "Travancore"}, "geometry": {"type": "Polygon", "coordinates": [[[144.93009594600005, -37.77702182499996], [144.93708011500007, -37.777761054999985], [144.9387391140001, -37.78084400599994], [144.93993284400005, -37.787002005999966], [144.93765907400007, -37.784321354999975], [144.93334692500002, -37.78207784499995], [144.92991078600005, -37.77775611499993], [144.93009594600005, -37.77702182499996]]]}}, {"id": "127", "type": "Feature", "properties": {"sal_name": "Werribee", "suburb": "Werribee"}, "geometry": {"type": "Polygon", "coordinates": [[[144.69351502300003, -37.90761980999997], [144.6274360530001, -37.93019805499995], [144.60021698600008, -37.945397613999944], [144.5973269870001, -37.941898822999974], [144.578842, -37.939827811999976], [144.58032350100007, -37.93135430199993], [144.5822106600001, -37.93072367199994], [144.58163604100002, -37.92977689199995], [144.59107811900003, -37.926080782999975], [144.58775735000006, -37.92571424299996], [144.5929771420001, -37.897546802999955], [144.62883626500002, -37.90175576499996], [144.63112255500005, -37.90005204499994], [144.63123650600005, -37.89289324499998], [144.6328701760001, -37.88886250599995], [144.63376007600004, -37.888973765999935], [144.6344586560001, -37.88700206599998], [144.6425567240001, -37.88790181599995], [144.64037566500008, -37.88340185599998], [144.64254296500008, -37.880070805999935], [144.64232754500006, -37.87875486599995], [144.64876938400005, -37.879873756999984], [144.65227218400003, -37.87687172699998], [144.65239916400003, -37.875470726999936], [144.65127416400003, -37.87462875699998], [144.65203913400012, -37.87362172699994], [144.65086456500012, -37.870342526999934], [144.66279243300005, -37.87104544699997], [144.66272049300005, -37.87156333699994], [144.665107002, -37.871806137999954], [144.66445938200002, -37.87558595799993], [144.6828967790001, -37.877580258999956], [144.68053346700003, -37.89154674899993], [144.70040921500004, -37.88349263999993], [144.70092882500012, -37.88440048999996], [144.71228492300008, -37.87945663099998], [144.70944898300002, -37.88383497099994], [144.71027056200012, -37.89067826099995], [144.70716072200003, -37.89830539099995], [144.69351502300003, -37.90761980999997]]]}}, {"id": "128", "type": "Feature", "properties": {"sal_name": "West Footscray", "suburb": "West Footscray"}, "geometry": {"type": "Polygon", "coordinates": [[[144.88621470100009, -37.802160071999936], [144.87013996300004, -37.81093082099994], [144.86022236500003, -37.813708229999975], [144.85991455500005, -37.81300361999996], [144.86197392500003, -37.80308298999995], [144.86019893600007, -37.80267382999995], [144.8607379660001, -37.79937682999997], [144.86205294600006, -37.799525829999936], [144.86391558700006, -37.78947349099997], [144.8788757640001, -37.79114613199994], [144.87935745400011, -37.79040328199994], [144.88269176300003, -37.79077263199997], [144.88138783300008, -37.797832581999955], [144.87991940300003, -37.797685341999966], [144.879285943, -37.80117383199996], [144.88126256200007, -37.80207095199995], [144.88621470100009, -37.802160071999936]]]}}, {"id": "129", "type": "Feature", "properties": {"sal_name": "West Melbourne", "suburb": "West Melbourne"}, "geometry": {"type": "Polygon", "coordinates": [[[144.95645247800007, -37.81174164699996], [144.9503346790001, -37.813466776999974], [144.94782943000007, -37.81094326599998], [144.94319294000002, -37.81252684599997], [144.93502592200002, -37.80944583499996], [144.93444379200002, -37.81266651499993], [144.93240990200002, -37.815076534999946], [144.91990018400008, -37.818531683999936], [144.92037665300006, -37.82001752499997], [144.9128737850001, -37.82102883399995], [144.90703889500003, -37.82329584399997], [144.90556845600008, -37.82287487399998], [144.90664440600005, -37.82100685399996], [144.90557531700006, -37.81275886299994], [144.90823124700012, -37.80459172399998], [144.910989147, -37.80008866399993], [144.91277709700012, -37.79956463399998], [144.91481106700007, -37.80022262399996], [144.91649936600004, -37.79820110399993], [144.93236781300004, -37.80081682499997], [144.9378671620001, -37.803076465999936], [144.9410419610001, -37.80537298599995], [144.9420821010001, -37.80435505599996], [144.955993529, -37.80586502699998], [144.95539875800011, -37.80947382699998], [144.95645247800007, -37.81174164699996]]]}}, {"id": "130", "type": "Feature", "properties": {"sal_name": "Williamstown (Vic.)", "suburb": "Williamstown"}, "geometry": {"type": "Polygon", "coordinates": [[[144.88840133600002, -37.85024734299998], [144.89677206400006, -37.85059112299996], [144.89847563400008, -37.851201612999944], [144.90155407300006, -37.85370388299998], [144.90310310200005, -37.85756886399997], [144.90258713200012, -37.85895586399994], [144.90355307200002, -37.859351853999954], [144.90392913200003, -37.861719843999936], [144.90608314100007, -37.86234384399995], [144.90763308100009, -37.861794833999966], [144.90859204100002, -37.86242383399997], [144.90974303100006, -37.86153482399993], [144.9115609900001, -37.862054813999976], [144.9135469900001, -37.86407982399993], [144.9132770000001, -37.86477781399998], [144.9155299990001, -37.865529823999964], [144.9080512600001, -37.87068684399998], [144.90291238100008, -37.87273982399995], [144.89581441200005, -37.870081822999964], [144.89215642300007, -37.867591852999965], [144.8901594340001, -37.86747483299996], [144.888185474, -37.86850284299993], [144.88516849400003, -37.86829487199998], [144.88366050500008, -37.867357881999965], [144.88384248500006, -37.866144891999966], [144.88140147500008, -37.86566890199998], [144.8795495050001, -37.86641891199997], [144.87949154500006, -37.867652901999975], [144.8786265650001, -37.86806989199994], [144.87444253700005, -37.86357897199997], [144.87465149700006, -37.86170999199993], [144.87231546700002, -37.85997902199995], [144.86311450900007, -37.857774140999936], [144.85856953000007, -37.85772217099998], [144.85178035100012, -37.85574290999995], [144.85294039200005, -37.85238713999996], [144.8627002300001, -37.85509563099998], [144.8895443350001, -37.85789256299995], [144.88628598600008, -37.851447141999984], [144.88752676600006, -37.849504991999936], [144.88840133600002, -37.85024734299998]]]}}, {"id": "131", "type": "Feature", "properties": {"sal_name": "Windsor (Vic.)", "suburb": "Windsor"}, "geometry": {"type": "Polygon", "coordinates": [[[144.9823555690001, -37.85042103899997], [145.0024449860001, -37.85307837999994], [145.00137221500006, -37.85899129999996], [144.98332756900004, -37.85564383899998], [144.98359758900006, -37.854126518999976], [144.9817558090001, -37.85325279899996], [144.98371073900012, -37.853491228999985], [144.98383212900012, -37.85279871899996], [144.98145165900007, -37.85241566899998], [144.98121914900003, -37.85177573899995], [144.9824586090001, -37.851863468999966], [144.9823555690001, -37.85042103899997]]]}}, {"id": "132", "type": "Feature", "properties": {"sal_name": "Yarraville", "suburb": "Yarraville"}, "geometry": {"type": "Polygon", "coordinates": [[[144.88416848100007, -37.809202651999954], [144.89076063000005, -37.809288651999964], [144.89849296800003, -37.81073983299996], [144.89826429800007, -37.811238722999974], [144.90106256800004, -37.81204206299998], [144.89985697800012, -37.81466079299997], [144.90545837700006, -37.81527786299995], [144.90660743600006, -37.820160863999945], [144.906137456, -37.822238863999985], [144.90556845600008, -37.82287487399998], [144.8958627070001, -37.82178348299993], [144.8949311870001, -37.82698712299998], [144.8930835980001, -37.825529992999975], [144.88895964800008, -37.82464804199998], [144.88689465900006, -37.82256607199997], [144.88431370900003, -37.82460108199996], [144.88120460000005, -37.82470687199998], [144.8810957600001, -37.82528412199997], [144.87094391200003, -37.82421917099998], [144.8577948940001, -37.824433899999974], [144.85984002500004, -37.81382027999996], [144.8692338830001, -37.81118849099994], [144.88347151100004, -37.81281120199998], [144.88416848100007, -37.809202651999954]]]}}]}